product_id,sku,name,category,description,currency,unit_price,stock_availability,unit_of_measure,status,created_at,updated_at
SWP-31501173,SW-2D-SIGN-19035-299,QUICKSIGN 2D Sign – 2D001 Fire Extinguisher,2D Sign,Safetyware catalog item from category '2D Sign'. Source: https://safetyware.com/product/quicksign-2d-sign-2d001-fire-extinguisher/. Public catalog price was unavailable; unit_price is an estimated average for similar products in this category.,RM,19.14,102,pack,active,2026-06-15T13:25:21.657742+00:00,2026-06-15T13:25:21.657742+00:00
SWP-44761647,SW-2D-SIGN-19070-610,QUICKSIGN 2D Sign – 2D002 Fire Hose Reel,2D Sign,Safetyware catalog item from category '2D Sign'. Source: https://safetyware.com/product/quicksign-2d-sign-2d002-fire-hose-reel/. Public catalog price was unavailable; unit_price is an estimated average for similar products in this category.,RM,44.74,371,pack,active,2026-06-15T13:25:21.657742+00:00,2026-06-15T13:25:21.657742+00:00
SWP-36563513,SW-2D-SIGN-19091-607,QUICKSIGN 2D Sign – 2D003 Fire Alarm,2D Sign,Safetyware catalog item from category '2D Sign'. Source: https://safetyware.com/product/quicksign-2d-sign-2d003-fire-alarm/. Public catalog price was unavailable; unit_price is an estimated average for similar products in this category.,RM,41.92,56,pack,active,2026-06-15T13:25:21.657742+00:00,2026-06-15T13:25:21.657742+00:00
SWP-13346942,SW-2D-SIGN-26373-989,QUICKSIGN 2D Sign – 2D004 Emergency Telephone,2D Sign,Safetyware catalog item from category '2D Sign'. Source: https://safetyware.com/product/quicksign-2d-sign-2d004-emergency-telephone/. Public catalog price was unavailable; unit_price is an estimated average for similar products in this category.,RM,43.07,266,pack,active,2026-06-15T13:25:21.657742+00:00,2026-06-15T13:25:21.657742+00:00
SWP-46318126,SW-2D-SIGN-26352-726,QUICKSIGN 2D Sign – 2D005 CO2 Fire Extinguisher,2D Sign,Safetyware catalog item from category '2D Sign'. Source: https://safetyware.com/product/quicksign-2d-sign-2d005-co2-fire-extinguisher/. Public catalog price was unavailable; unit_price is an estimated average for similar products in this category.,RM,39.14,338,pack,active,2026-06-15T13:25:21.657742+00:00,2026-06-15T13:25:21.657742+00:00
SWP-95185137,SW-2D-SIGN-26331-289,QUICKSIGN 2D Sign – 2D006 Fire Extinguisher (Arrow Down),2D Sign,Safetyware catalog item from category '2D Sign'. Source: https://safetyware.com/product/quicksign-2d-sign-2d006-fire-extinguisher-arrow-down/. Public catalog price was unavailable; unit_price is an estimated average for similar products in this category.,RM,35.02,344,pack,active,2026-06-15T13:25:21.657742+00:00,2026-06-15T13:25:21.657742+00:00
SWP-57962565,SW-2D-SIGN-26237-483,QUICKSIGN 2D Sign – 2D007 Fire Extinguisher,2D Sign,Safetyware catalog item from category '2D Sign'. Source: https://safetyware.com/product/quicksign-2d-sign-2d007-fire-extinguisher/. Public catalog price was unavailable; unit_price is an estimated average for similar products in this category.,RM,43.85,193,pack,active,2026-06-15T13:25:21.657742+00:00,2026-06-15T13:25:21.657742+00:00
SWP-50964512,SW-2D-SIGN-26268-422,QUICKSIGN 2D Sign – 2D008 Fire Hose Reel,2D Sign,Safetyware catalog item from category '2D Sign'. Source: https://safetyware.com/product/quicksign-2d-sign-2d008-fire-hose-reel/. Public catalog price was unavailable; unit_price is an estimated average for similar products in this category.,RM,18.10,369,pack,active,2026-06-15T13:25:21.657742+00:00,2026-06-15T13:25:21.657742+00:00
SWP-15293792,SW-2D-SIGN-26289-443,QUICKSIGN 2D Sign – 2D009 Fire Alarm,2D Sign,Safetyware catalog item from category '2D Sign'. Source: https://safetyware.com/product/quicksign-2d-sign-2d009-fire-alarm/. Public catalog price was unavailable; unit_price is an estimated average for similar products in this category.,RM,49.08,134,pack,active,2026-06-15T13:25:21.657742+00:00,2026-06-15T13:25:21.657742+00:00
SWP-71503007,SW-2D-SIGN-26310-575,QUICKSIGN 2D Sign – 2D010 In case of fire break glass,2D Sign,Safetyware catalog item from category '2D Sign'. Source: https://safetyware.com/product/quicksign-2d-sign-2d010-in-case-of-fire-break-glass/. Public catalog price was unavailable; unit_price is an estimated average for similar products in this category.,RM,48.93,77,pack,active,2026-06-15T13:25:21.657742+00:00,2026-06-15T13:25:21.657742+00:00
SWP-65387039,SW-3D-SIGN-19854-963,QUICKSIGN 3D Sign – 3D001 Fire Extinguisher,3D Sign,Safetyware catalog item from category '3D Sign'. Source: https://safetyware.com/product/quicksign-3d-sign-3d001-fire-extinguisher/. Public catalog price was unavailable; unit_price is an estimated average for similar products in this category.,RM,20.81,99,pack,active,2026-06-15T13:25:21.657742+00:00,2026-06-15T13:25:21.657742+00:00
SWP-19010901,SW-3D-SIGN-20270-819,QUICKSIGN 3D Sign – 3D002 Fire Hose Reel,3D Sign,Safetyware catalog item from category '3D Sign'. Source: https://safetyware.com/product/quicksign-3d-sign-3d002-fire-hose-reel/. Public catalog price was unavailable; unit_price is an estimated average for similar products in this category.,RM,27.91,317,pack,active,2026-06-15T13:25:21.657742+00:00,2026-06-15T13:25:21.657742+00:00
SWP-13806535,SW-3D-SIGN-20291-185,QUICKSIGN 3D Sign – 3D003 Fire Alarm,3D Sign,Safetyware catalog item from category '3D Sign'. Source: https://safetyware.com/product/quicksign-3d-sign-3d003-fire-alarm/. Public catalog price was unavailable; unit_price is an estimated average for similar products in this category.,RM,48.86,292,pack,active,2026-06-15T13:25:21.657742+00:00,2026-06-15T13:25:21.657742+00:00
SWP-54559292,SW-3D-SIGN-30725-267,QUICKSIGN 3D Sign – 3D004 Emergency Telephone (Icon),3D Sign,Safetyware catalog item from category '3D Sign'. Source: https://safetyware.com/product/quicksign-3d-sign-3d004-emergency-telephone-icon/. Public catalog price was unavailable; unit_price is an estimated average for similar products in this category.,RM,12.16,468,pack,active,2026-06-15T13:25:21.657742+00:00,2026-06-15T13:25:21.657742+00:00
SWP-90699381,SW-3D-SIGN-30749-479,QUICKSIGN 3D Sign – 3D005 CO2 Fire Extinguisher,3D Sign,Safetyware catalog item from category '3D Sign'. Source: https://safetyware.com/product/quicksign-3d-sign-3d005-co2-fire-extinguisher/. Public catalog price was unavailable; unit_price is an estimated average for similar products in this category.,RM,49.18,171,pack,active,2026-06-15T13:25:21.657742+00:00,2026-06-15T13:25:21.657742+00:00
SWP-60974511,SW-3D-SIGN-30769-736,QUICKSIGN 3D Sign – 3D006 Fire Extinguisher (Arrow Down),3D Sign,Safetyware catalog item from category '3D Sign'. Source: https://safetyware.com/product/quicksign-3d-sign-3d006-fire-extinguisher-arrow-down/. Public catalog price was unavailable; unit_price is an estimated average for similar products in this category.,RM,19.89,71,pack,active,2026-06-15T13:25:21.657742+00:00,2026-06-15T13:25:21.657742+00:00
SWP-96603511,SW-3D-SIGN-30789-584,QUICKSIGN 3D Sign – 3D007 Fire Extinguisher,3D Sign,Safetyware catalog item from category '3D Sign'. Source: https://safetyware.com/product/quicksign-3d-sign-3d007-fire-extinguisher/. Public catalog price was unavailable; unit_price is an estimated average for similar products in this category.,RM,12.18,487,pack,active,2026-06-15T13:25:21.657742+00:00,2026-06-15T13:25:21.657742+00:00
SWP-24917991,SW-3D-SIGN-30809-468,QUICKSIGN 3D Sign – 3D008 Fire Hose Reel,3D Sign,Safetyware catalog item from category '3D Sign'. Source: https://safetyware.com/product/quicksign-3d-sign-3d008-fire-hose-reel/. Public catalog price was unavailable; unit_price is an estimated average for similar products in this category.,RM,20.21,488,pack,active,2026-06-15T13:25:21.657742+00:00,2026-06-15T13:25:21.657742+00:00
SWP-47218347,SW-3D-SIGN-30829-168,QUICKSIGN 3D Sign – 3D009 Fire Alarm,3D Sign,Safetyware catalog item from category '3D Sign'. Source: https://safetyware.com/product/quicksign-3d-sign-3d009-fire-alarm/. Public catalog price was unavailable; unit_price is an estimated average for similar products in this category.,RM,37.54,497,pack,active,2026-06-15T13:25:21.657742+00:00,2026-06-15T13:25:21.657742+00:00
SWP-16485113,SW-3D-SIGN-30849-755,QUICKSIGN 3D Sign – 3D010 In Case of Fire Break Glass,3D Sign,Safetyware catalog item from category '3D Sign'. Source: https://safetyware.com/product/quicksign-3d-sign-3d0010-in-case-of-fire-break-glass/. Public catalog price was unavailable; unit_price is an estimated average for similar products in this category.,RM,36.52,232,pack,active,2026-06-15T13:25:21.657742+00:00,2026-06-15T13:25:21.657742+00:00
SWP-90564055,SW-ACCESSORIES-RESPIRATORY--56437-531,SUNDSTROM Battery Charger for Fan Unit SR 500,Accessories Respiratory Protection,Safetyware catalog item from category 'Accessories Respiratory Protection'. Source: https://safetyware.com/product/sundstrom-battery-charger-for-fan-unit-sr-500/. Public catalog price was unavailable; unit_price is an estimated average for similar products in this category.,RM,162.06,387,pack,active,2026-06-15T13:25:21.657742+00:00,2026-06-15T13:25:21.657742+00:00
SWP-85526124,SW-ACCESSORIES-RESPIRATORY--56438-533,SUNDSTROM Lithium-ion battery for Fan Unit SR 500,Accessories Respiratory Protection,Safetyware catalog item from category 'Accessories Respiratory Protection'. Source: https://safetyware.com/product/sundstrom-lithium-ion-battery-for-fan-unit-sr-500/. Public catalog price was unavailable; unit_price is an estimated average for similar products in this category.,RM,82.75,310,pack,active,2026-06-15T13:25:21.657742+00:00,2026-06-15T13:25:21.657742+00:00
SWP-30577813,SW-ACCESSORIES-RESPIRATORY--56400-796,SUNDSTROM Pressure Controlled Drain for Compressed Air filters,Accessories Respiratory Protection,Safetyware catalog item from category 'Accessories Respiratory Protection'. Source: https://safetyware.com/product/sundstrom-pressure-controlled-drain-for-compressed-air-filters/. Public catalog price was unavailable; unit_price is an estimated average for similar products in this category.,RM,211.33,269,pack,active,2026-06-15T13:25:21.657742+00:00,2026-06-15T13:25:21.657742+00:00
SWP-86568193,SW-ACCESSORIES-RESPIRATORY--56498-935,SUNDSTROM SR 280-3 Filter Adapter,Accessories Respiratory Protection,Safetyware catalog item from category 'Accessories Respiratory Protection'. Source: https://safetyware.com/product/sundstrom-sr-280-3-filter-adapter/. Public catalog price was unavailable; unit_price is an estimated average for similar products in this category.,RM,158.13,244,pack,active,2026-06-15T13:25:21.657742+00:00,2026-06-15T13:25:21.657742+00:00
SWP-68992284,SW-ACCESSORIES-RESPIRATORY--56513-399,SUNDSTROM SR 307 Compressed Air attachment,Accessories Respiratory Protection,Safetyware catalog item from category 'Accessories Respiratory Protection'. Source: https://safetyware.com/product/sundstrom-sr-307-compressed-air-attachment/. Public catalog price was unavailable; unit_price is an estimated average for similar products in this category.,RM,216.82,374,unit,active,2026-06-15T13:25:21.657742+00:00,2026-06-15T13:25:21.657742+00:00
SWP-97123663,SW-ACCESSORIES-RESPIRATORY--56401-416,SUNDSTROM SR 340 Rubber Head Harness,Accessories Respiratory Protection,Safetyware catalog item from category 'Accessories Respiratory Protection'. Source: https://safetyware.com/product/sundstrom-sr-340-rubber-head-harness/. Public catalog price was unavailable; unit_price is an estimated average for similar products in this category.,RM,104.77,365,unit,active,2026-06-15T13:25:21.657742+00:00,2026-06-15T13:25:21.657742+00:00
SWP-88454505,SW-ACCESSORIES-RESPIRATORY--56413-715,SUNDSTROM SR 341 Spectacle Frame,Accessories Respiratory Protection,Safetyware catalog item from category 'Accessories Respiratory Protection'. Source: https://safetyware.com/product/sundstrom-sr-341-spectacle-frame/. Public catalog price was unavailable; unit_price is an estimated average for similar products in this category.,RM,125.33,398,unit,active,2026-06-15T13:25:21.657742+00:00,2026-06-15T13:25:21.657742+00:00
SWP-95707737,SW-ACCESSORIES-RESPIRATORY--56494-843,SUNDSTROM SR 345 Chemical Protective Hood,Accessories Respiratory Protection,Safetyware catalog item from category 'Accessories Respiratory Protection'. Source: https://safetyware.com/product/sundstrom-sr-345-chemical-protective-hood/. Public catalog price was unavailable; unit_price is an estimated average for similar products in this category.,RM,206.02,495,unit,active,2026-06-15T13:25:21.657742+00:00,2026-06-15T13:25:21.657742+00:00
SWP-90839793,SW-ACCESSORIES-RESPIRATORY--56439-118,SUNDSTROM SR 363 Head Hardness for SR 100,Accessories Respiratory Protection,Safetyware catalog item from category 'Accessories Respiratory Protection'. Source: https://safetyware.com/product/sundstrom-sr-363-head-hardness-for-sr-100/. Public catalog price was unavailable; unit_price is an estimated average for similar products in this category.,RM,156.82,402,unit,active,2026-06-15T13:25:21.657742+00:00,2026-06-15T13:25:21.657742+00:00
SWP-90700623,SW-ACCESSORIES-RESPIRATORY--56393-595,SUNDSTROM SR 505 Storage Bag,Accessories Respiratory Protection,Safetyware catalog item from category 'Accessories Respiratory Protection'. Source: https://safetyware.com/product/sundstrom-s-505-storage-bag/. Public catalog price was unavailable; unit_price is an estimated average for similar products in this category.,RM,187.31,227,unit,active,2026-06-15T13:25:21.657742+00:00,2026-06-15T13:25:21.657742+00:00
SWP-38236188,SW-ACCESSORIES-22281-135,KSTRONG Coiled Cable Lanyard,Accessories,Safetyware catalog item from category 'Accessories'. Source: https://safetyware.com/product/kstrong-coiled-cable-lanyard/. Public catalog price was unavailable; unit_price is an estimated average for similar products in this category.,RM,116.50,499,unit,active,2026-06-15T13:25:21.657742+00:00,2026-06-15T13:25:21.657742+00:00
SWP-38553131,SW-ACCESSORIES-23797-111,KSTRONG Essential Work Positioning Waist Belt,Accessories,Safetyware catalog item from category 'Accessories'. Source: https://safetyware.com/product/kstrong-essential-work-positioning-waist-belt/. Public catalog price was unavailable; unit_price is an estimated average for similar products in this category.,RM,299.52,437,unit,active,2026-06-15T13:25:21.657742+00:00,2026-06-15T13:25:21.657742+00:00
SWP-88389911,SW-ACCESSORIES-22293-112,KSTRONG Kaptor™ Single Leg Tool Lanyard with Webbing Loop at Tool End and Connector at Other End,Accessories,Safetyware catalog item from category 'Accessories'. Source: https://safetyware.com/product/kstrong-kaptor-single-leg-tool-lanyard-with-webbing-loop-at-tool-end-and-connector-at-other-end/. Public catalog price was unavailable; unit_price is an estimated average for similar products in this category.,RM,413.22,331,unit,active,2026-06-15T13:25:21.657742+00:00,2026-06-15T13:25:21.657742+00:00
SWP-73083584,SW-ACCESSORIES-23781-444,KSTRONG Rescue Kit Bag 30L,Accessories,Safetyware catalog item from category 'Accessories'. Source: https://safetyware.com/product/kstrong-rescue-kit-bag-30l/. Public catalog price was unavailable; unit_price is an estimated average for similar products in this category.,RM,179.68,477,unit,active,2026-06-15T13:25:21.657742+00:00,2026-06-15T13:25:21.657742+00:00
SWP-23547233,SW-ACCESSORIES-5362-695,KSTRONG Suspension Trauma Strap,Accessories,Safetyware catalog item from category 'Accessories'. Source: https://safetyware.com/product/kstrong-suspension-trauma-strap/. Public catalog price was unavailable; unit_price is an estimated average for similar products in this category.,RM,474.59,370,unit,active,2026-06-15T13:25:21.657742+00:00,2026-06-15T13:25:21.657742+00:00
SWP-23688454,SW-ACCESSORIES-22356-378,KSTRONG Tool Lanyard Single Leg with Steel Karabiner,Accessories,Safetyware catalog item from category 'Accessories'. Source: https://safetyware.com/product/kstrong-tool-lanyard-single-leg-with-steel-karabiner/. Public catalog price was unavailable; unit_price is an estimated average for similar products in this category.,RM,56.48,25,unit,active,2026-06-15T13:25:21.657742+00:00,2026-06-15T13:25:21.657742+00:00
SWP-23874299,SW-ACCESSORIES-22305-528,KSTRONG Tool Lanyard Single Leg with Steel Screw Karabiner,Accessories,Safetyware catalog item from category 'Accessories'. Source: https://safetyware.com/product/kstrong-tool-lanyard-single-leg-with-steel-screw-karabiner/. Public catalog price was unavailable; unit_price is an estimated average for similar products in this category.,RM,449.09,185,unit,active,2026-06-15T13:25:21.657742+00:00,2026-06-15T13:25:21.657742+00:00
SWP-15852402,SW-ACCESSORIES-22345-494,KSTRONG Tool Lanyard Twin Leg with Steel Karabiner,Accessories,Safetyware catalog item from category 'Accessories'. Source: https://safetyware.com/product/kstrong-tool-lanyard-twin-leg-with-steel-karabiner/. Public catalog price was unavailable; unit_price is an estimated average for similar products in this category.,RM,104.41,314,unit,active,2026-06-15T13:25:21.657742+00:00,2026-06-15T13:25:21.657742+00:00
SWP-11285192,SW-ACCESSORIES-22299-723,KSTRONG Tool Lanyard Twin Leg with Steel Screw Karabiner,Accessories,Safetyware catalog item from category 'Accessories'. Source: https://safetyware.com/product/kstrong-tool-lanyard-twin-leg-with-steel-screw-karabiner/. Public catalog price was unavailable; unit_price is an estimated average for similar products in this category.,RM,154.84,257,unit,active,2026-06-15T13:25:21.657742+00:00,2026-06-15T13:25:21.657742+00:00
SWP-69165837,SW-ACCESSORIES-22269-765,KSTRONG Tool Lanyard with Hook to Loop Bungee Tool Tether,Accessories,Safetyware catalog item from category 'Accessories'. Source: https://safetyware.com/product/kstrong-tool-lanyard-with-hook-to-loop-bungee-tool-tether/. Public catalog price was unavailable; unit_price is an estimated average for similar products in this category.,RM,113.57,445,unit,active,2026-06-15T13:25:21.657742+00:00,2026-06-15T13:25:21.657742+00:00
SWP-63739041,SW-ACCESSORIES-AND-BATTERIE-9735-393,ENERGIZER MAX® AA Batteries,Accessories And Batteries,Safetyware catalog item from category 'Accessories And Batteries'. Source: https://safetyware.com/product/energizer-max-aa-batteries/. Public catalog price was unavailable; unit_price is an estimated average for similar products in this category.,RM,281.90,295,unit,active,2026-06-15T13:25:21.657742+00:00,2026-06-15T13:25:21.657742+00:00
SWP-89493836,SW-ACCESSORIES-AND-PARTS-18577-653,SAFETYWARE EPE01 Portable Emergency Bottle,Accessories And Parts,Safetyware catalog item from category 'Accessories And Parts'. Source: https://safetyware.com/product/safetyware-epe01portable-emergency-bottle/. Public catalog price was unavailable; unit_price is an estimated average for similar products in this category.,RM,432.04,146,unit,active,2026-06-15T13:25:21.657742+00:00,2026-06-15T13:25:21.657742+00:00
SWP-66300078,SW-ACCESSORIES-AND-PARTS-18578-260,OPTO-PHARM EWB947 Buffered Isotonic Saline Eyewash Solution,Accessories And Parts,Safetyware catalog item from category 'Accessories And Parts'. Source: https://safetyware.com/product/opto-pharm-ewb947-buffered-isotonic-saline-eyewash-solution/. Public catalog price was unavailable; unit_price is an estimated average for similar products in this category.,RM,497.35,60,unit,active,2026-06-15T13:25:21.657742+00:00,2026-06-15T13:25:21.657742+00:00
SWP-13633292,SW-ACCESSORIES-AND-PARTS-18772-725,SAFETYWARE ESESR966 Stainless Steel Shower Rail,Accessories And Parts,Safetyware catalog item from category 'Accessories And Parts'. Source: https://safetyware.com/product/safetyware-esesr966-stainless-steel-shower-rail/. Public catalog price was unavailable; unit_price is an estimated average for similar products in this category.,RM,390.19,223,unit,active,2026-06-15T13:25:21.657742+00:00,2026-06-15T13:25:21.657742+00:00
SWP-53352091,SW-ACCESSORIES-AND-PARTS-18773-638,SAFETYWARE ESESCW-1820 Shower Curtain with Ring,Accessories And Parts,Safetyware catalog item from category 'Accessories And Parts'. Source: https://safetyware.com/product/safetyware-esescw-1820-shower-curtain-with-ring/. Public catalog price was unavailable; unit_price is an estimated average for similar products in this category.,RM,491.18,197,unit,active,2026-06-15T13:25:21.657742+00:00,2026-06-15T13:25:21.657742+00:00
SWP-61535327,SW-ACCESSORIES-AND-PARTS-18774-192,SAFETYWARE ESESCW-1825 Shower Curtain with Ring,Accessories And Parts,Safetyware catalog item from category 'Accessories And Parts'. Source: https://safetyware.com/product/safetyware-esescw-1825-shower-curtain-with-ring/. Public catalog price was unavailable; unit_price is an estimated average for similar products in this category.,RM,321.93,20,unit,active,2026-06-15T13:25:21.657742+00:00,2026-06-15T13:25:21.657742+00:00
SWP-45726987,SW-ACCESSORIES-AND-PARTS-18775-284,SAFETYWARE ESEP100SS Stainless Steel Eyewash Bowl (Accessories),Accessories And Parts,Safetyware catalog item from category 'Accessories And Parts'. Source: https://safetyware.com/product/safetyware-esep100ss-stainless-steel-eye-wash-bowl/. Public catalog price was unavailable; unit_price is an estimated average for similar products in this category.,RM,474.15,95,unit,active,2026-06-15T13:25:21.657742+00:00,2026-06-15T13:25:21.657742+00:00
SWP-78139519,SW-ACCESSORIES-AND-PARTS-18776-681,SAFETYWARE ESEP150SS Stainless Steel Shower Head (Accessories),Accessories And Parts,Safetyware catalog item from category 'Accessories And Parts'. Source: https://safetyware.com/product/safetyware-esep150ss-stainless-steel-shower-head-accessories/. Public catalog price was unavailable; unit_price is an estimated average for similar products in this category.,RM,491.63,171,unit,active,2026-06-15T13:25:21.657742+00:00,2026-06-15T13:25:21.657742+00:00
SWP-89749121,SW-ACCESSORIES-AND-PARTS-18778-586,SAFETYWARE ESEP400SS Eyewash Sprayer Set (Accessories),Accessories And Parts,Safetyware catalog item from category 'Accessories And Parts'. Source: https://safetyware.com/product/safetyware-esep400ss-eyewash-sprayer-set-accessories/. Public catalog price was unavailable; unit_price is an estimated average for similar products in this category.,RM,384.29,417,unit,active,2026-06-15T13:25:21.657742+00:00,2026-06-15T13:25:21.657742+00:00
SWP-32986276,SW-ACCESSORIES-AND-PARTS-18779-363,SAFETYWARE ESEP550SS 316 Stainless Steel 1/2″ Ball Valve (Accessories),Accessories And Parts,Safetyware catalog item from category 'Accessories And Parts'. Source: https://safetyware.com/product/safetyware-esep550ss-316-stainless-steel-1-2-ball-valve-accessories/. Public catalog price was unavailable; unit_price is an estimated average for similar products in this category.,RM,163.57,364,unit,active,2026-06-15T13:25:21.657742+00:00,2026-06-15T13:25:21.657742+00:00
SWP-89653462,SW-ACCESSORIES-AND-PARTS-18780-246,SAFETYWARE ESEP600SS 316 1″ Eyewash Ball Valve (Accessories),Accessories And Parts,Safetyware catalog item from category 'Accessories And Parts'. Source: https://safetyware.com/product/safetyware-esep600ss-316-stainless-steel-1-eyewash-ball-valve-accessories/. Public catalog price was unavailable; unit_price is an estimated average for similar products in this category.,RM,345.38,140,unit,active,2026-06-15T13:25:21.657742+00:00,2026-06-15T13:25:21.657742+00:00
SWP-23249581,SW-ACCESSORIES-PARTS-SENSOR-22018-742,SAFETYWARE Carbon Monoxide (CO) Replacement Sensor,Accessories Parts Sensors,Safetyware catalog item from category 'Accessories Parts Sensors'. Source: https://safetyware.com/product/safetyware-carbon-monoxide-co-replacement-sensor/. Public catalog price was unavailable; unit_price is an estimated average for similar products in this category.,RM,240.77,467,unit,active,2026-06-15T13:25:21.657742+00:00,2026-06-15T13:25:21.657742+00:00
SWP-47970588,SW-ACCESSORIES-PARTS-SENSOR-22020-888,SAFETYWARE Combustible Gas (LEL) Replacement Sensor,Accessories Parts Sensors,Safetyware catalog item from category 'Accessories Parts Sensors'. Source: https://safetyware.com/product/safetyware-combustible-gas-lel-replacement-sensor/. Public catalog price was unavailable; unit_price is an estimated average for similar products in this category.,RM,436.59,103,unit,active,2026-06-15T13:25:21.657742+00:00,2026-06-15T13:25:21.657742+00:00
SWP-43958122,SW-ACCESSORIES-PARTS-SENSOR-22019-595,SAFETYWARE Hydrogen Sulfide (H2S) Replacement Sensor,Accessories Parts Sensors,Safetyware catalog item from category 'Accessories Parts Sensors'. Source: https://safetyware.com/product/safetyware-hydrogen-sulfide-h2s-replacement-sensor/. Public catalog price was unavailable; unit_price is an estimated average for similar products in this category.,RM,248.56,130,unit,active,2026-06-15T13:25:21.657742+00:00,2026-06-15T13:25:21.657742+00:00
SWP-90369218,SW-ACCESSORIES-PARTS-SENSOR-22008-994,SAFETYWARE Oxygen (O2) Replacement Sensor,Accessories Parts Sensors,Safetyware catalog item from category 'Accessories Parts Sensors'. Source: https://safetyware.com/product/safetyware-oxygen-o2-replacement-sensor/. Public catalog price was unavailable; unit_price is an estimated average for similar products in this category.,RM,459.55,427,unit,active,2026-06-15T13:25:21.657742+00:00,2026-06-15T13:25:21.657742+00:00
SWP-51231821,SW-ACCESSORIES-PARTS-SENSOR-22022-213,SAFETYWARE Toxic Gases Replacement Sensors,Accessories Parts Sensors,Safetyware catalog item from category 'Accessories Parts Sensors'. Source: https://safetyware.com/product/safetyware-toxic-gases-replacement-sensors/. Public catalog price was unavailable; unit_price is an estimated average for similar products in this category.,RM,386.40,292,unit,active,2026-06-15T13:25:21.657742+00:00,2026-06-15T13:25:21.657742+00:00
SWP-31881425,SW-ACCESSORIES-PARTS-SENSOR-21715-700,SAFETYWARE Gas Sampling Pump,Accessories Parts Sensors,Safetyware catalog item from category 'Accessories Parts Sensors'. Source: https://safetyware.com/product/safetyware-gas-sampling-pump/. Public catalog price was unavailable; unit_price is an estimated average for similar products in this category.,RM,428.57,386,unit,active,2026-06-15T13:25:21.657742+00:00,2026-06-15T13:25:21.657742+00:00
SWP-24940525,SW-AED-AND-TRAINER-859-391,ZOLL AED Plus® with Real CPR Help®,Aed And Trainer,Safetyware catalog item from category 'Aed And Trainer'. Source: https://safetyware.com/product/aed-plus-automated-external-defibrillator-aed/. Public catalog price was unavailable; unit_price is an estimated average for similar products in this category.,RM,5174.85,45,unit,active,2026-06-15T13:25:21.657742+00:00,2026-06-15T13:25:21.657742+00:00
SWP-69222779,SW-AED-AND-TRAINER-10433-255,ZOLL AED 3 with Real CPR Help®,Aed And Trainer,Safetyware catalog item from category 'Aed And Trainer'. Source: https://safetyware.com/product/zoll-aed-3-automated-external-defibrillator/. Public catalog price was unavailable; unit_price is an estimated average for similar products in this category.,RM,3550.58,55,unit,active,2026-06-15T13:25:21.657742+00:00,2026-06-15T13:25:21.657742+00:00
SWP-31287424,SW-AED-AND-TRAINER-10517-487,ZOLL AED 3 BLS Defibrillator for Rescuers,Aed And Trainer,Safetyware catalog item from category 'Aed And Trainer'. Source: https://safetyware.com/product/zoll-aed-3-bls-for-ems/. Public catalog price was unavailable; unit_price is an estimated average for similar products in this category.,RM,6158.40,8,unit,active,2026-06-15T13:25:21.657742+00:00,2026-06-15T13:25:21.657742+00:00
SWP-65116283,SW-AED-AND-TRAINER-10559-331,ZOLL AED Plus Trainer2 (For Training Purpose),Aed And Trainer,Safetyware catalog item from category 'Aed And Trainer'. Source: https://safetyware.com/product/zoll-aed-plus-trainer/. Public catalog price was unavailable; unit_price is an estimated average for similar products in this category.,RM,3921.80,129,service,active,2026-06-15T13:25:21.657742+00:00,2026-06-15T13:25:21.657742+00:00
SWP-45005010,SW-AED-ACCESSORIES-SPARE-PA-10668-788,ZOLL CPR-Stat-padz,Aed Accessories Spare Parts,Safetyware catalog item from category 'Aed Accessories Spare Parts'. Source: https://safetyware.com/product/zoll-cpr-stat-padz/. Public catalog price was unavailable; unit_price is an estimated average for similar products in this category.,RM,3093.65,218,pair,active,2026-06-15T13:25:21.657742+00:00,2026-06-15T13:25:21.657742+00:00
SWP-27985335,SW-AED-ACCESSORIES-SPARE-PA-10550-546,ZOLL CPR-D-Padz,Aed Accessories Spare Parts,Safetyware catalog item from category 'Aed Accessories Spare Parts'. Source: https://safetyware.com/product/zoll-aed-cpr-d-padz/. Public catalog price was unavailable; unit_price is an estimated average for similar products in this category.,RM,5586.16,115,pair,active,2026-06-15T13:25:21.657742+00:00,2026-06-15T13:25:21.657742+00:00
SWP-55490999,SW-AED-ACCESSORIES-SPARE-PA-10551-632,ZOLL Stat Padz II (box of 12 pieces),Aed Accessories Spare Parts,Safetyware catalog item from category 'Aed Accessories Spare Parts'. Source: https://safetyware.com/product/zoll-aed-stat-padz-ii/. Public catalog price was unavailable; unit_price is an estimated average for similar products in this category.,RM,710.67,96,pair,active,2026-06-15T13:25:21.657742+00:00,2026-06-15T13:25:21.657742+00:00
SWP-76166994,SW-AED-ACCESSORIES-SPARE-PA-10734-378,ZOLL Pedi-Padz II Pediatric Defibrillator Electrodes,Aed Accessories Spare Parts,Safetyware catalog item from category 'Aed Accessories Spare Parts'. Source: https://safetyware.com/product/zoll-pedi-padz-ii-pediatric-defibrillator-electrodes/. Public catalog price was unavailable; unit_price is an estimated average for similar products in this category.,RM,4058.45,233,pair,active,2026-06-15T13:25:21.657742+00:00,2026-06-15T13:25:21.657742+00:00
SWP-20137964,SW-AED-ACCESSORIES-SPARE-PA-10775-332,ZOLL CPR Uni-padz Univeral (Adult/Pediatric) Electrodes,Aed Accessories Spare Parts,Safetyware catalog item from category 'Aed Accessories Spare Parts'. Source: https://safetyware.com/product/zoll-cpr-uni-padz-univeral-adult-pediatric-electrodes/. Public catalog price was unavailable; unit_price is an estimated average for similar products in this category.,RM,4852.07,428,pair,active,2026-06-15T13:25:21.657742+00:00,2026-06-15T13:25:21.657742+00:00
SWP-20721135,SW-AED-ACCESSORIES-SPARE-PA-10909-209,ZOLL Stat-padz HVP Multi-Function Electrodes (box of 12 pairs),Aed Accessories Spare Parts,Safetyware catalog item from category 'Aed Accessories Spare Parts'. Source: https://safetyware.com/product/zoll-stat-padz-hvp-multi-function-electrodes/. Public catalog price was unavailable; unit_price is an estimated average for similar products in this category.,RM,2222.31,368,pair,active,2026-06-15T13:25:21.657742+00:00,2026-06-15T13:25:21.657742+00:00
SWP-19797083,SW-AED-ACCESSORIES-SPARE-PA-10936-272,ZOLL CPR-D Demo Electrodes with Cable,Aed Accessories Spare Parts,Safetyware catalog item from category 'Aed Accessories Spare Parts'. Source: https://safetyware.com/product/zoll-cpr-d-demo-electrodes-with-cable/. Public catalog price was unavailable; unit_price is an estimated average for similar products in this category.,RM,3667.83,319,unit,active,2026-06-15T13:25:21.657742+00:00,2026-06-15T13:25:21.657742+00:00
SWP-23408040,SW-AED-ACCESSORIES-SPARE-PA-10965-775,ZOLL CPR Uni-padz III Training Kit,Aed Accessories Spare Parts,Safetyware catalog item from category 'Aed Accessories Spare Parts'. Source: https://safetyware.com/product/zoll-cpr-uni-padz-iii-training-kit/. Public catalog price was unavailable; unit_price is an estimated average for similar products in this category.,RM,1411.89,82,pair,active,2026-06-15T13:25:21.657742+00:00,2026-06-15T13:25:21.657742+00:00
SWP-85120055,SW-AED-ACCESSORIES-SPARE-PA-10552-500,ZOLL AED Plus Replacement Battery Pack (set of 10 pieces),Aed Accessories Spare Parts,Safetyware catalog item from category 'Aed Accessories Spare Parts'. Source: https://safetyware.com/product/zoll-aed-plus-replacement-battery-pack/. Public catalog price was unavailable; unit_price is an estimated average for similar products in this category.,RM,4183.76,244,pack,active,2026-06-15T13:25:21.657742+00:00,2026-06-15T13:25:21.657742+00:00
SWP-26548423,SW-AED-ACCESSORIES-SPARE-PA-10872-367,SAFETYWARE AED Wall Cabinet,Aed Accessories Spare Parts,Safetyware catalog item from category 'Aed Accessories Spare Parts'. Source: https://safetyware.com/product/safetyware-aed-wall-cabinet/. Public catalog price was unavailable; unit_price is an estimated average for similar products in this category.,RM,6306.52,420,unit,active,2026-06-15T13:25:21.657742+00:00,2026-06-15T13:25:21.657742+00:00
SWP-41846354,SW-AIR-MONITORING-60854-703,LUNO SYSTEMS Airtrack Portable Air Quality Monitoring System,Air Monitoring,Safetyware catalog item from category 'Air Monitoring'. Source: https://safetyware.com/product/luno-systems-airtrack-portable-air-quality-monitoring-system/. Public catalog price was unavailable; unit_price is an estimated average for similar products in this category.,RM,2522.13,41,unit,active,2026-06-15T13:25:21.657742+00:00,2026-06-15T13:25:21.657742+00:00
SWP-29284297,SW-AIR-MONITORING-60848-194,LUNO SYSTEMS H2S – Hydrogen Sulphine Sensor,Air Monitoring,Safetyware catalog item from category 'Air Monitoring'. Source: https://safetyware.com/product/luno-systems-h2s-hydrogen-sulphine-sensor/. Public catalog price was unavailable; unit_price is an estimated average for similar products in this category.,RM,579.63,339,unit,active,2026-06-15T13:25:21.657742+00:00,2026-06-15T13:25:21.657742+00:00
SWP-43865826,SW-AIR-PURIFYING-RESPIRATOR-2141-820,SAFETYWARE 9200 Half Face Respirator Mask,Air Purifying Respirators Apr,Safetyware catalog item from category 'Air Purifying Respirators Apr'. Source: https://safetyware.com/product/safetyware-half-face-mask-respirator/. Public catalog price was unavailable; unit_price is an estimated average for similar products in this category.,RM,72.16,298,unit,active,2026-06-15T13:25:21.657742+00:00,2026-06-15T13:25:21.657742+00:00
SWP-43751821,SW-AIR-PURIFYING-RESPIRATOR-2142-259,SAFETYWARE 9800 Full Face Respirator,Air Purifying Respirators Apr,Safetyware catalog item from category 'Air Purifying Respirators Apr'. Source: https://safetyware.com/product/safetyware-9800-full-face-respirator/. Public catalog price was unavailable; unit_price is an estimated average for similar products in this category.,RM,51.23,68,unit,active,2026-06-15T13:25:21.657742+00:00,2026-06-15T13:25:21.657742+00:00
SWP-84678702,SW-AIR-PURIFYING-RESPIRATOR-56689-352,SUNDSTROM SR 100 Half Face Respirator,Air Purifying Respirators Apr,Safetyware catalog item from category 'Air Purifying Respirators Apr'. Source: https://safetyware.com/product/sundstrom-sr-100-half-face-respirator/. Public catalog price was unavailable; unit_price is an estimated average for similar products in this category.,RM,81.87,293,unit,active,2026-06-15T13:25:21.657742+00:00,2026-06-15T13:25:21.657742+00:00
SWP-51931377,SW-AIR-PURIFYING-RESPIRATOR-2143-935,SUNDSTROM SR 900 Half Face Respirator,Air Purifying Respirators Apr,Safetyware catalog item from category 'Air Purifying Respirators Apr'. Source: https://safetyware.com/product/sundstrom-sr-900-half-face-respirator/. Public catalog price was unavailable; unit_price is an estimated average for similar products in this category.,RM,141.78,440,unit,active,2026-06-15T13:25:21.657742+00:00,2026-06-15T13:25:21.657742+00:00
SWP-41357948,SW-AIR-PURIFYING-RESPIRATOR-2145-436,SUNDSTROM SR 200 Full Face Respirator,Air Purifying Respirators Apr,Safetyware catalog item from category 'Air Purifying Respirators Apr'. Source: https://safetyware.com/product/sundstrom-sr-200-full-face-respirator/. Public catalog price was unavailable; unit_price is an estimated average for similar products in this category.,RM,64.45,266,unit,active,2026-06-15T13:25:21.657742+00:00,2026-06-15T13:25:21.657742+00:00
SWP-80974122,SW-AIR-PURIFYING-RESPIRATOR-2148-153,3M 3200 Half Face Respirator,Air Purifying Respirators Apr,Safetyware catalog item from category 'Air Purifying Respirators Apr'. Source: https://safetyware.com/product/3m-3200-half-face-respirator/. Public catalog price was unavailable; unit_price is an estimated average for similar products in this category.,RM,145.52,498,unit,active,2026-06-15T13:25:21.657742+00:00,2026-06-15T13:25:21.657742+00:00
SWP-96338200,SW-AIR-PURIFYING-RESPIRATOR-2146-409,3M 6200 Half Face Respirator,Air Purifying Respirators Apr,Safetyware catalog item from category 'Air Purifying Respirators Apr'. Source: https://safetyware.com/product/3m-6200-half-face-respirator/. Public catalog price was unavailable; unit_price is an estimated average for similar products in this category.,RM,74.00,272,unit,active,2026-06-15T13:25:21.657742+00:00,2026-06-15T13:25:21.657742+00:00
SWP-66664307,SW-AIR-PURIFYING-RESPIRATOR-2147-832,3M 6800 Full Face Respirator,Air Purifying Respirators Apr,Safetyware catalog item from category 'Air Purifying Respirators Apr'. Source: https://safetyware.com/product/3m-6800-full-face-respirator/. Public catalog price was unavailable; unit_price is an estimated average for similar products in this category.,RM,16.00,291,unit,active,2026-06-15T13:25:21.657742+00:00,2026-06-15T13:25:21.657742+00:00
SWP-57955431,SW-ALCOHOL-DRUG-TESTERS-21889-358,SAFETYWARE Rapid Screening Alcohol Breathalyzer,Alcohol Drug Testers,Safetyware catalog item from category 'Alcohol Drug Testers'. Source: https://safetyware.com/product/safetyware-rapid-screening-alcohol-breathalyzer/. Public catalog price was unavailable; unit_price is an estimated average for similar products in this category.,RM,1572.95,495,unit,active,2026-06-15T13:25:21.657742+00:00,2026-06-15T13:25:21.657742+00:00
SWP-64207013,SW-ANCHORAGES-10860-701,KSTRONG 1 Meter Cross Arm and Concrete Arm Strap,Anchorages,Safetyware catalog item from category 'Anchorages'. Source: https://safetyware.com/product/kstrong-1-meter-cross-arm-and-concrete-arm-strap/. Public catalog price was unavailable; unit_price is an estimated average for similar products in this category.,RM,109.22,14,unit,active,2026-06-15T13:25:21.657742+00:00,2026-06-15T13:25:21.657742+00:00
SWP-43029231,SW-ANCHORAGES-10752-530,KSTRONG 1.5 Meter Anchorage Steel Wire Rope Sling,Anchorages,Safetyware catalog item from category 'Anchorages'. Source: https://safetyware.com/product/kstrong-1-5-meter-anchorage-steel-wire-rope-sling/. Public catalog price was unavailable; unit_price is an estimated average for similar products in this category.,RM,254.54,108,unit,active,2026-06-15T13:25:21.657742+00:00,2026-06-15T13:25:21.657742+00:00
SWP-62722521,SW-ANCHORAGES-10873-876,KSTRONG 1.5 Meter Webbing Anchor Strap,Anchorages,Safetyware catalog item from category 'Anchorages'. Source: https://safetyware.com/product/kstrong-1-5-meter-webbing-anchor-strap/. Public catalog price was unavailable; unit_price is an estimated average for similar products in this category.,RM,96.62,475,unit,active,2026-06-15T13:25:21.657742+00:00,2026-06-15T13:25:21.657742+00:00
SWP-62461563,SW-ANCHORAGES-10866-371,KSTRONG 1.5 Meter Webbing Concrete Cross Arm Strap,Anchorages,Safetyware catalog item from category 'Anchorages'. Source: https://safetyware.com/product/kstrong-1-5-meter-webbing-concrete-cross-arm-strap/. Public catalog price was unavailable; unit_price is an estimated average for similar products in this category.,RM,345.99,488,unit,active,2026-06-15T13:25:21.657742+00:00,2026-06-15T13:25:21.657742+00:00
SWP-42608377,SW-ANCHORAGES-10781-700,KSTRONG 1.8 Meter Anchorage Steel Wire Rope Sling,Anchorages,Safetyware catalog item from category 'Anchorages'. Source: https://safetyware.com/product/kstrong-1-8-meter-anchorage-steel-wire-rope-sling/. Public catalog price was unavailable; unit_price is an estimated average for similar products in this category.,RM,373.90,41,unit,active,2026-06-15T13:25:21.657742+00:00,2026-06-15T13:25:21.657742+00:00
SWP-95547479,SW-ANCHORAGES-10774-600,KSTRONG 2 Meter Anchorage Steel Wire Rope Sling,Anchorages,Safetyware catalog item from category 'Anchorages'. Source: https://safetyware.com/product/kstrong-2-meter-anchorage-steel-wire-rope-sling/. Public catalog price was unavailable; unit_price is an estimated average for similar products in this category.,RM,252.55,202,unit,active,2026-06-15T13:25:21.657742+00:00,2026-06-15T13:25:21.657742+00:00
SWP-79579399,SW-ANCHORAGES-10948-100,KSTRONG 360 Degree Anchor Point,Anchorages,Safetyware catalog item from category 'Anchorages'. Source: https://safetyware.com/product/kstrong-360-degree-anchor-point/. Public catalog price was unavailable; unit_price is an estimated average for similar products in this category.,RM,502.64,157,unit,active,2026-06-15T13:25:21.657742+00:00,2026-06-15T13:25:21.657742+00:00
SWP-97723590,SW-ANCHORAGES-10902-421,KSTRONG Anchor Bolt,Anchorages,Safetyware catalog item from category 'Anchorages'. Source: https://safetyware.com/product/kstrong-anchor-bolt/. Public catalog price was unavailable; unit_price is an estimated average for similar products in this category.,RM,471.64,353,unit,active,2026-06-15T13:25:21.657742+00:00,2026-06-15T13:25:21.657742+00:00
SWP-98828230,SW-ANCHORAGES-10889-556,KSTRONG Choker Style Anchor Strap,Anchorages,Safetyware catalog item from category 'Anchorages'. Source: https://safetyware.com/product/kstrong-choker-style-anchor-strap/. Public catalog price was unavailable; unit_price is an estimated average for similar products in this category.,RM,156.77,352,unit,active,2026-06-15T13:25:21.657742+00:00,2026-06-15T13:25:21.657742+00:00
SWP-15835301,SW-ANCHORAGES-10888-577,KSTRONG Concrete Anchor Strap,Anchorages,Safetyware catalog item from category 'Anchorages'. Source: https://safetyware.com/product/kstrong-concrete-anchor-strap/. Public catalog price was unavailable; unit_price is an estimated average for similar products in this category.,RM,248.30,195,unit,active,2026-06-15T13:25:21.657742+00:00,2026-06-15T13:25:21.657742+00:00
SWP-44391392,SW-ANTISTATIC-ESD-AND-CLEAN-1562-801,SAFETYWARE FlexiPlus-ESD™ FP200 ESD Knitted Gloves,Antistatic Esd And Cleanroom Gloves,Safetyware catalog item from category 'Antistatic Esd And Cleanroom Gloves'. Source: https://safetyware.com/product/safetyware-flexiplus-esd-fp200-esd-knitted-gloves/. Public catalog price was unavailable; unit_price is an estimated average for similar products in this category.,RM,39.30,382,pair,active,2026-06-15T13:25:21.657742+00:00,2026-06-15T13:25:21.657742+00:00
SWP-77250635,SW-ANTISTATIC-ESD-AND-CLEAN-1568-134,SAFETYWARE FlexiPlus-ESD™ FP201 ESD Finger-Tip Coated Gloves,Antistatic Esd And Cleanroom Gloves,Safetyware catalog item from category 'Antistatic Esd And Cleanroom Gloves'. Source: https://safetyware.com/product/sasafetyware-flexiplus-esd-fp201-esd-finger-tip-coated-gloves/. Public catalog price was unavailable; unit_price is an estimated average for similar products in this category.,RM,31.75,14,pair,active,2026-06-15T13:25:21.657742+00:00,2026-06-15T13:25:21.657742+00:00
SWP-23175443,SW-ANTISTATIC-ESD-AND-CLEAN-2539-331,SAFETYWARE FlexiPlus-ESD™ FP211 ESD Palm Coated Gloves,Antistatic Esd And Cleanroom Gloves,Safetyware catalog item from category 'Antistatic Esd And Cleanroom Gloves'. Source: https://safetyware.com/product/sasafetyware-flexiplus-esd-fp211-esd-palm-coated-gloves/. Public catalog price was unavailable; unit_price is an estimated average for similar products in this category.,RM,33.12,444,pair,active,2026-06-15T13:25:21.657742+00:00,2026-06-15T13:25:21.657742+00:00
SWP-68527026,SW-ANTISTATIC-ESD-AND-CLEAN-19800-221,SAFETYWARE FLEXIPLUS-ESD+™ FP230 Cut Resistant Gloves,Antistatic Esd And Cleanroom Gloves,Safetyware catalog item from category 'Antistatic Esd And Cleanroom Gloves'. Source: https://safetyware.com/product/safetyware-flexiplus-esd-fp230-cut-resistant-gloves/. Public catalog price was unavailable; unit_price is an estimated average for similar products in this category.,RM,29.27,411,pair,active,2026-06-15T13:25:21.657742+00:00,2026-06-15T13:25:21.657742+00:00
SWP-50769450,SW-ANTISTATIC-ESD-AND-CLEAN-2550-889,SAFETYWARE FLEXIPLUS-ESD+™ FP231 Cut Resistant PU Fingertip Coated Gloves,Antistatic Esd And Cleanroom Gloves,Safetyware catalog item from category 'Antistatic Esd And Cleanroom Gloves'. Source: https://safetyware.com/product/safetyware-flexiplus-esd-cut-resistant-fingertip-coated-gloves/. Public catalog price was unavailable; unit_price is an estimated average for similar products in this category.,RM,12.21,406,pair,active,2026-06-15T13:25:21.657742+00:00,2026-06-15T13:25:21.657742+00:00
SWP-13355217,SW-ANTISTATIC-ESD-AND-CLEAN-20132-971,SAFETYWARE FLEXIPLUS-ESD+™ FP232 Cut Resistant PU Palm Coated Gloves,Antistatic Esd And Cleanroom Gloves,Safetyware catalog item from category 'Antistatic Esd And Cleanroom Gloves'. Source: https://safetyware.com/product/safetyware-flexiplus-esd-fp232-cut-resistant-pu-palm-coated-gloves/. Public catalog price was unavailable; unit_price is an estimated average for similar products in this category.,RM,39.35,334,pair,active,2026-06-15T13:25:21.657742+00:00,2026-06-15T13:25:21.657742+00:00
SWP-37715841,SW-ANTISTATIC-ESD-AND-CLEAN-46577-659,SAFETYWARE Antistatic Lint Free Polyester Gloves,Antistatic Esd And Cleanroom Gloves,Safetyware catalog item from category 'Antistatic Esd And Cleanroom Gloves'. Source: https://safetyware.com/product/safetyware-antistatic-lint-free-polyester-gloves/. Public catalog price was unavailable; unit_price is an estimated average for similar products in this category.,RM,44.32,293,pair,active,2026-06-15T13:25:21.657742+00:00,2026-06-15T13:25:21.657742+00:00
SWP-45381027,SW-ANTISTATIC-ESD-AND-CLEAN-46592-436,SAFETYWARE Antistatic Lint Free Polyester Gloves with PVC Dots,Antistatic Esd And Cleanroom Gloves,Safetyware catalog item from category 'Antistatic Esd And Cleanroom Gloves'. Source: https://safetyware.com/product/safetyware-antistatic-lint-free-polyester-gloves-2/. Public catalog price was unavailable; unit_price is an estimated average for similar products in this category.,RM,33.90,189,pair,active,2026-06-15T13:25:21.657742+00:00,2026-06-15T13:25:21.657742+00:00
SWP-56874138,SW-APR-CARTRIDGES-FILTERS-2150-439,SAFETYWARE 901 A1 OV Cartridge,Apr Cartridges Filters,Safetyware catalog item from category 'Apr Cartridges Filters'. Source: https://safetyware.com/product/safetyware-901-a1-ov-cartridge/. Public catalog price was unavailable; unit_price is an estimated average for similar products in this category.,RM,148.37,480,pack,active,2026-06-15T13:25:21.657742+00:00,2026-06-15T13:25:21.657742+00:00
SWP-88543751,SW-APR-CARTRIDGES-FILTERS-2151-180,SAFETYWARE 903 A1E1 OV/AG Cartridge,Apr Cartridges Filters,Safetyware catalog item from category 'Apr Cartridges Filters'. Source: https://safetyware.com/product/safetyware-903-a1e1-ov-ag-cartridge/. Public catalog price was unavailable; unit_price is an estimated average for similar products in this category.,RM,34.16,32,pack,active,2026-06-15T13:25:21.657742+00:00,2026-06-15T13:25:21.657742+00:00
SWP-12067016,SW-APR-CARTRIDGES-FILTERS-2152-172,SAFETYWARE 906 Multigas Cartridge,Apr Cartridges Filters,Safetyware catalog item from category 'Apr Cartridges Filters'. Source: https://safetyware.com/product/safetyware-906-abek1-multigas-cartridge/. Public catalog price was unavailable; unit_price is an estimated average for similar products in this category.,RM,163.61,399,pack,active,2026-06-15T13:25:21.657742+00:00,2026-06-15T13:25:21.657742+00:00
SWP-17315404,SW-APR-CARTRIDGES-FILTERS-2153-219,SAFETYWARE 911 P2 Particulate Filter,Apr Cartridges Filters,Safetyware catalog item from category 'Apr Cartridges Filters'. Source: https://safetyware.com/product/safetyware-911-p2-particulate-filter/. Public catalog price was unavailable; unit_price is an estimated average for similar products in this category.,RM,136.19,317,pack,active,2026-06-15T13:25:21.657742+00:00,2026-06-15T13:25:21.657742+00:00
SWP-54508322,SW-APR-CARTRIDGES-FILTERS-2155-914,SAFETYWARE 913 P3R Filter,Apr Cartridges Filters,Safetyware catalog item from category 'Apr Cartridges Filters'. Source: https://safetyware.com/product/safetyware-913-p3r-filter/. Public catalog price was unavailable; unit_price is an estimated average for similar products in this category.,RM,67.97,89,pack,active,2026-06-15T13:25:21.657742+00:00,2026-06-15T13:25:21.657742+00:00
SWP-66271144,SW-APR-CARTRIDGES-FILTERS-2156-472,SAFETYWARE 916 P3R OV Filter,Apr Cartridges Filters,Safetyware catalog item from category 'Apr Cartridges Filters'. Source: https://safetyware.com/product/safetyware-916-p3r-ov-filter/. Public catalog price was unavailable; unit_price is an estimated average for similar products in this category.,RM,187.83,335,pack,active,2026-06-15T13:25:21.657742+00:00,2026-06-15T13:25:21.657742+00:00
SWP-60597442,SW-APR-CARTRIDGES-FILTERS-2154-440,SAFETYWARE 911R Filter Retainer,Apr Cartridges Filters,Safetyware catalog item from category 'Apr Cartridges Filters'. Source: https://safetyware.com/product/safetyware-911r-filter-retainer/. Public catalog price was unavailable; unit_price is an estimated average for similar products in this category.,RM,23.61,369,pack,active,2026-06-15T13:25:21.657742+00:00,2026-06-15T13:25:21.657742+00:00
SWP-62886604,SW-APR-CARTRIDGES-FILTERS-2157-907,SAFETYWARE 913A Filter Adaptor,Apr Cartridges Filters,Safetyware catalog item from category 'Apr Cartridges Filters'. Source: https://safetyware.com/product/safetyware-913a-filter-adaptor/. Public catalog price was unavailable; unit_price is an estimated average for similar products in this category.,RM,152.72,337,pack,active,2026-06-15T13:25:21.657742+00:00,2026-06-15T13:25:21.657742+00:00
SWP-71867722,SW-APR-CARTRIDGES-FILTERS-2175-342,SUNDSTROM SR 510 P3 R Filter,Apr Cartridges Filters,Safetyware catalog item from category 'Apr Cartridges Filters'. Source: https://safetyware.com/product/sundstrom-sr-510-p3-r-filter/. Public catalog price was unavailable; unit_price is an estimated average for similar products in this category.,RM,59.81,91,pack,active,2026-06-15T13:25:21.657742+00:00,2026-06-15T13:25:21.657742+00:00
SWP-12080604,SW-APR-CARTRIDGES-FILTERS-2160-841,SUNDSTROM SR 217 A1 Cartridge,Apr Cartridges Filters,Safetyware catalog item from category 'Apr Cartridges Filters'. Source: https://safetyware.com/product/sundstrom-sr217-a1-organic-vapor-cartridge-protection/. Public catalog price was unavailable; unit_price is an estimated average for similar products in this category.,RM,196.96,103,pack,active,2026-06-15T13:25:21.657742+00:00,2026-06-15T13:25:21.657742+00:00
SWP-97564408,SW-APRONS-2832-380,SAFETYWARE Black Heavy Duty PVC Apron,Aprons,Safetyware catalog item from category 'Aprons'. Source: https://safetyware.com/product/safetyware-black-pvc-apron/. Public catalog price was unavailable; unit_price is an estimated average for similar products in this category.,RM,131.10,99,unit,active,2026-06-15T13:25:21.657742+00:00,2026-06-15T13:25:21.657742+00:00
SWP-30973617,SW-APRONS-2837-972,SAFETYWARE Blue Light Duty PVC Apron,Aprons,Safetyware catalog item from category 'Aprons'. Source: https://safetyware.com/product/safetyware-blue-pvc-apron/. Public catalog price was unavailable; unit_price is an estimated average for similar products in this category.,RM,97.04,176,unit,active,2026-06-15T13:25:21.657742+00:00,2026-06-15T13:25:21.657742+00:00
SWP-95088772,SW-APRONS-2817-488,SAFETYWARE Chemical Resistant Apron (24” x 36”),Aprons,Safetyware catalog item from category 'Aprons'. Source: https://safetyware.com/product/safetyware-chemical-resistant-apron/. Public catalog price was unavailable; unit_price is an estimated average for similar products in this category.,RM,52.12,462,unit,active,2026-06-15T13:25:21.657742+00:00,2026-06-15T13:25:21.657742+00:00
SWP-14657255,SW-APRONS-2836-211,SAFETYWARE Medium Duty Vinyl Apron,Aprons,Safetyware catalog item from category 'Aprons'. Source: https://safetyware.com/product/safetyware-vinyl-apron-2/. Public catalog price was unavailable; unit_price is an estimated average for similar products in this category.,RM,217.12,216,unit,active,2026-06-15T13:25:21.657742+00:00,2026-06-15T13:25:21.657742+00:00
SWP-23755062,SW-APRONS-2460-275,SAFETYWARE Heavy Duty Nitrile Apron (35″ x 45″),Aprons,Safetyware catalog item from category 'Aprons'. Source: https://safetyware.com/product/safetyware-heavy-duty-nitrile-apron/. Public catalog price was unavailable; unit_price is an estimated average for similar products in this category.,RM,41.26,59,unit,active,2026-06-15T13:25:21.657742+00:00,2026-06-15T13:25:21.657742+00:00
SWP-87603550,SW-APRONS-22116-344,SAFETYWARE Vinyl Coat Apron,Aprons,Safetyware catalog item from category 'Aprons'. Source: https://safetyware.com/product/safetyware-vinyl-coat-apron-2/. Public catalog price was unavailable; unit_price is an estimated average for similar products in this category.,RM,131.62,105,unit,active,2026-06-15T13:25:21.657742+00:00,2026-06-15T13:25:21.657742+00:00
SWP-20638836,SW-APRONS-2465-348,ULTITEC ULT4000 Chemical Resistant Apron,Aprons,Safetyware catalog item from category 'Aprons'. Source: https://safetyware.com/product/ultitec-ult4000-chemical-resistant-apron/. Public catalog price was unavailable; unit_price is an estimated average for similar products in this category.,RM,118.92,366,unit,active,2026-06-15T13:25:21.657742+00:00,2026-06-15T13:25:21.657742+00:00
SWP-90054956,SW-APRONS-2468-969,ANSELL AlphaTec 56-100 PVC Apron,Aprons,Safetyware catalog item from category 'Aprons'. Source: https://safetyware.com/product/ansell-alphatec-56-100-pvc-apron/. Public catalog price was unavailable; unit_price is an estimated average for similar products in this category.,RM,69.38,96,unit,active,2026-06-15T13:25:21.657742+00:00,2026-06-15T13:25:21.657742+00:00
SWP-39786684,SW-APRONS-2469-390,NORTH Silver Shield Bib Apron,Aprons,Safetyware catalog item from category 'Aprons'. Source: https://safetyware.com/product/north-silver-shield-bib-apron/. Public catalog price was unavailable; unit_price is an estimated average for similar products in this category.,RM,172.37,296,unit,active,2026-06-15T13:25:21.657742+00:00,2026-06-15T13:25:21.657742+00:00
SWP-15912781,SW-APRONS-2471-759,NORTH Silver Shield Coat Apron,Aprons,Safetyware catalog item from category 'Aprons'. Source: https://safetyware.com/product/north-silver-shield-coat-apron/. Public catalog price was unavailable; unit_price is an estimated average for similar products in this category.,RM,148.04,151,unit,active,2026-06-15T13:25:21.657742+00:00,2026-06-15T13:25:21.657742+00:00
SWP-24226295,SW-AREA-LIGHTING-9400-389,PORTWEST PA80 – USB Rechargeable Flood Light,Area Lighting,Safetyware catalog item from category 'Area Lighting'. Source: https://safetyware.com/product/portwest-pa80-usb-rechargeable-flood-light/. Public catalog price was unavailable; unit_price is an estimated average for similar products in this category.,RM,449.03,400,unit,active,2026-06-15T13:25:21.657742+00:00,2026-06-15T13:25:21.657742+00:00
SWP-85836295,SW-AREA-LIGHTING-9683-986,BRIGHTSTAR LightHawk Gen II Rechargeable Lantern,Area Lighting,Safetyware catalog item from category 'Area Lighting'. Source: https://safetyware.com/product/brightstar-lighthawk-gen-ii-rechargeable-lantern/. Public catalog price was unavailable; unit_price is an estimated average for similar products in this category.,RM,92.24,11,unit,active,2026-06-15T13:25:21.657742+00:00,2026-06-15T13:25:21.657742+00:00
SWP-56982027,SW-AREA-LIGHTING-9725-789,BRIGHTSTAR B.F.L. Rechargeable Area Light,Area Lighting,Safetyware catalog item from category 'Area Lighting'. Source: https://safetyware.com/product/brightstar-b-f-l-rechargeable-area-light/. Public catalog price was unavailable; unit_price is an estimated average for similar products in this category.,RM,50.34,233,unit,active,2026-06-15T13:25:21.657742+00:00,2026-06-15T13:25:21.657742+00:00
SWP-26717889,SW-ARM-PROTECTION-SLEEVES-2527-262,SAFETYWARE VersaCut™ 18″ Cut Level D Protective Sleeve,Arm Protection Sleeves,Safetyware catalog item from category 'Arm Protection Sleeves'. Source: https://safetyware.com/product/safetyware-versacut-cut-level-d-protective-sleeves/. Public catalog price was unavailable; unit_price is an estimated average for similar products in this category.,RM,11.13,65,unit,active,2026-06-15T13:25:21.657742+00:00,2026-06-15T13:25:21.657742+00:00
SWP-81096745,SW-ARM-PROTECTION-SLEEVES-14459-653,SAFETYWARE UltraCut™ 22″ Cut Level F Protective Sleeve,Arm Protection Sleeves,Safetyware catalog item from category 'Arm Protection Sleeves'. Source: https://safetyware.com/product/safetyware-ultracut-22-cut-level-f-protective-sleeve/. Public catalog price was unavailable; unit_price is an estimated average for similar products in this category.,RM,38.05,5,unit,active,2026-06-15T13:25:21.657742+00:00,2026-06-15T13:25:21.657742+00:00
SWP-60332408,SW-ARM-PROTECTION-SLEEVES-2646-943,WELDAS STEERSOtuff 23″ Leather Sleeves,Arm Protection Sleeves,Safetyware catalog item from category 'Arm Protection Sleeves'. Source: https://safetyware.com/product/weldas-steersotuff-23-sleeves/. Public catalog price was unavailable; unit_price is an estimated average for similar products in this category.,RM,40.36,348,unit,active,2026-06-15T13:25:21.657742+00:00,2026-06-15T13:25:21.657742+00:00
SWP-15462892,SW-ARM-PROTECTION-SLEEVES-46409-394,PORTWEST Bizweld Sleeves Navy,Arm Protection Sleeves,Safetyware catalog item from category 'Arm Protection Sleeves'. Source: https://safetyware.com/product/portwest-navy-bizweld-sleeves/. Public catalog price was unavailable; unit_price is an estimated average for similar products in this category.,RM,38.72,497,unit,active,2026-06-15T13:25:21.657742+00:00,2026-06-15T13:25:21.657742+00:00
SWP-21940368,SW-ARM-PROTECTION-SLEEVES-47001-348,PROGUARD 24″ Arm Protector,Arm Protection Sleeves,Safetyware catalog item from category 'Arm Protection Sleeves'. Source: https://safetyware.com/product/proguard-24-arm-protector/. Public catalog price was unavailable; unit_price is an estimated average for similar products in this category.,RM,37.70,103,unit,active,2026-06-15T13:25:21.657742+00:00,2026-06-15T13:25:21.657742+00:00
SWP-58455030,SW-ARM-PROTECTION-SLEEVES-46720-859,SAFETYWARE 18” Kevlar Knitted Sleeve,Arm Protection Sleeves,Safetyware catalog item from category 'Arm Protection Sleeves'. Source: https://safetyware.com/product/safetyware-18-kevlar-knitted-sleeve/. Public catalog price was unavailable; unit_price is an estimated average for similar products in this category.,RM,42.12,326,unit,active,2026-06-15T13:25:21.657742+00:00,2026-06-15T13:25:21.657742+00:00
SWP-52709360,SW-ARM-PROTECTION-SLEEVES-47556-337,NOVAX Class 0 Rubber Insulating Sleeves,Arm Protection Sleeves,Safetyware catalog item from category 'Arm Protection Sleeves'. Source: https://safetyware.com/product/novax-class-0-rubber-insulating-sleeves/. Public catalog price was unavailable; unit_price is an estimated average for similar products in this category.,RM,42.65,269,unit,active,2026-06-15T13:25:21.657742+00:00,2026-06-15T13:25:21.657742+00:00
SWP-88192569,SW-ARM-PROTECTION-SLEEVES-48122-956,PORTWEST A690 18” Cut Resistant Sleeve,Arm Protection Sleeves,Safetyware catalog item from category 'Arm Protection Sleeves'. Source: https://safetyware.com/product/portwest-a690-18-cut-resistant-sleeve/. Public catalog price was unavailable; unit_price is an estimated average for similar products in this category.,RM,9.62,32,unit,active,2026-06-15T13:25:21.657742+00:00,2026-06-15T13:25:21.657742+00:00
SWP-97475795,SW-BARRICADE-LIGHTS-AND-TRA-50029-205,Proguard Hazard Warning Light,Barricade Lights And Traffic Batons,Safetyware catalog item from category 'Barricade Lights And Traffic Batons'. Source: https://safetyware.com/product/proguard-hazard-warning-light/. Public catalog price was unavailable; unit_price is an estimated average for similar products in this category.,RM,354.35,102,unit,active,2026-06-15T13:25:21.657742+00:00,2026-06-15T13:25:21.657742+00:00
SWP-88288077,SW-BARRICADE-LIGHTS-AND-TRA-49934-993,SAFETYWARE LED Traffic Baton,Barricade Lights And Traffic Batons,Safetyware catalog item from category 'Barricade Lights And Traffic Batons'. Source: https://safetyware.com/product/safetyware-led-traffic-baton/. Public catalog price was unavailable; unit_price is an estimated average for similar products in this category.,RM,366.19,150,unit,active,2026-06-15T13:25:21.657742+00:00,2026-06-15T13:25:21.657742+00:00
SWP-86813676,SW-BARRICADE-LIGHTS-AND-TRA-49415-297,SAFETYWARE Traffic Solar,Barricade Lights And Traffic Batons,Safetyware catalog item from category 'Barricade Lights And Traffic Batons'. Source: https://safetyware.com/product/safetyware-traffic-solar/. Public catalog price was unavailable; unit_price is an estimated average for similar products in this category.,RM,154.41,175,unit,active,2026-06-15T13:25:21.657742+00:00,2026-06-15T13:25:21.657742+00:00
SWP-47022897,SW-BARRICADE-LIGHTS-AND-TRA-49222-481,SAFETYWARE Warning Triangle,Barricade Lights And Traffic Batons,Safetyware catalog item from category 'Barricade Lights And Traffic Batons'. Source: https://safetyware.com/product/safetyware-warning-triangle/. Public catalog price was unavailable; unit_price is an estimated average for similar products in this category.,RM,313.51,193,unit,active,2026-06-15T13:25:21.657742+00:00,2026-06-15T13:25:21.657742+00:00
SWP-19764133,SW-BOLLARD-POSTS-48988-878,SAFETYWARE 30” Soft EVA,Bollard Posts,Safetyware catalog item from category 'Bollard Posts'. Source: https://safetyware.com/product/safetyware-30-soft-eva/. Public catalog price was unavailable; unit_price is an estimated average for similar products in this category.,RM,299.15,247,unit,active,2026-06-15T13:25:21.657742+00:00,2026-06-15T13:25:21.657742+00:00
SWP-70038031,SW-BOLLARD-POSTS-49060-120,SAFETYWARE 43in T-Top Delineator Post,Bollard Posts,Safetyware catalog item from category 'Bollard Posts'. Source: https://safetyware.com/product/safetyware-43in-t-top-delineator-post/. Public catalog price was unavailable; unit_price is an estimated average for similar products in this category.,RM,179.27,408,unit,active,2026-06-15T13:25:21.657742+00:00,2026-06-15T13:25:21.657742+00:00
SWP-90470004,SW-BUMP-CAPS-4024-779,BLUE EAGLE BP65 Bump Cap,Bump Caps,Safetyware catalog item from category 'Bump Caps'. Source: https://safetyware.com/product/blue-eagle-bp65-bump-cap/. Public catalog price was unavailable; unit_price is an estimated average for similar products in this category.,RM,54.56,23,unit,active,2026-06-15T13:25:21.657742+00:00,2026-06-15T13:25:21.657742+00:00
SWP-54925859,SW-BUMP-CAPS-53007-759,HDPE Bump Cap,Bump Caps,Safetyware catalog item from category 'Bump Caps'. Source: https://safetyware.com/product/hdpe-bump-cap/. Public catalog price was unavailable; unit_price is an estimated average for similar products in this category.,RM,72.48,464,unit,active,2026-06-15T13:25:21.657742+00:00,2026-06-15T13:25:21.657742+00:00
SWP-83823805,SW-BUMP-CAPS-19910-424,SAFETYWARE Baseball Style Bump Cap,Bump Caps,Safetyware catalog item from category 'Bump Caps'. Source: https://safetyware.com/product/safetyware-baseball-style-bump-cap/. Public catalog price was unavailable; unit_price is an estimated average for similar products in this category.,RM,114.34,369,unit,active,2026-06-15T13:25:21.657742+00:00,2026-06-15T13:25:21.657742+00:00
SWP-97675284,SW-BUMP-CAPS-53070-456,SAFETYWARE Baseball Cap 6 Panel Brush With Sandwich,Bump Caps,Safetyware catalog item from category 'Bump Caps'. Source: https://safetyware.com/product/safetyware-baseball-cap-6-panel-brush-without-sandwich/. Public catalog price was unavailable; unit_price is an estimated average for similar products in this category.,RM,39.32,479,unit,active,2026-06-15T13:25:21.657742+00:00,2026-06-15T13:25:21.657742+00:00
SWP-66827571,SW-BUMP-CAPS-53114-300,SAFETYWARE Baseball Cap 6 panel brush with Sandwich & 2 Ring Hole,Bump Caps,Safetyware catalog item from category 'Bump Caps'. Source: https://safetyware.com/product/safetyware-baseball-cap-6-panel-brush-with-sandwich-2-ring-hole/. Public catalog price was unavailable; unit_price is an estimated average for similar products in this category.,RM,29.23,338,unit,active,2026-06-15T13:25:21.657742+00:00,2026-06-15T13:25:21.657742+00:00
SWP-13518673,SW-BUMP-CAPS-53212-767,SAFETYWARE Baseball Cap 6 panel brush with Sandwich & Velcro Strap,Bump Caps,Safetyware catalog item from category 'Bump Caps'. Source: https://safetyware.com/product/safetyware-baseball-cap-6-panel-brush-with-sandwich-velcro-strap/. Public catalog price was unavailable; unit_price is an estimated average for similar products in this category.,RM,32.73,269,unit,active,2026-06-15T13:25:21.657742+00:00,2026-06-15T13:25:21.657742+00:00
SWP-47727181,SW-BUMP-CAPS-53055-425,SAFETYWARE Baseball-Style Bump Cap without Sandwich,Bump Caps,Safetyware catalog item from category 'Bump Caps'. Source: https://safetyware.com/product/safetyware-baseball-style-bump-cap-without-sandwich/. Public catalog price was unavailable; unit_price is an estimated average for similar products in this category.,RM,102.79,223,unit,active,2026-06-15T13:25:21.657742+00:00,2026-06-15T13:25:21.657742+00:00
SWP-60354966,SW-BUMP-CAPS-4856-650,Expandable Scalp Cap for Enhanced Head Protection,Bump Caps,Safetyware catalog item from category 'Bump Caps'. Source: https://safetyware.com/product/expandable-scalp-cap-black/. Public catalog price was unavailable; unit_price is an estimated average for similar products in this category.,RM,115.73,443,unit,active,2026-06-15T13:25:21.657742+00:00,2026-06-15T13:25:21.657742+00:00
SWP-15185936,SW-BUMP-CAPS-53042-852,DELTA PLUS Baseball Style Bump Cap with ESD Cover,Bump Caps,Safetyware catalog item from category 'Bump Caps'. Source: https://safetyware.com/product/delta-plus-baseball-style-bump-cap-with-esd-cover/. Public catalog price was unavailable; unit_price is an estimated average for similar products in this category.,RM,25.53,445,unit,active,2026-06-15T13:25:21.657742+00:00,2026-06-15T13:25:21.657742+00:00
SWP-73095789,SW-BUMP-CAPS-56562-288,PORTWEST PS59 AirTech Bump Cap,Bump Caps,Safetyware catalog item from category 'Bump Caps'. Source: https://safetyware.com/product/portwest-ps59-airtech-bump-cap/. Public catalog price was unavailable; unit_price is an estimated average for similar products in this category.,RM,105.26,471,unit,active,2026-06-15T13:25:21.657742+00:00,2026-06-15T13:25:21.657742+00:00
SWP-63236795,SW-BUSINESS-AND-EVENT-MATER-12619-823,Booklets,Business And Event Materials,Safetyware catalog item from category 'Business And Event Materials'. Source: https://safetyware.com/product/booklets/. Public catalog price was unavailable; unit_price is an estimated average for similar products in this category.,RM,446.72,178,unit,active,2026-06-15T13:25:21.657742+00:00,2026-06-15T13:25:21.657742+00:00
SWP-38009209,SW-BUSINESS-AND-EVENT-MATER-12620-372,Brochures,Business And Event Materials,Safetyware catalog item from category 'Business And Event Materials'. Source: https://safetyware.com/product/brochures/. Public catalog price was unavailable; unit_price is an estimated average for similar products in this category.,RM,188.61,84,unit,active,2026-06-15T13:25:21.657742+00:00,2026-06-15T13:25:21.657742+00:00
SWP-92833910,SW-BUSINESS-AND-EVENT-MATER-12606-823,Business Cards,Business And Event Materials,Safetyware catalog item from category 'Business And Event Materials'. Source: https://safetyware.com/product/business-cards/. Public catalog price was unavailable; unit_price is an estimated average for similar products in this category.,RM,115.06,51,unit,active,2026-06-15T13:25:21.657742+00:00,2026-06-15T13:25:21.657742+00:00
SWP-41735670,SW-BUSINESS-AND-EVENT-MATER-12621-762,Flyers,Business And Event Materials,Safetyware catalog item from category 'Business And Event Materials'. Source: https://safetyware.com/product/flyers/. Public catalog price was unavailable; unit_price is an estimated average for similar products in this category.,RM,206.46,52,unit,active,2026-06-15T13:25:21.657742+00:00,2026-06-15T13:25:21.657742+00:00
SWP-74310409,SW-BUSINESS-AND-EVENT-MATER-12607-488,Invitation Cards,Business And Event Materials,Safetyware catalog item from category 'Business And Event Materials'. Source: https://safetyware.com/product/invitation-cards/. Public catalog price was unavailable; unit_price is an estimated average for similar products in this category.,RM,68.96,14,unit,active,2026-06-15T13:25:21.657742+00:00,2026-06-15T13:25:21.657742+00:00
SWP-65791061,SW-BUSINESS-AND-EVENT-MATER-12622-555,Leaflets,Business And Event Materials,Safetyware catalog item from category 'Business And Event Materials'. Source: https://safetyware.com/product/leaflets/. Public catalog price was unavailable; unit_price is an estimated average for similar products in this category.,RM,167.15,94,unit,active,2026-06-15T13:25:21.657742+00:00,2026-06-15T13:25:21.657742+00:00
SWP-27340805,SW-BUSINESS-AND-EVENT-MATER-12608-916,Loyalty Cards,Business And Event Materials,Safetyware catalog item from category 'Business And Event Materials'. Source: https://safetyware.com/product/loyalty-cards/. Public catalog price was unavailable; unit_price is an estimated average for similar products in this category.,RM,290.22,5,unit,active,2026-06-15T13:25:21.657742+00:00,2026-06-15T13:25:21.657742+00:00
SWP-30700796,SW-BUSINESS-AND-EVENT-MATER-12609-565,Membership Cards,Business And Event Materials,Safetyware catalog item from category 'Business And Event Materials'. Source: https://safetyware.com/product/membership-cards/. Public catalog price was unavailable; unit_price is an estimated average for similar products in this category.,RM,447.56,136,unit,active,2026-06-15T13:25:21.657742+00:00,2026-06-15T13:25:21.657742+00:00
SWP-28007528,SW-BUSINESS-AND-EVENT-MATER-12610-391,Mock-Up Cheques,Business And Event Materials,Safetyware catalog item from category 'Business And Event Materials'. Source: https://safetyware.com/product/mock-up-cheques/. Public catalog price was unavailable; unit_price is an estimated average for similar products in this category.,RM,223.69,84,unit,active,2026-06-15T13:25:21.657742+00:00,2026-06-15T13:25:21.657742+00:00
SWP-75674200,SW-BUSINESS-AND-EVENT-MATER-12623-437,Posters,Business And Event Materials,Safetyware catalog item from category 'Business And Event Materials'. Source: https://safetyware.com/product/posters/. Public catalog price was unavailable; unit_price is an estimated average for similar products in this category.,RM,304.45,290,unit,active,2026-06-15T13:25:21.657742+00:00,2026-06-15T13:25:21.657742+00:00
SWP-11485289,SW-CABINETS-10107-404,SRI Fire Extinguisher Cabinet,Cabinets,Safetyware catalog item from category 'Cabinets'. Source: https://safetyware.com/product/sri-fire-extinguisher-cabinet/. Public catalog price was unavailable; unit_price is an estimated average for similar products in this category.,RM,76.58,306,unit,active,2026-06-15T13:25:21.657742+00:00,2026-06-15T13:25:21.657742+00:00
SWP-95261350,SW-CABINETS-57983-657,SRI Model C Hose Cabinet,Cabinets,Safetyware catalog item from category 'Cabinets'. Source: https://safetyware.com/product/sri-model-c-hose-cabinet/. Public catalog price was unavailable; unit_price is an estimated average for similar products in this category.,RM,221.20,75,unit,active,2026-06-15T13:25:21.657742+00:00,2026-06-15T13:25:21.657742+00:00
SWP-20963614,SW-CABINETS-57991-620,SRI Model D Hose Cabinet,Cabinets,Safetyware catalog item from category 'Cabinets'. Source: https://safetyware.com/product/sri-model-d-hose-cabinet/. Public catalog price was unavailable; unit_price is an estimated average for similar products in this category.,RM,175.08,48,unit,active,2026-06-15T13:25:21.657742+00:00,2026-06-15T13:25:21.657742+00:00
SWP-69216230,SW-CABINETS-57494-444,SAFETYWARE Emergency Key Box,Cabinets,Safetyware catalog item from category 'Cabinets'. Source: https://safetyware.com/product/safetyware-emergency-key-box/. Public catalog price was unavailable; unit_price is an estimated average for similar products in this category.,RM,343.99,63,unit,active,2026-06-15T13:25:21.657742+00:00,2026-06-15T13:25:21.657742+00:00
SWP-55407609,SW-CABINETS-57975-401,SAFETYWARE Fire Fighting Kit (Full Set),Cabinets,Safetyware catalog item from category 'Cabinets'. Source: https://safetyware.com/product/safetyware-fire-fighting-kit-full-set/. Public catalog price was unavailable; unit_price is an estimated average for similar products in this category.,RM,380.01,429,unit,active,2026-06-15T13:25:21.657742+00:00,2026-06-15T13:25:21.657742+00:00
SWP-34548593,SW-CABLE-PROTECTORS-49052-402,SAFETYWARE Cable Protector,Cable Protectors,Safetyware catalog item from category 'Cable Protectors'. Source: https://safetyware.com/product/safetyware-cable-protector/. Public catalog price was unavailable; unit_price is an estimated average for similar products in this category.,RM,376.21,201,unit,active,2026-06-15T13:25:21.657742+00:00,2026-06-15T13:25:21.657742+00:00
SWP-17377754,SW-CABLE-PROTECTORS-49528-906,SAFETYWARE Cable Protector,Cable Protectors,Safetyware catalog item from category 'Cable Protectors'. Source: https://safetyware.com/product/safetyware-cable-protector-2/. Public catalog price was unavailable; unit_price is an estimated average for similar products in this category.,RM,102.02,6,unit,active,2026-06-15T13:25:21.657742+00:00,2026-06-15T13:25:21.657742+00:00
SWP-81167897,SW-CABLE-PROTECTORS-49512-577,SAFETYWARE Hose Ramp,Cable Protectors,Safetyware catalog item from category 'Cable Protectors'. Source: https://safetyware.com/product/safetyware-hose-ramp/. Public catalog price was unavailable; unit_price is an estimated average for similar products in this category.,RM,61.40,324,unit,active,2026-06-15T13:25:21.657742+00:00,2026-06-15T13:25:21.657742+00:00
SWP-54825073,SW-CABLE-PROTECTORS-49034-511,SAFETYWARE Rubber Wall Guard,Cable Protectors,Safetyware catalog item from category 'Cable Protectors'. Source: https://safetyware.com/product/safetyware-rubber-wall-guard/. Public catalog price was unavailable; unit_price is an estimated average for similar products in this category.,RM,166.23,407,unit,active,2026-06-15T13:25:21.657742+00:00,2026-06-15T13:25:21.657742+00:00
SWP-31762558,SW-CABLE-PROTECTORS-49038-247,SAFETYWARE Corner Guard,Cable Protectors,Safetyware catalog item from category 'Cable Protectors'. Source: https://safetyware.com/product/safetyware-corner-guard/. Public catalog price was unavailable; unit_price is an estimated average for similar products in this category.,RM,162.76,321,unit,active,2026-06-15T13:25:21.657742+00:00,2026-06-15T13:25:21.657742+00:00
SWP-88408452,SW-CABLE-PROTECTORS-49043-208,SAFETYWARE Rubber Round Corner Guard (Heavy Duty),Cable Protectors,Safetyware catalog item from category 'Cable Protectors'. Source: https://safetyware.com/product/safetyware-heavy-duty-rubber-round-corner-guard/. Public catalog price was unavailable; unit_price is an estimated average for similar products in this category.,RM,436.63,310,unit,active,2026-06-15T13:25:21.657742+00:00,2026-06-15T13:25:21.657742+00:00
SWP-85914330,SW-CABLE-PROTECTORS-49903-483,SAFETYWARE 500mm Column Protector,Cable Protectors,Safetyware catalog item from category 'Cable Protectors'. Source: https://safetyware.com/product/safetyware-500mm-column-protector/. Public catalog price was unavailable; unit_price is an estimated average for similar products in this category.,RM,245.17,170,unit,active,2026-06-15T13:25:21.657742+00:00,2026-06-15T13:25:21.657742+00:00
SWP-85732916,SW-CABLE-LOCKOUT-13820-578,SAFETYWARE Cable Lockout,Cable Lockout,Safetyware catalog item from category 'Cable Lockout'. Source: https://safetyware.com/product/safetyware-cable-lockout/. Public catalog price was unavailable; unit_price is an estimated average for similar products in this category.,RM,383.26,284,unit,active,2026-06-15T13:25:21.657742+00:00,2026-06-15T13:25:21.657742+00:00
SWP-54479309,SW-CABLE-LOCKOUT-13821-153,SAFETYWARE Universal Cable,Cable Lockout,Safetyware catalog item from category 'Cable Lockout'. Source: https://safetyware.com/product/safetyware-universal-cable/. Public catalog price was unavailable; unit_price is an estimated average for similar products in this category.,RM,271.69,243,unit,active,2026-06-15T13:25:21.657742+00:00,2026-06-15T13:25:21.657742+00:00
SWP-62278029,SW-CHEMICAL-HAZMAT-SORBENTS-20993-997,SAFETYWARE SORHAZ-PADS Chemical Sorbent Pads,Chemical Hazmat Sorbents,Safetyware catalog item from category 'Chemical Hazmat Sorbents'. Source: https://safetyware.com/product/safetyware-sorhaz-pads-chemical-sorbent-pads-2/. Public catalog price was unavailable; unit_price is an estimated average for similar products in this category.,RM,340.36,249,pair,active,2026-06-15T13:25:21.657742+00:00,2026-06-15T13:25:21.657742+00:00
SWP-15160656,SW-CHEMICAL-HAZMAT-SORBENTS-20991-566,SAFETYWARE SORHAZ-PILLOWS Chemical Sorbent Pillows,Chemical Hazmat Sorbents,Safetyware catalog item from category 'Chemical Hazmat Sorbents'. Source: https://safetyware.com/product/safetyware-sorhaz-pads-chemical-sorbent-pads/. Public catalog price was unavailable; unit_price is an estimated average for similar products in this category.,RM,267.13,135,unit,active,2026-06-15T13:25:21.657742+00:00,2026-06-15T13:25:21.657742+00:00
SWP-74701141,SW-CHEMICAL-HAZMAT-SORBENTS-20994-897,SAFETYWARE SORHAZ-ROLLS Chemical Sorbent Rolls,Chemical Hazmat Sorbents,Safetyware catalog item from category 'Chemical Hazmat Sorbents'. Source: https://safetyware.com/product/safetyware-sorhaz-rolls-chemical-sorbent-rolls/. Public catalog price was unavailable; unit_price is an estimated average for similar products in this category.,RM,221.01,32,unit,active,2026-06-15T13:25:21.657742+00:00,2026-06-15T13:25:21.657742+00:00
SWP-71416831,SW-CHEMICAL-HAZMAT-SORBENTS-21012-514,SAFETYWARE SORHAZ-SOCKS Chemical Sorbent Socks,Chemical Hazmat Sorbents,Safetyware catalog item from category 'Chemical Hazmat Sorbents'. Source: https://safetyware.com/product/safetyware-sorhaz-socks-chemical-sorbent-socks-2/. Public catalog price was unavailable; unit_price is an estimated average for similar products in this category.,RM,56.20,449,pair,active,2026-06-15T13:25:21.657742+00:00,2026-06-15T13:25:21.657742+00:00
SWP-19447863,SW-CHEMICAL-HAZMAT-SORBENTS-20989-873,SAFETYWARE SORHAZ-BOOMS Chemical Sorbent Booms,Chemical Hazmat Sorbents,Safetyware catalog item from category 'Chemical Hazmat Sorbents'. Source: https://safetyware.com/product/safetyware-sorhaz-booms-chemical-sorbent-booms/. Public catalog price was unavailable; unit_price is an estimated average for similar products in this category.,RM,117.59,36,unit,active,2026-06-15T13:25:21.657742+00:00,2026-06-15T13:25:21.657742+00:00
SWP-11502166,SW-CHEMICAL-HAZMAT-SORBENTS-21332-920,3M Chemical Sorbent Pads,Chemical Hazmat Sorbents,Safetyware catalog item from category 'Chemical Hazmat Sorbents'. Source: https://safetyware.com/product/3m-chemical-sorbent-pads/. Public catalog price was unavailable; unit_price is an estimated average for similar products in this category.,RM,322.94,200,pair,active,2026-06-15T13:25:21.657742+00:00,2026-06-15T13:25:21.657742+00:00
SWP-29842643,SW-CHEMICAL-HAZMAT-SPILL-KI-21050-605,SAFETYWARE SORKIT-C-15L Chemical Sorbent Spill Kit (15 Liters),Chemical Hazmat Spill Kits,Safetyware catalog item from category 'Chemical Hazmat Spill Kits'. Source: https://safetyware.com/product/safetyware-sorkit-c-15l-chemical-sorbent-spill-kit-15-liters/. Public catalog price was unavailable; unit_price is an estimated average for similar products in this category.,RM,438.83,135,unit,active,2026-06-15T13:25:21.657742+00:00,2026-06-15T13:25:21.657742+00:00
SWP-76701495,SW-CHEMICAL-HAZMAT-SPILL-KI-21035-445,SAFETYWARE SORKIT-C-30L Chemical Sorbent Spill Kit (30 Liters),Chemical Hazmat Spill Kits,Safetyware catalog item from category 'Chemical Hazmat Spill Kits'. Source: https://safetyware.com/product/safetyware-sorkit-c-30l-chemical-sorbent-spill-kit-30-liters/. Public catalog price was unavailable; unit_price is an estimated average for similar products in this category.,RM,216.71,391,unit,active,2026-06-15T13:25:21.657742+00:00,2026-06-15T13:25:21.657742+00:00
SWP-87081870,SW-CHEMICAL-HAZMAT-SPILL-KI-21036-904,SAFETYWARE SORKIT-C-50L Chemical Sorbent Spill Kit (50 Liters),Chemical Hazmat Spill Kits,Safetyware catalog item from category 'Chemical Hazmat Spill Kits'. Source: https://safetyware.com/product/safetyware-sorkit-c-50l-chemical-sorbent-spill-kit-50-liters/. Public catalog price was unavailable; unit_price is an estimated average for similar products in this category.,RM,56.94,404,unit,active,2026-06-15T13:25:21.657742+00:00,2026-06-15T13:25:21.657742+00:00
SWP-28967825,SW-CHEMICAL-HAZMAT-SPILL-KI-21088-690,SAFETYWARE SORKIT-C-120L Chemical Sorbent Spill Kit (120 Liters),Chemical Hazmat Spill Kits,Safetyware catalog item from category 'Chemical Hazmat Spill Kits'. Source: https://safetyware.com/product/safetyware-sorkit-c-120l-chemical-sorbent-spill-kit-120-liters-2/. Public catalog price was unavailable; unit_price is an estimated average for similar products in this category.,RM,402.70,338,unit,active,2026-06-15T13:25:21.657742+00:00,2026-06-15T13:25:21.657742+00:00
SWP-24015595,SW-CHEMICAL-HAZMAT-SPILL-KI-21044-432,SAFETYWARE SORKIT-C-240L Chemical Sorbent Spill Kit (240 Liters),Chemical Hazmat Spill Kits,Safetyware catalog item from category 'Chemical Hazmat Spill Kits'. Source: https://safetyware.com/product/safetyware-sorkit-c-240l-chemical-sorbent-spill-kit-240-liters/. Public catalog price was unavailable; unit_price is an estimated average for similar products in this category.,RM,255.67,68,unit,active,2026-06-15T13:25:21.657742+00:00,2026-06-15T13:25:21.657742+00:00
SWP-83162354,SW-CHEMICAL-HAZMAT-SPILL-KI-21093-922,SAFETYWARE SORKIT-C-660L Chemical Sorbent Spill Kit (660 Liters),Chemical Hazmat Spill Kits,Safetyware catalog item from category 'Chemical Hazmat Spill Kits'. Source: https://safetyware.com/product/safetyware-sorkit-c-660l-chemical-sorbent-spill-kit-660-liters/. Public catalog price was unavailable; unit_price is an estimated average for similar products in this category.,RM,372.26,318,unit,active,2026-06-15T13:25:21.657742+00:00,2026-06-15T13:25:21.657742+00:00
SWP-62049375,SW-CHEMICAL-HAZMAT-SPILL-KI-21095-944,"SAFETYWARE SORKIT-C-1100L Chemical Sorbent Spill Kit (1,100 Liters)",Chemical Hazmat Spill Kits,Safetyware catalog item from category 'Chemical Hazmat Spill Kits'. Source: https://safetyware.com/product/safetyware-sorkit-c-1100l-chemical-sorbent-spill-kit-1100-liters/. Public catalog price was unavailable; unit_price is an estimated average for similar products in this category.,RM,471.52,265,unit,active,2026-06-15T13:25:21.657742+00:00,2026-06-15T13:25:21.657742+00:00
SWP-80609133,SW-CHEMICAL-RESISTANT-22915-606,ULTITEC 1000L Disposable Coverall,Chemical Resistant,Safetyware catalog item from category 'Chemical Resistant'. Source: https://safetyware.com/product/ultitec-1000l-disposable-coverall/. Public catalog price was unavailable; unit_price is an estimated average for similar products in this category.,RM,243.73,340,unit,active,2026-06-15T13:25:21.657742+00:00,2026-06-15T13:25:21.657742+00:00
SWP-82194982,SW-CHEMICAL-RESISTANT-24371-407,ULTITEC 1800 Disposable Coverall,Chemical Resistant,Safetyware catalog item from category 'Chemical Resistant'. Source: https://safetyware.com/product/ultitec-1800-disposable-coverall/. Public catalog price was unavailable; unit_price is an estimated average for similar products in this category.,RM,426.49,237,unit,active,2026-06-15T13:25:21.657742+00:00,2026-06-15T13:25:21.657742+00:00
SWP-31966859,SW-CHEMICAL-RESISTANT-24354-610,ULTITEC 1800B Disposable Type 5/6 Coverall,Chemical Resistant,Safetyware catalog item from category 'Chemical Resistant'. Source: https://safetyware.com/product/ultitec-1800b-disposable-type-5-6-coverall/. Public catalog price was unavailable; unit_price is an estimated average for similar products in this category.,RM,172.48,136,unit,active,2026-06-15T13:25:21.657742+00:00,2026-06-15T13:25:21.657742+00:00
SWP-92459875,SW-CHEMICAL-RESISTANT-24383-918,ULTITEC 3000T Premium Disposable Liquid Splash Coverall,Chemical Resistant,Safetyware catalog item from category 'Chemical Resistant'. Source: https://safetyware.com/product/ultitec-3000t-disposable-coverall/. Public catalog price was unavailable; unit_price is an estimated average for similar products in this category.,RM,180.81,8,unit,active,2026-06-15T13:25:21.657742+00:00,2026-06-15T13:25:21.657742+00:00
SWP-60963255,SW-CHEMICAL-RESISTANT-24400-827,ULTITEC 4000 Chemical & Liquid Jet Resistant Coverall,Chemical Resistant,Safetyware catalog item from category 'Chemical Resistant'. Source: https://safetyware.com/product/ultitec-4000-protective-coverall/. Public catalog price was unavailable; unit_price is an estimated average for similar products in this category.,RM,205.85,71,unit,active,2026-06-15T13:25:21.657742+00:00,2026-06-15T13:25:21.657742+00:00
SWP-59133618,SW-CHEMICAL-RESISTANT-50037-690,ULTITEC 4000S Liquid Chemical Resistant Protective Clothing,Chemical Resistant,Safetyware catalog item from category 'Chemical Resistant'. Source: https://safetyware.com/product/ultitec-4000s-liquid-chemical-resistant-protective-clothing/. Public catalog price was unavailable; unit_price is an estimated average for similar products in this category.,RM,473.44,310,unit,active,2026-06-15T13:25:21.657742+00:00,2026-06-15T13:25:21.657742+00:00
SWP-28841818,SW-CHEMICAL-RESISTANT-24676-603,ULTITEC 5000 Protective Coverall,Chemical Resistant,Safetyware catalog item from category 'Chemical Resistant'. Source: https://safetyware.com/product/ultitec-5000-protective-coverall/. Public catalog price was unavailable; unit_price is an estimated average for similar products in this category.,RM,339.35,255,unit,active,2026-06-15T13:25:21.657742+00:00,2026-06-15T13:25:21.657742+00:00
SWP-93851945,SW-CHEMICAL-RESISTANT-13490-425,SAFETYWARE ULTITEC 4000 Boot Cover with Anti-slip Sole,Chemical Resistant,Safetyware catalog item from category 'Chemical Resistant'. Source: https://safetyware.com/product/safetyware-ultitec-4000-boot-cover-with-anti-slip-sole/. Public catalog price was unavailable; unit_price is an estimated average for similar products in this category.,RM,380.67,145,pair,active,2026-06-15T13:25:21.657742+00:00,2026-06-15T13:25:21.657742+00:00
SWP-63832445,SW-CHEMICAL-RESISTANT-4830-851,SAFETYWARE Chemical Resistant Coverall without Reflective Tape,Chemical Resistant,Safetyware catalog item from category 'Chemical Resistant'. Source: https://safetyware.com/product/safetyware-chemical-resistant-coverall-without-reflective-tape/. Public catalog price was unavailable; unit_price is an estimated average for similar products in this category.,RM,63.08,117,unit,active,2026-06-15T13:25:21.657742+00:00,2026-06-15T13:25:21.657742+00:00
SWP-59301548,SW-CHEMICAL-RESISTANT-4831-832,SAFETYWARE Chemical Resistant Jacket,Chemical Resistant,Safetyware catalog item from category 'Chemical Resistant'. Source: https://safetyware.com/product/safetyware-chemical-resistant-jacket/. Public catalog price was unavailable; unit_price is an estimated average for similar products in this category.,RM,89.46,448,unit,active,2026-06-15T13:25:21.657742+00:00,2026-06-15T13:25:21.657742+00:00
SWP-82404529,SW-CHEMICAL-RESISTANT-GLOVE-21419-323,SAFETYWARE GenPlus™ YF1512 Rubber Cleaning Gloves,Chemical Resistant Gloves,Safetyware catalog item from category 'Chemical Resistant Gloves'. Source: https://safetyware.com/product/safetyware-yellow-rubber-dishwashing-gloves/. Public catalog price was unavailable; unit_price is an estimated average for similar products in this category.,RM,6.13,274,pair,active,2026-06-15T13:25:21.657742+00:00,2026-06-15T13:25:21.657742+00:00
SWP-80964247,SW-CHEMICAL-RESISTANT-GLOVE-9147-104,"SAFETYWARE GenPlus™ PF1712 Natural Rubber Gloves (Flocklined, 17 mil, 12″)",Chemical Resistant Gloves,Safetyware catalog item from category 'Chemical Resistant Gloves'. Source: https://safetyware.com/product/safetyware-genplus-pf1712-flocklined-natural-rubber-gloves/. Public catalog price was unavailable; unit_price is an estimated average for similar products in this category.,RM,27.88,323,pair,active,2026-06-15T13:25:21.657742+00:00,2026-06-15T13:25:21.657742+00:00
SWP-23570169,SW-CHEMICAL-RESISTANT-GLOVE-9148-958,"SAFETYWARE FoodPlus™ AU1712 Natural Rubber Gloves (Unlined, 17 mil, 12″)",Chemical Resistant Gloves,Safetyware catalog item from category 'Chemical Resistant Gloves'. Source: https://safetyware.com/product/safetyware-foodplus-au1712-unlined-natural-rubber-gloves/. Public catalog price was unavailable; unit_price is an estimated average for similar products in this category.,RM,39.16,408,pair,active,2026-06-15T13:25:21.657742+00:00,2026-06-15T13:25:21.657742+00:00
SWP-53513934,SW-CHEMICAL-RESISTANT-GLOVE-9149-639,"SAFETYWARE FoodPlus™ BU1712 Natural Rubber Gloves (Unlined, 17 mil, 12″)",Chemical Resistant Gloves,Safetyware catalog item from category 'Chemical Resistant Gloves'. Source: https://safetyware.com/product/safetyware-foodplus-bu1712-unlined-natural-rubber-gloves/. Public catalog price was unavailable; unit_price is an estimated average for similar products in this category.,RM,6.79,159,pair,active,2026-06-15T13:25:21.657742+00:00,2026-06-15T13:25:21.657742+00:00
SWP-61235966,SW-CHEMICAL-RESISTANT-GLOVE-9151-348,"SAFETYWARE Duramax™ HF2813-ORN Heavy Duty Natural Rubber Gloves (Flocklined, 28 mil, 12.5″)",Chemical Resistant Gloves,Safetyware catalog item from category 'Chemical Resistant Gloves'. Source: https://safetyware.com/product/safetyware-duramax-hf2813-orn-heavy-duty-flocklined-natural-rubber-gloves/. Public catalog price was unavailable; unit_price is an estimated average for similar products in this category.,RM,15.66,114,pair,active,2026-06-15T13:25:21.657742+00:00,2026-06-15T13:25:21.657742+00:00
SWP-35763345,SW-CHEMICAL-RESISTANT-GLOVE-9152-518,"SAFETYWARE Duoprene™ BC2113 Neoprene Blended Gloves (Flocklined, 21 mil, 13″)",Chemical Resistant Gloves,Safetyware catalog item from category 'Chemical Resistant Gloves'. Source: https://safetyware.com/product/safetyware-duoprene-bc2113-neoprene-blended-gloves/. Public catalog price was unavailable; unit_price is an estimated average for similar products in this category.,RM,30.12,351,pair,active,2026-06-15T13:25:21.657742+00:00,2026-06-15T13:25:21.657742+00:00
SWP-32510889,SW-CHEMICAL-RESISTANT-GLOVE-9153-574,"SAFETYWARE NeoPlus™ NEO2813 Neoprene Gloves (Flocklined, 28 mil, 13″)",Chemical Resistant Gloves,Safetyware catalog item from category 'Chemical Resistant Gloves'. Source: https://safetyware.com/product/safetyware-neoplus-neo2813-flocklined-neoprene-gloves/. Public catalog price was unavailable; unit_price is an estimated average for similar products in this category.,RM,37.61,391,pair,active,2026-06-15T13:25:21.657742+00:00,2026-06-15T13:25:21.657742+00:00
SWP-88823747,SW-CHEMICAL-RESISTANT-GLOVE-9154-631,SAFETYWARE Neo-Saf™ NEA390 Heavy Duty Neoprene Supported Gloves with Acrylic Liner,Chemical Resistant Gloves,Safetyware catalog item from category 'Chemical Resistant Gloves'. Source: https://safetyware.com/product/safetyware-neo-saf-nea390-heavy-duty-neoprene-supported-gloves-with-acrylic-liner/. Public catalog price was unavailable; unit_price is an estimated average for similar products in this category.,RM,21.47,205,pair,active,2026-06-15T13:25:21.657742+00:00,2026-06-15T13:25:21.657742+00:00
SWP-47549840,SW-CHEMICAL-RESISTANT-GLOVE-9155-187,"SAFETYWARE Chem-Pro™ GNF1513 Nitrile Gloves (Flocklined, 15 mil, 13″)",Chemical Resistant Gloves,Safetyware catalog item from category 'Chemical Resistant Gloves'. Source: https://safetyware.com/product/safetyware-chem-pro-gnf1513-flocklined-nitrile-gloves/. Public catalog price was unavailable; unit_price is an estimated average for similar products in this category.,RM,28.54,418,pair,active,2026-06-15T13:25:21.657742+00:00,2026-06-15T13:25:21.657742+00:00
SWP-30881958,SW-CHEMICAL-RESISTANT-GLOVE-9160-193,"SAFETYWARE Chem-Pro™ GNF1813 Nitrile Gloves (Flocklined, 18 mil, 13″)",Chemical Resistant Gloves,Safetyware catalog item from category 'Chemical Resistant Gloves'. Source: https://safetyware.com/product/safetyware-chem-pro-gnf1813-flocklined-nitrile-gloves/. Public catalog price was unavailable; unit_price is an estimated average for similar products in this category.,RM,11.62,66,pair,active,2026-06-15T13:25:21.657742+00:00,2026-06-15T13:25:21.657742+00:00
SWP-24500878,SW-CHEMICAL-STORAGE-HAZARD--44650-439,"QUICKSIGN Chemical Storage Hazard Sign – UD001 Danger, Toxic",Chemical Storage Hazard Signs,Safetyware catalog item from category 'Chemical Storage Hazard Signs'. Source: https://safetyware.com/product/quicksign-chemical-storage-hazard-sign-ud001-danger-toxic/. Public catalog price was unavailable; unit_price is an estimated average for similar products in this category.,RM,33.72,18,pack,active,2026-06-15T13:25:21.657742+00:00,2026-06-15T13:25:21.657742+00:00
SWP-36277028,SW-CHEMICAL-STORAGE-HAZARD--44678-945,"QUICKSIGN Chemical Storage Hazard Sign – UD002 Danger, Very Toxic",Chemical Storage Hazard Signs,Safetyware catalog item from category 'Chemical Storage Hazard Signs'. Source: https://safetyware.com/product/quicksign-chemical-storage-hazard-sign-ud002-danger-very-toxic/. Public catalog price was unavailable; unit_price is an estimated average for similar products in this category.,RM,41.21,231,pack,active,2026-06-15T13:25:21.657742+00:00,2026-06-15T13:25:21.657742+00:00
SWP-96995390,SW-CHEMICAL-STORAGE-HAZARD--44699-658,"QUICKSIGN Chemical Storage Hazard Sign – UD003 Danger, Irritant Chemical",Chemical Storage Hazard Signs,Safetyware catalog item from category 'Chemical Storage Hazard Signs'. Source: https://safetyware.com/product/quicksign-chemical-storage-hazard-sign-ud003-danger-irritant-chemical/. Public catalog price was unavailable; unit_price is an estimated average for similar products in this category.,RM,32.91,209,pack,active,2026-06-15T13:25:21.657742+00:00,2026-06-15T13:25:21.657742+00:00
SWP-63456677,SW-CHEMICAL-STORAGE-HAZARD--44700-912,"QUICKSIGN Chemical Storage Hazard Sign – UD004 Danger, Harmful Chemical",Chemical Storage Hazard Signs,Safetyware catalog item from category 'Chemical Storage Hazard Signs'. Source: https://safetyware.com/product/quicksign-chemical-storage-hazard-sign-ud004-danger-harmful-chemical/. Public catalog price was unavailable; unit_price is an estimated average for similar products in this category.,RM,46.72,118,pack,active,2026-06-15T13:25:21.657742+00:00,2026-06-15T13:25:21.657742+00:00
SWP-19472275,SW-CHEMICAL-STORAGE-HAZARD--44742-222,"QUICKSIGN Chemical Storage Hazard Sign – UD005 Danger, Corrosive Material",Chemical Storage Hazard Signs,Safetyware catalog item from category 'Chemical Storage Hazard Signs'. Source: https://safetyware.com/product/quicksign-chemical-storage-hazard-sign-ud005-danger-corrosive-material/. Public catalog price was unavailable; unit_price is an estimated average for similar products in this category.,RM,23.13,344,pack,active,2026-06-15T13:25:21.657742+00:00,2026-06-15T13:25:21.657742+00:00
SWP-83914502,SW-CHEMICAL-STORAGE-HAZARD--44762-612,"QUICKSIGN Chemical Storage Hazard Sign – UD006 Danger, Explosive Material",Chemical Storage Hazard Signs,Safetyware catalog item from category 'Chemical Storage Hazard Signs'. Source: https://safetyware.com/product/quicksign-chemical-storage-hazard-sign-ud006-danger-explosive-material/. Public catalog price was unavailable; unit_price is an estimated average for similar products in this category.,RM,29.13,431,pack,active,2026-06-15T13:25:21.657742+00:00,2026-06-15T13:25:21.657742+00:00
SWP-26674701,SW-CHEMICAL-STORAGE-HAZARD--44764-635,"QUICKSIGN Chemical Storage Hazard Sign – UD007 Danger, Flammable Material",Chemical Storage Hazard Signs,Safetyware catalog item from category 'Chemical Storage Hazard Signs'. Source: https://safetyware.com/product/quicksign-chemical-storage-hazard-sign-ud007-danger-flammable-material/. Public catalog price was unavailable; unit_price is an estimated average for similar products in this category.,RM,29.44,264,pack,active,2026-06-15T13:25:21.657742+00:00,2026-06-15T13:25:21.657742+00:00
SWP-80499427,SW-CHEMICAL-STORAGE-HAZARD--44847-830,"QUICKSIGN Chemical Storage Hazard Sign – UD008 Danger, Oxidizing Agent",Chemical Storage Hazard Signs,Safetyware catalog item from category 'Chemical Storage Hazard Signs'. Source: https://safetyware.com/product/quicksign-chemical-storage-hazard-sign-ud008-danger-oxidizing-agent/. Public catalog price was unavailable; unit_price is an estimated average for similar products in this category.,RM,31.26,198,pack,active,2026-06-15T13:25:21.657742+00:00,2026-06-15T13:25:21.657742+00:00
SWP-73000017,SW-CHEMICAL-STORAGE-HAZARD--44868-869,"QUICKSIGN Chemical Storage Hazard Sign – UD009 Danger, Very Flammable Material",Chemical Storage Hazard Signs,Safetyware catalog item from category 'Chemical Storage Hazard Signs'. Source: https://safetyware.com/product/quicksign-chemical-storage-hazard-sign-ud009-danger-very-flammable-material/. Public catalog price was unavailable; unit_price is an estimated average for similar products in this category.,RM,34.44,225,pack,active,2026-06-15T13:25:21.657742+00:00,2026-06-15T13:25:21.657742+00:00
SWP-57817046,SW-CHEMICAL-STORAGE-HAZARD--44876-749,QUICKSIGN Chemical Storage Hazard Sign – UD010 No Authorized Access,Chemical Storage Hazard Signs,Safetyware catalog item from category 'Chemical Storage Hazard Signs'. Source: https://safetyware.com/product/quicksign-chemical-storage-hazard-sign-ud010-no-authorized-access/. Public catalog price was unavailable; unit_price is an estimated average for similar products in this category.,RM,17.39,230,pack,active,2026-06-15T13:25:21.657742+00:00,2026-06-15T13:25:21.657742+00:00
SWP-87720223,SW-CLEANROOM-AND-ESD-APPARE-43584-261,SAFETYWARE Cleanroom ESD Jacket Shirt Collar (0.5mm Cross Grid),Cleanroom And Esd Apparel,Safetyware catalog item from category 'Cleanroom And Esd Apparel'. Source: https://safetyware.com/product/safetyware-cleanroom-esd-jacket-shirt-collar-0-5mm-cross-grid/. Public catalog price was unavailable; unit_price is an estimated average for similar products in this category.,RM,126.16,493,unit,active,2026-06-15T13:25:21.657742+00:00,2026-06-15T13:25:21.657742+00:00
SWP-29220353,SW-CLEANROOM-AND-ESD-APPARE-30023-718,SAFETYWARE Cleanroom ESD Jacket Shirt Collar (0.5mm Stripe Line),Cleanroom And Esd Apparel,Safetyware catalog item from category 'Cleanroom And Esd Apparel'. Source: https://safetyware.com/product/safetyware-antistatic-jacket-w-hood/. Public catalog price was unavailable; unit_price is an estimated average for similar products in this category.,RM,126.56,125,unit,active,2026-06-15T13:25:21.657742+00:00,2026-06-15T13:25:21.657742+00:00
SWP-75194828,SW-CLEANROOM-AND-ESD-APPARE-43168-779,SAFETYWARE Cleanroom ESD Jumpsuit Hood with Velcro (0.5mm Cross Grid),Cleanroom And Esd Apparel,Safetyware catalog item from category 'Cleanroom And Esd Apparel'. Source: https://safetyware.com/product/safetyware-cleanroom-esd-jumpsuit-hood-with-velcro-0-5mm-cross-grid/. Public catalog price was unavailable; unit_price is an estimated average for similar products in this category.,RM,210.15,81,unit,active,2026-06-15T13:25:21.657742+00:00,2026-06-15T13:25:21.657742+00:00
SWP-13597817,SW-CLEANROOM-AND-ESD-APPARE-43040-108,SAFETYWARE Cleanroom ESD Jumpsuit Hood with Velcro (0.5mm Stripe Line),Cleanroom And Esd Apparel,Safetyware catalog item from category 'Cleanroom And Esd Apparel'. Source: https://safetyware.com/product/safetyware-cleanroom-esd-jumpsuit-hood-with-velcro-0-5mm-stripe-line/. Public catalog price was unavailable; unit_price is an estimated average for similar products in this category.,RM,68.50,369,unit,active,2026-06-15T13:25:21.657742+00:00,2026-06-15T13:25:21.657742+00:00
SWP-56202782,SW-CLEANROOM-AND-ESD-APPARE-35599-707,SAFETYWARE Cleanroom ESD Jumpsuit W/ Hood (0.5mm Cross Grid),Cleanroom And Esd Apparel,Safetyware catalog item from category 'Cleanroom And Esd Apparel'. Source: https://safetyware.com/product/safetyware-cleanroom-esd-jumpsuit-w-hood-0-5mm-cross-grid/. Public catalog price was unavailable; unit_price is an estimated average for similar products in this category.,RM,211.22,294,unit,active,2026-06-15T13:25:21.657742+00:00,2026-06-15T13:25:21.657742+00:00
SWP-88117108,SW-CLEANROOM-AND-ESD-APPARE-30186-894,SAFETYWARE Cleanroom ESD Pant (0.5mm Stripe Line),Cleanroom And Esd Apparel,Safetyware catalog item from category 'Cleanroom And Esd Apparel'. Source: https://safetyware.com/product/safetyware-antistatic-pant-2/. Public catalog price was unavailable; unit_price is an estimated average for similar products in this category.,RM,115.24,249,unit,active,2026-06-15T13:25:21.657742+00:00,2026-06-15T13:25:21.657742+00:00
SWP-72050394,SW-CLEANROOM-AND-ESD-APPARE-43496-280,SAFETYWARE Cleanroom ESD Pant (0.5mm Stripe Line),Cleanroom And Esd Apparel,Safetyware catalog item from category 'Cleanroom And Esd Apparel'. Source: https://safetyware.com/product/safetyware-cleanroom-esd-pant-0-5mm-stripe-line/. Public catalog price was unavailable; unit_price is an estimated average for similar products in this category.,RM,170.56,385,unit,active,2026-06-15T13:25:21.657742+00:00,2026-06-15T13:25:21.657742+00:00
SWP-17589709,SW-CLEANROOM-AND-ESD-APPARE-42928-207,SAFETYWARE Cleanroom ESD Smock Shirt Type Collar (0.5mm Cross Grid),Cleanroom And Esd Apparel,Safetyware catalog item from category 'Cleanroom And Esd Apparel'. Source: https://safetyware.com/product/safetyware-cleanroom-esd-smock-shirt-type-collar-0-5mm-cross-grid/. Public catalog price was unavailable; unit_price is an estimated average for similar products in this category.,RM,215.52,30,unit,active,2026-06-15T13:25:21.657742+00:00,2026-06-15T13:25:21.657742+00:00
SWP-18110327,SW-CLEANROOM-AND-ESD-APPARE-42790-733,SAFETYWARE Cleanroom ESD Smock Shirt Type Collar (0.5mm Stripe Line),Cleanroom And Esd Apparel,Safetyware catalog item from category 'Cleanroom And Esd Apparel'. Source: https://safetyware.com/product/safetyware-cleanroom-esd-smock-shirt-type-collar/. Public catalog price was unavailable; unit_price is an estimated average for similar products in this category.,RM,188.14,234,unit,active,2026-06-15T13:25:21.657742+00:00,2026-06-15T13:25:21.657742+00:00
SWP-76471176,SW-CLEANROOM-AND-ESD-APPARE-35768-595,SAFETYWARE Cleanroom ESD Smock Shirt Type Collar + Labcoat Design at Rear (0.5mm Stripe Line),Cleanroom And Esd Apparel,Safetyware catalog item from category 'Cleanroom And Esd Apparel'. Source: https://safetyware.com/product/safetyware-cleanroom-esd-smock-shirt-type-collar-labcoat-design-at-rear-0-5mm-stripe-line/. Public catalog price was unavailable; unit_price is an estimated average for similar products in this category.,RM,116.66,93,pack,active,2026-06-15T13:25:21.657742+00:00,2026-06-15T13:25:21.657742+00:00
SWP-22314164,SW-CLEANROOM-WIPERS-27413-493,CLEANWARE Lint-Free ESD Microfiber Wipe (180 GSM),Cleanroom Wipers,Safetyware catalog item from category 'Cleanroom Wipers'. Source: https://safetyware.com/product/cleanware-lint-free-esd-microfiber-wipe/. Public catalog price was unavailable; unit_price is an estimated average for similar products in this category.,RM,71.93,305,pack,active,2026-06-15T13:25:21.657742+00:00,2026-06-15T13:25:21.657742+00:00
SWP-57920963,SW-CLEANROOM-WIPERS-27418-455,CLEANWARE Cleanroom ESD Polyester Wipers (110 GSM),Cleanroom Wipers,Safetyware catalog item from category 'Cleanroom Wipers'. Source: https://safetyware.com/product/cleanware-cleanroom-esd-polyester-wipers/. Public catalog price was unavailable; unit_price is an estimated average for similar products in this category.,RM,76.87,180,pack,active,2026-06-15T13:25:21.657742+00:00,2026-06-15T13:25:21.657742+00:00
SWP-73904072,SW-CLEANROOM-WIPERS-27423-692,CLEANWARE Cleanroom ESD Polyester Wipers (130 GSM),Cleanroom Wipers,Safetyware catalog item from category 'Cleanroom Wipers'. Source: https://safetyware.com/product/cleanware-cleanroom-esd-polyester-wipers-2/. Public catalog price was unavailable; unit_price is an estimated average for similar products in this category.,RM,90.63,180,pack,active,2026-06-15T13:25:21.657742+00:00,2026-06-15T13:25:21.657742+00:00
SWP-24373406,SW-COLD-RESISTANT-36680-442,PORTWEST Coldstore Coverall,Cold Resistant,Safetyware catalog item from category 'Cold Resistant'. Source: https://safetyware.com/product/portwest-coldstore-coverall/. Public catalog price was unavailable; unit_price is an estimated average for similar products in this category.,RM,80.44,192,unit,active,2026-06-15T13:25:21.657742+00:00,2026-06-15T13:25:21.657742+00:00
SWP-22909100,SW-COLD-RESISTANT-55183-167,PORTWEST Coldstore Jacket,Cold Resistant,Safetyware catalog item from category 'Cold Resistant'. Source: https://safetyware.com/product/portwest-coldstore-jacket/. Public catalog price was unavailable; unit_price is an estimated average for similar products in this category.,RM,116.61,103,unit,active,2026-06-15T13:25:21.657742+00:00,2026-06-15T13:25:21.657742+00:00
SWP-84076385,SW-COLD-RESISTANT-55171-538,PORTWEST Coldstore Trouser,Cold Resistant,Safetyware catalog item from category 'Cold Resistant'. Source: https://safetyware.com/product/portwest-coldstore-trouser/. Public catalog price was unavailable; unit_price is an estimated average for similar products in this category.,RM,371.16,8,unit,active,2026-06-15T13:25:21.657742+00:00,2026-06-15T13:25:21.657742+00:00
SWP-43759014,SW-COLD-RESISTANT-GLOVES-9243-197,SAFETYWARE TempGard™ HCG14 Heat & Cold Resistant Liquid Silicone Gloves,Cold Resistant Gloves,Safetyware catalog item from category 'Cold Resistant Gloves'. Source: https://safetyware.com/product/safetyware-tempgard-hcg14-heat-cold-resistant-liquid-silicone-gloves/. Public catalog price was unavailable; unit_price is an estimated average for similar products in this category.,RM,34.96,181,pair,active,2026-06-15T13:25:21.657742+00:00,2026-06-15T13:25:21.657742+00:00
SWP-22790884,SW-COLD-RESISTANT-GLOVES-9255-765,SAFETYWARE FrostArmor™ CRG02 Cold Resistant Gloves,Cold Resistant Gloves,Safetyware catalog item from category 'Cold Resistant Gloves'. Source: https://safetyware.com/product/safetyware-frostarmor-cold-resistant-gloves/. Public catalog price was unavailable; unit_price is an estimated average for similar products in this category.,RM,23.97,181,pair,active,2026-06-15T13:25:21.657742+00:00,2026-06-15T13:25:21.657742+00:00
SWP-95877700,SW-COLD-RESISTANT-GLOVES-1423-224,"SAFETYWARE CryoArmor™ Cryogenic Protection Gloves, 38cm",Cold Resistant Gloves,Safetyware catalog item from category 'Cold Resistant Gloves'. Source: https://safetyware.com/product/safetyware-cryoarmor-cryogenic-protection-gloves/. Public catalog price was unavailable; unit_price is an estimated average for similar products in this category.,RM,44.73,253,pair,active,2026-06-15T13:25:21.657742+00:00,2026-06-15T13:25:21.657742+00:00
SWP-48571091,SW-COLD-RESISTANT-GLOVES-9257-774,"SAFETYWARE CryoArmor™ Cryogenic Protection Gloves, 48cm",Cold Resistant Gloves,Safetyware catalog item from category 'Cold Resistant Gloves'. Source: https://safetyware.com/product/safetyware-cryoarmor-cryogenic-protection-gloves-48cm/. Public catalog price was unavailable; unit_price is an estimated average for similar products in this category.,RM,24.86,12,pair,active,2026-06-15T13:25:21.657742+00:00,2026-06-15T13:25:21.657742+00:00
SWP-94620787,SW-COLD-RESISTANT-GLOVES-9258-480,"SAFETYWARE CryoArmor™ Cryogenic Protection Gloves, 58cm",Cold Resistant Gloves,Safetyware catalog item from category 'Cold Resistant Gloves'. Source: https://safetyware.com/product/safetyware-cryoarmor-cryogenic-protection-gloves-58cm/. Public catalog price was unavailable; unit_price is an estimated average for similar products in this category.,RM,6.04,500,pair,active,2026-06-15T13:25:21.657742+00:00,2026-06-15T13:25:21.657742+00:00
SWP-79277728,SW-COLD-RESISTANT-GLOVES-46614-509,PORTWEST AP01 Thermo Pro Glove,Cold Resistant Gloves,Safetyware catalog item from category 'Cold Resistant Gloves'. Source: https://safetyware.com/product/portwest-ap01-thermo-pro-glove/. Public catalog price was unavailable; unit_price is an estimated average for similar products in this category.,RM,27.06,106,pair,active,2026-06-15T13:25:21.657742+00:00,2026-06-15T13:25:21.657742+00:00
SWP-10004361,SW-COLD-RESISTANT-GLOVES-46163-879,PORTWEST Apacha Cold Store Glove,Cold Resistant Gloves,Safetyware catalog item from category 'Cold Resistant Gloves'. Source: https://safetyware.com/product/portwest-apacha-cold-store-glove/. Public catalog price was unavailable; unit_price is an estimated average for similar products in this category.,RM,44.87,486,pair,active,2026-06-15T13:25:21.657742+00:00,2026-06-15T13:25:21.657742+00:00
SWP-38562771,SW-COLD-RESISTANT-GLOVES-47673-534,PORTWEST A140 – Thermal Grip Glove – Latex Black,Cold Resistant Gloves,Safetyware catalog item from category 'Cold Resistant Gloves'. Source: https://safetyware.com/product/portwest-a140-thermal-grip-glove-latex-black/. Public catalog price was unavailable; unit_price is an estimated average for similar products in this category.,RM,14.40,237,pair,active,2026-06-15T13:25:21.657742+00:00,2026-06-15T13:25:21.657742+00:00
SWP-34066167,SW-COLD-RESISTANT-GLOVES-47945-779,QRP 50G Heat & Cold-Resistant 14” Qualatherm 1400 Gloves,Cold Resistant Gloves,Safetyware catalog item from category 'Cold Resistant Gloves'. Source: https://safetyware.com/product/qrp-50g-heat-cold-resistant-14-qualatherm-1400-gloves/. Public catalog price was unavailable; unit_price is an estimated average for similar products in this category.,RM,32.44,498,pair,active,2026-06-15T13:25:21.657742+00:00,2026-06-15T13:25:21.657742+00:00
SWP-35932973,SW-CONFINED-SPACE-24946-156,KSTRONG 10FT Megapod Tripod for 2 Users,Confined Space,Safetyware catalog item from category 'Confined Space'. Source: https://safetyware.com/product/kstrong-10ft-megapod-tripod-for-2-users/. Public catalog price was unavailable; unit_price is an estimated average for similar products in this category.,RM,74.88,270,unit,active,2026-06-15T13:25:21.657742+00:00,2026-06-15T13:25:21.657742+00:00
SWP-71881279,SW-CONFINED-SPACE-24929-228,KSTRONG 7FT Megapod Tripod for 2 Users,Confined Space,Safetyware catalog item from category 'Confined Space'. Source: https://safetyware.com/product/kstrong-7ft-megapod-tripod-for-2-users/. Public catalog price was unavailable; unit_price is an estimated average for similar products in this category.,RM,262.45,477,unit,active,2026-06-15T13:25:21.657742+00:00,2026-06-15T13:25:21.657742+00:00
SWP-29273792,SW-CONFINED-SPACE-24965-566,KSTRONG Extreme 20M Type B Winch,Confined Space,Safetyware catalog item from category 'Confined Space'. Source: https://safetyware.com/product/kstrong-extreme-20m-type-b-winch/. Public catalog price was unavailable; unit_price is an estimated average for similar products in this category.,RM,117.22,442,unit,active,2026-06-15T13:25:21.657742+00:00,2026-06-15T13:25:21.657742+00:00
SWP-55289246,SW-CONFINED-SPACE-24999-548,KSTRONG Extreme 20M Type B Winch (Stainless Steel Cable & Hook),Confined Space,Safetyware catalog item from category 'Confined Space'. Source: https://safetyware.com/product/kstrong-extreme-20m-type-b-winch-stainless-steel-cable-hook/. Public catalog price was unavailable; unit_price is an estimated average for similar products in this category.,RM,211.79,96,unit,active,2026-06-15T13:25:21.657742+00:00,2026-06-15T13:25:21.657742+00:00
SWP-63353164,SW-CONFINED-SPACE-24201-155,KSTRONG Extreme Personal Winch (20 Meter),Confined Space,Safetyware catalog item from category 'Confined Space'. Source: https://safetyware.com/product/kstrong-extreme-personal-winch-20-meter/. Public catalog price was unavailable; unit_price is an estimated average for similar products in this category.,RM,164.44,379,unit,active,2026-06-15T13:25:21.657742+00:00,2026-06-15T13:25:21.657742+00:00
SWP-17353269,SW-CONFINED-SPACE-24207-492,KSTRONG Extreme Personal Winch (35 Meter),Confined Space,Safetyware catalog item from category 'Confined Space'. Source: https://safetyware.com/product/kstrong-extreme-personal-winch-35-meter/. Public catalog price was unavailable; unit_price is an estimated average for similar products in this category.,RM,384.56,498,unit,active,2026-06-15T13:25:21.657742+00:00,2026-06-15T13:25:21.657742+00:00
SWP-31371178,SW-CONFINED-SPACE-25024-732,KSTRONG Extreme Stainless Steel Davit,Confined Space,Safetyware catalog item from category 'Confined Space'. Source: https://safetyware.com/product/kstrong-extreme-stainless-steel-davit/. Public catalog price was unavailable; unit_price is an estimated average for similar products in this category.,RM,321.05,66,unit,active,2026-06-15T13:25:21.657742+00:00,2026-06-15T13:25:21.657742+00:00
SWP-76786214,SW-CONFINED-SPACE-25061-431,KSTRONG H-Base Davit Arm,Confined Space,Safetyware catalog item from category 'Confined Space'. Source: https://safetyware.com/product/kstrong-h-base-davit-arm/. Public catalog price was unavailable; unit_price is an estimated average for similar products in this category.,RM,264.33,98,unit,active,2026-06-15T13:25:21.657742+00:00,2026-06-15T13:25:21.657742+00:00
SWP-95740353,SW-CONFINED-SPACE-24213-572,KSTRONG Material or Personal Winch (40 Meter),Confined Space,Safetyware catalog item from category 'Confined Space'. Source: https://safetyware.com/product/kstrong-material-or-personal-winch-40-meter/. Public catalog price was unavailable; unit_price is an estimated average for similar products in this category.,RM,211.18,447,unit,active,2026-06-15T13:25:21.657742+00:00,2026-06-15T13:25:21.657742+00:00
SWP-36881570,SW-CONFINED-SPACE-25067-278,KSTRONG Modular Davits with Floor Mounting Base,Confined Space,Safetyware catalog item from category 'Confined Space'. Source: https://safetyware.com/product/kstrong-modular-davits-with-floor-mounting-base/. Public catalog price was unavailable; unit_price is an estimated average for similar products in this category.,RM,329.53,169,unit,active,2026-06-15T13:25:21.657742+00:00,2026-06-15T13:25:21.657742+00:00
SWP-90771689,SW-FALL-PROTECTION-CONNECTO-14261-611,KSTRONG Aluminum Double Action Karabiner,Fall Protection Connectors,Safetyware catalog item from category 'Fall Protection Connectors'. Source: https://safetyware.com/product/kstrong-aluminum-double-action-karabiner/. Public catalog price was unavailable; unit_price is an estimated average for similar products in this category.,RM,232.39,105,unit,active,2026-06-15T13:25:21.657742+00:00,2026-06-15T13:25:21.657742+00:00
SWP-11649638,SW-FALL-PROTECTION-CONNECTO-14249-124,KSTRONG Aluminum Screw Gate Karabiner,Fall Protection Connectors,Safetyware catalog item from category 'Fall Protection Connectors'. Source: https://safetyware.com/product/kstrong-aluminum-screw-gate-karabiner/. Public catalog price was unavailable; unit_price is an estimated average for similar products in this category.,RM,133.19,414,unit,active,2026-06-15T13:25:21.657742+00:00,2026-06-15T13:25:21.657742+00:00
SWP-84550598,SW-FALL-PROTECTION-CONNECTO-14255-657,KSTRONG Aluminum Triple Action Karabiner,Fall Protection Connectors,Safetyware catalog item from category 'Fall Protection Connectors'. Source: https://safetyware.com/product/kstrong-aluminum-triple-action-karabiner/. Public catalog price was unavailable; unit_price is an estimated average for similar products in this category.,RM,187.88,495,unit,active,2026-06-15T13:25:21.657742+00:00,2026-06-15T13:25:21.657742+00:00
SWP-32930686,SW-FALL-PROTECTION-CONNECTO-14243-303,KSTRONG Steel Double Action Bulb Type Karabiner,Fall Protection Connectors,Safetyware catalog item from category 'Fall Protection Connectors'. Source: https://safetyware.com/product/kstrong-steel-double-action-bulb-type-karabiner/. Public catalog price was unavailable; unit_price is an estimated average for similar products in this category.,RM,238.63,385,unit,active,2026-06-15T13:25:21.657742+00:00,2026-06-15T13:25:21.657742+00:00
SWP-37659268,SW-FALL-PROTECTION-CONNECTO-14041-252,KSTRONG Steel Double Action Karabiner,Fall Protection Connectors,Safetyware catalog item from category 'Fall Protection Connectors'. Source: https://safetyware.com/product/kstrong-steel-double-action-karabiner/. Public catalog price was unavailable; unit_price is an estimated average for similar products in this category.,RM,233.44,201,unit,active,2026-06-15T13:25:21.657742+00:00,2026-06-15T13:25:21.657742+00:00
SWP-31932378,SW-FALL-PROTECTION-CONNECTO-14147-727,KSTRONG Steel Quarter Turn Locking Karabiner (Bulb Type),Fall Protection Connectors,Safetyware catalog item from category 'Fall Protection Connectors'. Source: https://safetyware.com/product/kstrong-steel-quarter-turn-locking-karabiner-bulb-type/. Public catalog price was unavailable; unit_price is an estimated average for similar products in this category.,RM,223.76,281,unit,active,2026-06-15T13:25:21.657742+00:00,2026-06-15T13:25:21.657742+00:00
SWP-90835786,SW-FALL-PROTECTION-CONNECTO-14232-335,KSTRONG Steel Screw Gate Karabiner,Fall Protection Connectors,Safetyware catalog item from category 'Fall Protection Connectors'. Source: https://safetyware.com/product/kstrong-steel-screw-gate-karabiner/. Public catalog price was unavailable; unit_price is an estimated average for similar products in this category.,RM,356.91,14,unit,active,2026-06-15T13:25:21.657742+00:00,2026-06-15T13:25:21.657742+00:00
SWP-44430616,SW-FALL-PROTECTION-CONNECTO-14226-812,KSTRONG Steel Triple Action Locking Karabiner,Fall Protection Connectors,Safetyware catalog item from category 'Fall Protection Connectors'. Source: https://safetyware.com/product/kstrong-steel-triple-action-locking-karabiner/. Public catalog price was unavailable; unit_price is an estimated average for similar products in this category.,RM,334.50,51,unit,active,2026-06-15T13:25:21.657742+00:00,2026-06-15T13:25:21.657742+00:00
SWP-72556089,SW-FALL-PROTECTION-CONNECTO-7415-655,SAFETYWARE Steel Carabiner with Screw Gate,Fall Protection Connectors,Safetyware catalog item from category 'Fall Protection Connectors'. Source: https://safetyware.com/product/safetyware-steel-carabiner-with-screw-gate/. Public catalog price was unavailable; unit_price is an estimated average for similar products in this category.,RM,147.43,235,unit,active,2026-06-15T13:25:21.657742+00:00,2026-06-15T13:25:21.657742+00:00
SWP-50511840,SW-CONVEX-MIRRORS-32413-284,SAFETYWARE Polycarbonate Indoor Convex Mirror,Convex Mirrors,Safetyware catalog item from category 'Convex Mirrors'. Source: https://safetyware.com/product/safetyware-convex-mirror/. Public catalog price was unavailable; unit_price is an estimated average for similar products in this category.,RM,479.97,384,unit,active,2026-06-15T13:25:21.657742+00:00,2026-06-15T13:25:21.657742+00:00
SWP-23634016,SW-CONVEX-MIRRORS-32466-361,SAFETYWARE Stainless Steel Indoor Convex Mirror,Convex Mirrors,Safetyware catalog item from category 'Convex Mirrors'. Source: https://safetyware.com/product/indoor-convex-mirror-stainless-steel/. Public catalog price was unavailable; unit_price is an estimated average for similar products in this category.,RM,375.84,178,unit,active,2026-06-15T13:25:21.657742+00:00,2026-06-15T13:25:21.657742+00:00
SWP-63365770,SW-CONVEX-MIRRORS-48994-834,SAFETYWARE Polycarbonate Outdoor Convex Mirror,Convex Mirrors,Safetyware catalog item from category 'Convex Mirrors'. Source: https://safetyware.com/product/safetyware-polycarbonate-outdoor-convex-mirror/. Public catalog price was unavailable; unit_price is an estimated average for similar products in this category.,RM,382.03,148,unit,active,2026-06-15T13:25:21.657742+00:00,2026-06-15T13:25:21.657742+00:00
SWP-22098136,SW-CONVEX-MIRRORS-48998-928,SAFETYWARE Stainless Steel Outdoor Convex Mirror,Convex Mirrors,Safetyware catalog item from category 'Convex Mirrors'. Source: https://safetyware.com/product/safetyware-stainless-steel-outdoor-convex-mirror/. Public catalog price was unavailable; unit_price is an estimated average for similar products in this category.,RM,384.58,361,unit,active,2026-06-15T13:25:21.657742+00:00,2026-06-15T13:25:21.657742+00:00
SWP-27530651,SW-CONVEX-MIRRORS-49017-524,SAFETYWARE Stainless Steel Outdoor Rectangular Convex Mirror,Convex Mirrors,Safetyware catalog item from category 'Convex Mirrors'. Source: https://safetyware.com/product/safetyware-stainless-steel-outdoor-rectangular-convex-mirror/. Public catalog price was unavailable; unit_price is an estimated average for similar products in this category.,RM,200.77,204,unit,active,2026-06-15T13:25:21.657742+00:00,2026-06-15T13:25:21.657742+00:00
SWP-21568179,SW-CPR-EQUIPMENT-20865-582,CPR Face Shield with Key Ring,Cpr Equipment,Safetyware catalog item from category 'Cpr Equipment'. Source: https://safetyware.com/product/cpr-face-shield-with-key-ring/. Public catalog price was unavailable; unit_price is an estimated average for similar products in this category.,RM,67.55,68,unit,active,2026-06-15T13:25:21.657742+00:00,2026-06-15T13:25:21.657742+00:00
SWP-57011112,SW-CPR-EQUIPMENT-18246-882,LAERDAL Pocket Mask,Cpr Equipment,Safetyware catalog item from category 'Cpr Equipment'. Source: https://safetyware.com/product/laerdal-pocket-mask/. Public catalog price was unavailable; unit_price is an estimated average for similar products in this category.,RM,209.60,411,unit,active,2026-06-15T13:25:21.657742+00:00,2026-06-15T13:25:21.657742+00:00
SWP-78309255,SW-CPR-MANIKINS-12626-498,SAFETYWARE LCD Counter Type Adult CPR Manikin,Cpr Manikins,Safetyware catalog item from category 'Cpr Manikins'. Source: https://safetyware.com/product/safetyware-lcd-counter-type-adult-cpr-manikin/. Public catalog price was unavailable; unit_price is an estimated average for similar products in this category.,RM,105.95,132,unit,active,2026-06-15T13:25:21.657742+00:00,2026-06-15T13:25:21.657742+00:00
SWP-59138032,SW-CPR-MANIKINS-12627-744,ZOLL CPR-D Demo Manikin,Cpr Manikins,Safetyware catalog item from category 'Cpr Manikins'. Source: https://safetyware.com/product/zoll-cpr-d-demo-manikin/. Public catalog price was unavailable; unit_price is an estimated average for similar products in this category.,RM,334.65,15,unit,active,2026-06-15T13:25:21.657742+00:00,2026-06-15T13:25:21.657742+00:00
SWP-51072721,SW-CPR-MANIKINS-12628-650,PRESTAN Single Ultralite CPR Training Manikin,Cpr Manikins,Safetyware catalog item from category 'Cpr Manikins'. Source: https://safetyware.com/product/prestan-ultralite-cpr-training-manikin/. Public catalog price was unavailable; unit_price is an estimated average for similar products in this category.,RM,403.44,260,service,active,2026-06-15T13:25:21.657742+00:00,2026-06-15T13:25:21.657742+00:00
SWP-73967409,SW-CPR-MANIKINS-12629-919,PRESTAN Professional Adult CPR-AED Training Manikin,Cpr Manikins,Safetyware catalog item from category 'Cpr Manikins'. Source: https://safetyware.com/product/prestan-professional-adult-cpr-aed-training-manikin/. Public catalog price was unavailable; unit_price is an estimated average for similar products in this category.,RM,350.18,256,service,active,2026-06-15T13:25:21.657742+00:00,2026-06-15T13:25:21.657742+00:00
SWP-56861685,SW-CPR-MANIKINS-12900-591,PRESTAN Professional Adult Series 2000 Manikin,Cpr Manikins,Safetyware catalog item from category 'Cpr Manikins'. Source: https://safetyware.com/product/prestan-professional-adult-series-2000-manikin/. Public catalog price was unavailable; unit_price is an estimated average for similar products in this category.,RM,452.00,50,unit,active,2026-06-15T13:25:21.657742+00:00,2026-06-15T13:25:21.657742+00:00
SWP-56695313,SW-CPR-MANIKINS-13104-235,PRESTAN Professional Child Manikin,Cpr Manikins,Safetyware catalog item from category 'Cpr Manikins'. Source: https://safetyware.com/product/prestan-professional-child-manikin/. Public catalog price was unavailable; unit_price is an estimated average for similar products in this category.,RM,369.97,336,unit,active,2026-06-15T13:25:21.657742+00:00,2026-06-15T13:25:21.657742+00:00
SWP-36638860,SW-CPR-MANIKINS-13387-497,PRESTAN Professional Infant Manikin,Cpr Manikins,Safetyware catalog item from category 'Cpr Manikins'. Source: https://safetyware.com/product/prestan-professional-infant-manikin/. Public catalog price was unavailable; unit_price is an estimated average for similar products in this category.,RM,485.24,250,unit,active,2026-06-15T13:25:21.657742+00:00,2026-06-15T13:25:21.657742+00:00
SWP-22337965,SW-CUT-RESISTANT-GLOVES-46242-673,DELTA PLUS HEATnocut Polyethylene Fibre Glove,Cut Resistant Gloves,Safetyware catalog item from category 'Cut Resistant Gloves'. Source: https://safetyware.com/product/delta-plus-heatnocut-polyethylene-fibre-glove/. Public catalog price was unavailable; unit_price is an estimated average for similar products in this category.,RM,13.00,398,pair,active,2026-06-15T13:25:21.657742+00:00,2026-06-15T13:25:21.657742+00:00
SWP-88941670,SW-CUT-RESISTANT-GLOVES-46224-630,DELTA PLUS Venicut 54BL High Performance Fibre Glove,Cut Resistant Gloves,Safetyware catalog item from category 'Cut Resistant Gloves'. Source: https://safetyware.com/product/delta-plus-venicut54bl-high-performance-fibre-glove/. Public catalog price was unavailable; unit_price is an estimated average for similar products in this category.,RM,39.12,274,pair,active,2026-06-15T13:25:21.657742+00:00,2026-06-15T13:25:21.657742+00:00
SWP-11217245,SW-CUT-RESISTANT-GLOVES-48860-343,SUPERIORGLOVE Superior Touch Open Finger Glove,Cut Resistant Gloves,Safetyware catalog item from category 'Cut Resistant Gloves'. Source: https://safetyware.com/product/superiorglove-superior-touch-open-finger-glove/. Public catalog price was unavailable; unit_price is an estimated average for similar products in this category.,RM,17.75,160,pair,active,2026-06-15T13:25:21.657742+00:00,2026-06-15T13:25:21.657742+00:00
SWP-36237053,SW-CUT-RESISTANT-GLOVES-1480-395,SAFETYWARE VERSACUT™ VSC01 Cut Resistant Knitted Gloves,Cut Resistant Gloves,Safetyware catalog item from category 'Cut Resistant Gloves'. Source: https://safetyware.com/product/safetyware-versacut-all-purpose-cut-resistant-gloves/. Public catalog price was unavailable; unit_price is an estimated average for similar products in this category.,RM,38.51,425,pair,active,2026-06-15T13:25:21.657742+00:00,2026-06-15T13:25:21.657742+00:00
SWP-97672668,SW-CUT-RESISTANT-GLOVES-9260-501,SAFETYWARE VERSACUT™ VSC02 Cut Resistant PU Palm Coated Gloves,Cut Resistant Gloves,Safetyware catalog item from category 'Cut Resistant Gloves'. Source: https://safetyware.com/product/safetyware-versacut-vsc02-cut-resistant-pu-palm-coated-gloves/. Public catalog price was unavailable; unit_price is an estimated average for similar products in this category.,RM,22.53,498,pair,active,2026-06-15T13:25:21.657742+00:00,2026-06-15T13:25:21.657742+00:00
SWP-47321920,SW-CUT-RESISTANT-GLOVES-47094-708,SAFETYWARE FP311 PU Palm Coated Gloves,Cut Resistant Gloves,Safetyware catalog item from category 'Cut Resistant Gloves'. Source: https://safetyware.com/product/safetyware-fp311-hppe-pu-palm-coated-gloves/. Public catalog price was unavailable; unit_price is an estimated average for similar products in this category.,RM,31.46,80,pair,active,2026-06-15T13:25:21.657742+00:00,2026-06-15T13:25:21.657742+00:00
SWP-26207024,SW-CUT-RESISTANT-GLOVES-9261-941,SAFETYWARE SENSICUT™ SSC01 Precision Cut Resistant Gloves,Cut Resistant Gloves,Safetyware catalog item from category 'Cut Resistant Gloves'. Source: https://safetyware.com/product/safetyware-sensicut-ssc02-precision-cut-resistant-gloves/. Public catalog price was unavailable; unit_price is an estimated average for similar products in this category.,RM,44.98,474,pair,active,2026-06-15T13:25:21.657742+00:00,2026-06-15T13:25:21.657742+00:00
SWP-16761883,SW-CUT-RESISTANT-GLOVES-9262-480,SAFETYWARE ULTRACUT™ ULS01 Cut Resistant PU Palm Coated Gloves,Cut Resistant Gloves,Safetyware catalog item from category 'Cut Resistant Gloves'. Source: https://safetyware.com/product/safetyware-ultracut-uls01-cut-resistant-pu-palm-coated-gloves/. Public catalog price was unavailable; unit_price is an estimated average for similar products in this category.,RM,43.65,197,pair,active,2026-06-15T13:25:21.657742+00:00,2026-06-15T13:25:21.657742+00:00
SWP-37502145,SW-CUT-RESISTANT-GLOVES-9263-666,SAFETYWARE ULTRACUT™ ULS02 Cut Resistant S-Touch Palm Coated Gloves /w Reinforced Nitrile Crotch,Cut Resistant Gloves,Safetyware catalog item from category 'Cut Resistant Gloves'. Source: https://safetyware.com/product/safetyware-ultracut-uls02-cut-resistant-s-touch-palm-coated-gloves-w-reinforced-nitrile-crotch/. Public catalog price was unavailable; unit_price is an estimated average for similar products in this category.,RM,36.06,195,pair,active,2026-06-15T13:25:21.657742+00:00,2026-06-15T13:25:21.657742+00:00
SWP-82060268,SW-CUT-RESISTANT-GLOVES-19782-993,SAFETYWARE ULTRACUT™ ULS03 Cut Resistant Double Nitrile S-Grip Coated Gloves,Cut Resistant Gloves,Safetyware catalog item from category 'Cut Resistant Gloves'. Source: https://safetyware.com/product/safetyware-ultracut-uls03-cut-resistant-double-nitrile-s-grip-coated-gloves-2/. Public catalog price was unavailable; unit_price is an estimated average for similar products in this category.,RM,27.29,77,pair,active,2026-06-15T13:25:21.657742+00:00,2026-06-15T13:25:21.657742+00:00
SWP-63830911,SW-DISPOSABLE-FACE-MASKS-2101-724,SAFETYWARE 3-Ply Earloop Face Masks,Disposable Face Masks,Safetyware catalog item from category 'Disposable Face Masks'. Source: https://safetyware.com/product/safetyware-3-ply-earloop-face-masks/. Public catalog price was unavailable; unit_price is an estimated average for similar products in this category.,RM,181.64,250,unit,active,2026-06-15T13:25:21.657742+00:00,2026-06-15T13:25:21.657742+00:00
SWP-77243731,SW-DISPOSABLE-FACE-MASKS-59051-140,SAFETYWARE 3-Ply Earloop Kids Face Masks,Disposable Face Masks,Safetyware catalog item from category 'Disposable Face Masks'. Source: https://safetyware.com/product/safetyware-3-ply-earloop-kids-face-masks/. Public catalog price was unavailable; unit_price is an estimated average for similar products in this category.,RM,37.72,176,unit,active,2026-06-15T13:25:21.657742+00:00,2026-06-15T13:25:21.657742+00:00
SWP-76318860,SW-DISPOSABLE-FACE-MASKS-10621-705,SAFETYWARE 3-Ply Medical Face Mask (Headloop),Disposable Face Masks,Safetyware catalog item from category 'Disposable Face Masks'. Source: https://safetyware.com/product/safetyware-3-ply-medical-face-mask-headloop/. Public catalog price was unavailable; unit_price is an estimated average for similar products in this category.,RM,14.22,174,unit,active,2026-06-15T13:25:21.657742+00:00,2026-06-15T13:25:21.657742+00:00
SWP-39053885,SW-DISPOSABLE-FACE-MASKS-2107-645,SAFETYWARE 4-Ply Activated Carbon Earloop Face Masks,Disposable Face Masks,Safetyware catalog item from category 'Disposable Face Masks'. Source: https://safetyware.com/product/safetyware-4-ply-activated-carbon-earloop-face-masks/. Public catalog price was unavailable; unit_price is an estimated average for similar products in this category.,RM,42.15,373,unit,active,2026-06-15T13:25:21.657742+00:00,2026-06-15T13:25:21.657742+00:00
SWP-41641280,SW-DISPOSABLE-GLOVES-2570-807,SAFETYWARE Latextouch™ Latex Exam Gloves,Disposable Gloves,Safetyware catalog item from category 'Disposable Gloves'. Source: https://safetyware.com/product/safetyware-latextouch-latex-exam-gloves/. Public catalog price was unavailable; unit_price is an estimated average for similar products in this category.,RM,19.39,334,pair,active,2026-06-15T13:25:21.657742+00:00,2026-06-15T13:25:21.657742+00:00
SWP-46694016,SW-DISPOSABLE-GLOVES-2529-808,SAFETYWARE NiteTouch™ Nitrile Exam Gloves,Disposable Gloves,Safetyware catalog item from category 'Disposable Gloves'. Source: https://safetyware.com/product/safetyware-powder-free-nitrile-exam-gloves/. Public catalog price was unavailable; unit_price is an estimated average for similar products in this category.,RM,7.99,399,pair,active,2026-06-15T13:25:21.657742+00:00,2026-06-15T13:25:21.657742+00:00
SWP-16693070,SW-DISPOSABLE-GLOVES-9099-311,SAFETYWARE NitePro™ Nitrile Disposable Gloves,Disposable Gloves,Safetyware catalog item from category 'Disposable Gloves'. Source: https://safetyware.com/product/safetyware-nitepro-nitrile-disposable-gloves/. Public catalog price was unavailable; unit_price is an estimated average for similar products in this category.,RM,27.94,147,pair,active,2026-06-15T13:25:21.657742+00:00,2026-06-15T13:25:21.657742+00:00
SWP-28126679,SW-DISPOSABLE-GLOVES-9100-441,SAFETYWARE NiteGrip™ Nitrile Disposable Gloves,Disposable Gloves,Safetyware catalog item from category 'Disposable Gloves'. Source: https://safetyware.com/product/safetyware-nitegrip-nitrile-disposable-gloves/. Public catalog price was unavailable; unit_price is an estimated average for similar products in this category.,RM,10.64,215,pair,active,2026-06-15T13:25:21.657742+00:00,2026-06-15T13:25:21.657742+00:00
SWP-61053512,SW-DISPOSABLE-GLOVES-9101-242,SAFETYWARE NiteMax™ Nitrile Disposable Gloves,Disposable Gloves,Safetyware catalog item from category 'Disposable Gloves'. Source: https://safetyware.com/product/safetyware-nitemax-nitrile-disposable-gloves/. Public catalog price was unavailable; unit_price is an estimated average for similar products in this category.,RM,32.85,185,pair,active,2026-06-15T13:25:21.657742+00:00,2026-06-15T13:25:21.657742+00:00
SWP-84357969,SW-DISPOSABLE-GLOVES-2578-515,SAFETYWARE LiteTouch™ Vinyl Disposable Gloves,Disposable Gloves,Safetyware catalog item from category 'Disposable Gloves'. Source: https://safetyware.com/product/safetyware-litetouch-vinyl-disposable-gloves/. Public catalog price was unavailable; unit_price is an estimated average for similar products in this category.,RM,22.15,193,pair,active,2026-06-15T13:25:21.657742+00:00,2026-06-15T13:25:21.657742+00:00
SWP-48072018,SW-DISPOSABLE-GLOVES-47692-399,ANSELL Touch N Tuff Blue,Disposable Gloves,Safetyware catalog item from category 'Disposable Gloves'. Source: https://safetyware.com/product/ansell-touch-n-tuff-blue/. Public catalog price was unavailable; unit_price is an estimated average for similar products in this category.,RM,31.04,36,pair,active,2026-06-15T13:25:21.657742+00:00,2026-06-15T13:25:21.657742+00:00
SWP-45406115,SW-DISPOSABLE-GLOVES-48025-584,Cleanroom Nitrile Exam Glove,Disposable Gloves,Safetyware catalog item from category 'Disposable Gloves'. Source: https://safetyware.com/product/cleanroom-nitrile-exam-glove/. Public catalog price was unavailable; unit_price is an estimated average for similar products in this category.,RM,18.99,199,pair,active,2026-06-15T13:25:21.657742+00:00,2026-06-15T13:25:21.657742+00:00
SWP-76745474,SW-DISPOSABLE-HYGIENE-APPAR-3025-994,SAFETYWARE Non-Woven PP Mob Cap,Disposable Hygiene Apparel,Safetyware catalog item from category 'Disposable Hygiene Apparel'. Source: https://safetyware.com/product/safetyware-non-woven-pp-mob-cap-2/. Public catalog price was unavailable; unit_price is an estimated average for similar products in this category.,RM,95.72,215,unit,active,2026-06-15T13:25:21.657742+00:00,2026-06-15T13:25:21.657742+00:00
SWP-32746416,SW-DISPOSABLE-HYGIENE-APPAR-3024-362,"SAFETYWARE Non-Woven PP Mob Cap, Blue",Disposable Hygiene Apparel,Safetyware catalog item from category 'Disposable Hygiene Apparel'. Source: https://safetyware.com/product/safetyware-non-woven-pp-mob-cap/. Public catalog price was unavailable; unit_price is an estimated average for similar products in this category.,RM,239.97,158,unit,active,2026-06-15T13:25:21.657742+00:00,2026-06-15T13:25:21.657742+00:00
SWP-44236374,SW-DISPOSABLE-HYGIENE-APPAR-10262-803,"SAFETYWARE Non-Woven PP Mob Cap, Green",Disposable Hygiene Apparel,Safetyware catalog item from category 'Disposable Hygiene Apparel'. Source: https://safetyware.com/product/safetyware-non-woven-pp-mob-cap-green/. Public catalog price was unavailable; unit_price is an estimated average for similar products in this category.,RM,126.10,290,unit,active,2026-06-15T13:25:21.657742+00:00,2026-06-15T13:25:21.657742+00:00
SWP-75634370,SW-DISPOSABLE-HYGIENE-APPAR-68322-444,"SAFETYWARE Nylon Hairnet, Black",Disposable Hygiene Apparel,Safetyware catalog item from category 'Disposable Hygiene Apparel'. Source: https://safetyware.com/product/safetyware-nylon-hairnet-disposable-head-cover/. Public catalog price was unavailable; unit_price is an estimated average for similar products in this category.,RM,99.52,443,unit,active,2026-06-15T13:25:21.657742+00:00,2026-06-15T13:25:21.657742+00:00
SWP-44522754,SW-DISPOSABLE-HYGIENE-APPAR-3023-315,SAFETYWARE Non-Woven PP Beard Cover,Disposable Hygiene Apparel,Safetyware catalog item from category 'Disposable Hygiene Apparel'. Source: https://safetyware.com/product/safetyware-non-woven-pp-beard-cover/. Public catalog price was unavailable; unit_price is an estimated average for similar products in this category.,RM,141.46,454,unit,active,2026-06-15T13:25:21.657742+00:00,2026-06-15T13:25:21.657742+00:00
SWP-70403405,SW-DISPOSABLE-HYGIENE-APPAR-3012-798,SAFETYWARE Isolation Gown with Collar Ribbon & Waist Tie,Disposable Hygiene Apparel,Safetyware catalog item from category 'Disposable Hygiene Apparel'. Source: https://safetyware.com/product/safetyware-isolation-gown/. Public catalog price was unavailable; unit_price is an estimated average for similar products in this category.,RM,59.66,112,unit,active,2026-06-15T13:25:21.657742+00:00,2026-06-15T13:25:21.657742+00:00
SWP-81700292,SW-DISPOSABLE-HYGIENE-APPAR-2740-259,SAFETYWARE Disposable LDPE Apron,Disposable Hygiene Apparel,Safetyware catalog item from category 'Disposable Hygiene Apparel'. Source: https://safetyware.com/product/safetyware-ldpe-apron-bag/. Public catalog price was unavailable; unit_price is an estimated average for similar products in this category.,RM,78.35,53,unit,active,2026-06-15T13:25:21.657742+00:00,2026-06-15T13:25:21.657742+00:00
SWP-65745659,SW-DISPOSABLE-HYGIENE-APPAR-3011-843,SAFETYWARE Non-Woven Arm Sleeve,Disposable Hygiene Apparel,Safetyware catalog item from category 'Disposable Hygiene Apparel'. Source: https://safetyware.com/product/safetyware-non-woven-arm-sleeve/. Public catalog price was unavailable; unit_price is an estimated average for similar products in this category.,RM,229.76,500,unit,active,2026-06-15T13:25:21.657742+00:00,2026-06-15T13:25:21.657742+00:00
SWP-52535792,SW-DISPOSABLE-HYGIENE-APPAR-46994-215,The SAFETYWARE PE Sleeve Cover,Disposable Hygiene Apparel,Safetyware catalog item from category 'Disposable Hygiene Apparel'. Source: https://safetyware.com/product/the-safetyware-pe-sleeve-cover/. Public catalog price was unavailable; unit_price is an estimated average for similar products in this category.,RM,40.77,353,unit,active,2026-06-15T13:25:21.657742+00:00,2026-06-15T13:25:21.657742+00:00
SWP-98171985,SW-DISPOSABLE-HYGIENE-APPAR-10316-243,SAFETYWARE HDPE Glove,Disposable Hygiene Apparel,Safetyware catalog item from category 'Disposable Hygiene Apparel'. Source: https://safetyware.com/product/safetyware-hdpe-glove/. Public catalog price was unavailable; unit_price is an estimated average for similar products in this category.,RM,163.45,307,pair,active,2026-06-15T13:25:21.657742+00:00,2026-06-15T13:25:21.657742+00:00
SWP-96614654,SW-DRENCH-SHOWER-16680-926,SAFETYWARE ESE4000FSS Fully Stainless Steel Wall Mounted Emergency Shower,Drench Shower,Safetyware catalog item from category 'Drench Shower'. Source: https://safetyware.com/product/safetyware-ese4000fss-fully-stainless-steel-wall-mounted-emergency-shower/. Public catalog price was unavailable; unit_price is an estimated average for similar products in this category.,RM,428.11,384,unit,active,2026-06-15T13:25:21.657742+00:00,2026-06-15T13:25:21.657742+00:00
SWP-76456586,SW-DRENCH-SHOWER-18575-857,SAFETYWARE ESE8002FSS Stainless Steel Decontamination Shower,Drench Shower,Safetyware catalog item from category 'Drench Shower'. Source: https://safetyware.com/product/safetyware-ese8002fss-stainless-steel-decontamination-shower/. Public catalog price was unavailable; unit_price is an estimated average for similar products in this category.,RM,237.25,270,unit,active,2026-06-15T13:25:21.657742+00:00,2026-06-15T13:25:21.657742+00:00
SWP-69959180,SW-DRENCH-SHOWER-AND-COMBIN-54987-779,SAFETYWARE ABS Plastic Emergency Shower & Eyewash Combination,Drench Shower And Combination Units,Safetyware catalog item from category 'Drench Shower And Combination Units'. Source: https://safetyware.com/product/safetyware-abs-plastic-emergency-shower-eyewash-combination/. Public catalog price was unavailable; unit_price is an estimated average for similar products in this category.,RM,311.69,171,unit,active,2026-06-15T13:25:21.657742+00:00,2026-06-15T13:25:21.657742+00:00
SWP-90334960,SW-DRENCH-SHOWER-AND-COMBIN-10344-695,SAFETYWARE ESE1000FSS Stainless Steel Floor Mounted Emergency Shower & Eyewash (Without Foot Pedal),Drench Shower And Combination Units,Safetyware catalog item from category 'Drench Shower And Combination Units'. Source: https://safetyware.com/product/safetyware-floor-mounted-shower-eyewash-combination/. Public catalog price was unavailable; unit_price is an estimated average for similar products in this category.,RM,214.79,78,unit,active,2026-06-15T13:25:21.657742+00:00,2026-06-15T13:25:21.657742+00:00
SWP-14264803,SW-DRENCH-SHOWER-AND-COMBIN-16631-401,SAFETYWARE ESE1001FSS Stainless Steel Floor Mounted Emergency Shower & Eyewash (With Foot Pedal),Drench Shower And Combination Units,Safetyware catalog item from category 'Drench Shower And Combination Units'. Source: https://safetyware.com/product/safetyware-ese1001fss-full-stainless-steel-floor-mounted-emergency-shower-eyewash-with-foot-pedal/. Public catalog price was unavailable; unit_price is an estimated average for similar products in this category.,RM,458.80,411,unit,active,2026-06-15T13:25:21.657742+00:00,2026-06-15T13:25:21.657742+00:00
SWP-24511322,SW-DRENCH-SHOWER-AND-COMBIN-18576-317,SAFETYWARE ESE8003FSS Fully Stainless Steel Decontamination Eyewash & Shower Station,Drench Shower And Combination Units,Safetyware catalog item from category 'Drench Shower And Combination Units'. Source: https://safetyware.com/product/safetyware-ese8003fss-fully-stainless-decontamination-eyewash-shower-station/. Public catalog price was unavailable; unit_price is an estimated average for similar products in this category.,RM,458.96,166,unit,active,2026-06-15T13:25:21.657742+00:00,2026-06-15T13:25:21.657742+00:00
SWP-54846514,SW-EAR-PLUGS-24292-196,SAFETYWARE HP101 EasyFit Disposable Uncorded Ear Plugs,Ear Plugs,Safetyware catalog item from category 'Ear Plugs'. Source: https://safetyware.com/product/safetyware-hp101-easyfit-disposable-uncorded-ear-plugs/. Public catalog price was unavailable; unit_price is an estimated average for similar products in this category.,RM,110.45,441,unit,active,2026-06-15T13:25:21.657742+00:00,2026-06-15T13:25:21.657742+00:00
SWP-26150282,SW-EAR-PLUGS-24295-699,SAFETYWARE HP102 EasyFit Disposable Corded Ear Plugs,Ear Plugs,Safetyware catalog item from category 'Ear Plugs'. Source: https://safetyware.com/product/safetyware-hp102-easyfit-disposable-corded-ear-plugs/. Public catalog price was unavailable; unit_price is an estimated average for similar products in this category.,RM,70.42,486,unit,active,2026-06-15T13:25:21.657742+00:00,2026-06-15T13:25:21.657742+00:00
SWP-83534658,SW-EAR-PLUGS-24352-515,SAFETYWARE HP201 DuraFit Reusable Corded Ear Plugs,Ear Plugs,Safetyware catalog item from category 'Ear Plugs'. Source: https://safetyware.com/product/safetyware-hp201-durafit-reusable-corded-ear-plugs/. Public catalog price was unavailable; unit_price is an estimated average for similar products in this category.,RM,370.73,174,unit,active,2026-06-15T13:25:21.657742+00:00,2026-06-15T13:25:21.657742+00:00
SWP-78974385,SW-EAR-PLUGS-55119-911,3M Disposable Foam Ear-plug,Ear Plugs,Safetyware catalog item from category 'Ear Plugs'. Source: https://safetyware.com/product/3m-disposable-foam-ear-plug/. Public catalog price was unavailable; unit_price is an estimated average for similar products in this category.,RM,225.26,461,unit,active,2026-06-15T13:25:21.657742+00:00,2026-06-15T13:25:21.657742+00:00
SWP-32142925,SW-EAR-PLUGS-55117-106,3M Uncorded Foam Ear-Plug,Ear Plugs,Safetyware catalog item from category 'Ear Plugs'. Source: https://safetyware.com/product/3m-uncorded-foam-ear-plug/. Public catalog price was unavailable; unit_price is an estimated average for similar products in this category.,RM,480.23,128,unit,active,2026-06-15T13:25:21.657742+00:00,2026-06-15T13:25:21.657742+00:00
SWP-79862130,SW-EAR-PLUGS-24353-161,SAFETYWARE HP202 DuraFit Reusable Corded Ear Plugs with casing,Ear Plugs,Safetyware catalog item from category 'Ear Plugs'. Source: https://safetyware.com/product/safetyware-hp202-durafit-reusable-corded-ear-plugs-with-casing/. Public catalog price was unavailable; unit_price is an estimated average for similar products in this category.,RM,494.05,328,unit,active,2026-06-15T13:25:21.657742+00:00,2026-06-15T13:25:21.657742+00:00
SWP-10523084,SW-EAR-PLUGS-24399-932,SAFETYWARE HP301 DuraFit Metal Detectable Reusable Corded Ear Plug with Casing,Ear Plugs,Safetyware catalog item from category 'Ear Plugs'. Source: https://safetyware.com/product/safetyware-hp301-durafit-metal-detectable-reusable-corded-ear-plug-with-casing/. Public catalog price was unavailable; unit_price is an estimated average for similar products in this category.,RM,468.59,330,unit,active,2026-06-15T13:25:21.657742+00:00,2026-06-15T13:25:21.657742+00:00
SWP-29830401,SW-EAR-PLUGS-24446-507,SAFETYWARE HP311 SecureFit Metal Detectable Reusable Corded Ear Plugs,Ear Plugs,Safetyware catalog item from category 'Ear Plugs'. Source: https://safetyware.com/product/safetyware-hp311-securefit-metal-detectable-reusable-corded-ear-plugs/. Public catalog price was unavailable; unit_price is an estimated average for similar products in this category.,RM,233.32,133,unit,active,2026-06-15T13:25:21.657742+00:00,2026-06-15T13:25:21.657742+00:00
SWP-69633367,SW-EAR-PLUGS-24490-896,SAFETYWARE HP312 SecureFit Metal Detectable Reusable Corded Ear Plugs with Casing,Ear Plugs,Safetyware catalog item from category 'Ear Plugs'. Source: https://safetyware.com/product/safetyware-hp312-securefit-metal-detectable-reusable-corded-ear-plugs-with-casing/. Public catalog price was unavailable; unit_price is an estimated average for similar products in this category.,RM,70.63,119,unit,active,2026-06-15T13:25:21.657742+00:00,2026-06-15T13:25:21.657742+00:00
SWP-84634086,SW-EAR-PLUGS-24318-176,SAFETYWARE HP103R EasyFit Disposable Ear Plugs with Dispenser,Ear Plugs,Safetyware catalog item from category 'Ear Plugs'. Source: https://safetyware.com/product/safetyware-hp103r-easyfit-disposable-ear-plugs-with-dispenser/. Public catalog price was unavailable; unit_price is an estimated average for similar products in this category.,RM,221.76,431,unit,active,2026-06-15T13:25:21.657742+00:00,2026-06-15T13:25:21.657742+00:00
SWP-73593085,SW-EARMUFFS-24491-857,SAFETYWARE HP401 EcoMuff Ear Muff,Earmuffs,Safetyware catalog item from category 'Earmuffs'. Source: https://safetyware.com/product/safetyware-hp401-ecomuff-ear-muff/. Public catalog price was unavailable; unit_price is an estimated average for similar products in this category.,RM,262.82,279,unit,active,2026-06-15T13:25:21.657742+00:00,2026-06-15T13:25:21.657742+00:00
SWP-23218859,SW-EARMUFFS-66447-894,SAFETYWARE NoiseShield™ Lite Ear Muff,Earmuffs,Safetyware catalog item from category 'Earmuffs'. Source: https://safetyware.com/product/safetyware-noisesheild-lite-ear-muff/. Public catalog price was unavailable; unit_price is an estimated average for similar products in this category.,RM,173.04,106,unit,active,2026-06-15T13:25:21.657742+00:00,2026-06-15T13:25:21.657742+00:00
SWP-63008163,SW-EARMUFFS-66469-578,SAFETYWARE NoiseShield™ Max Ear Muff,Earmuffs,Safetyware catalog item from category 'Earmuffs'. Source: https://safetyware.com/product/safetyware-noisesheild-max-ear-muff/. Public catalog price was unavailable; unit_price is an estimated average for similar products in this category.,RM,351.52,323,unit,active,2026-06-15T13:25:21.657742+00:00,2026-06-15T13:25:21.657742+00:00
SWP-83212833,SW-EARMUFFS-66458-940,SAFETYWARE NoiseShield™ Pro Ear Muff,Earmuffs,Safetyware catalog item from category 'Earmuffs'. Source: https://safetyware.com/product/safetyware-noisesheild-pro-ear-muff/. Public catalog price was unavailable; unit_price is an estimated average for similar products in this category.,RM,243.96,268,unit,active,2026-06-15T13:25:21.657742+00:00,2026-06-15T13:25:21.657742+00:00
SWP-73265274,SW-EARMUFFS-55387-243,DELTA PLUS ValueMuff Superseal,Earmuffs,Safetyware catalog item from category 'Earmuffs'. Source: https://safetyware.com/product/delta-plus-valuemuff-superseal/. Public catalog price was unavailable; unit_price is an estimated average for similar products in this category.,RM,471.10,113,unit,active,2026-06-15T13:25:21.657742+00:00,2026-06-15T13:25:21.657742+00:00
SWP-37174458,SW-EARMUFFS-24531-942,Honeywell VS130 VeriShield Black Over-The-Head Earmuff,Earmuffs,Safetyware catalog item from category 'Earmuffs'. Source: https://safetyware.com/product/honeywell-vs130-verishield-black-over-the-head-earmuff-for-noise-reduction/. Public catalog price was unavailable; unit_price is an estimated average for similar products in this category.,RM,104.77,117,unit,active,2026-06-15T13:25:21.657742+00:00,2026-06-15T13:25:21.657742+00:00
SWP-91599080,SW-EARMUFFS-24512-216,"Honeywell VS120F VeriShield™, over-the-head, folding Earmuff",Earmuffs,Safetyware catalog item from category 'Earmuffs'. Source: https://safetyware.com/product/honeywell-vs120f-verishield-over-the-head-folding-earmuff/. Public catalog price was unavailable; unit_price is an estimated average for similar products in this category.,RM,458.91,64,unit,active,2026-06-15T13:25:21.657742+00:00,2026-06-15T13:25:21.657742+00:00
SWP-97029108,SW-EARMUFFS-55100-315,MSA HPE Cap Mounted Earmuffs,Earmuffs,Safetyware catalog item from category 'Earmuffs'. Source: https://safetyware.com/product/msa-hpe-cap-mounted-earmuffs/. Public catalog price was unavailable; unit_price is an estimated average for similar products in this category.,RM,482.50,311,unit,active,2026-06-15T13:25:21.657742+00:00,2026-06-15T13:25:21.657742+00:00
SWP-79928110,SW-EARMUFFS-55228-807,"3M PELTOR Optime II Earmuffs, Headband",Earmuffs,Safetyware catalog item from category 'Earmuffs'. Source: https://safetyware.com/product/3m-peltor-optime-ii-earmuffs-headband/. Public catalog price was unavailable; unit_price is an estimated average for similar products in this category.,RM,490.87,232,unit,active,2026-06-15T13:25:21.657742+00:00,2026-06-15T13:25:21.657742+00:00
SWP-59943294,SW-EARMUFFS-55288-866,Honeywell Howard Leight VS130HHV VeriShield Helmet Earmuff,Earmuffs,Safetyware catalog item from category 'Earmuffs'. Source: https://safetyware.com/product/honeywell-howard-leight-vs130hhv-verishield-helmet-earmuff/. Public catalog price was unavailable; unit_price is an estimated average for similar products in this category.,RM,434.61,463,unit,active,2026-06-15T13:25:21.657742+00:00,2026-06-15T13:25:21.657742+00:00
SWP-87165036,SW-EARTHING-EQUIPMENT-TESTE-27852-690,CATU Earthing and short-circuiting equipment for fixed points,Earthing Equipment Testers,Safetyware catalog item from category 'Earthing Equipment Testers'. Source: https://safetyware.com/product/catu-earthing-and-short-circuiting-equipment-for-fixed-points/. Public catalog price was unavailable; unit_price is an estimated average for similar products in this category.,RM,2557.67,234,unit,active,2026-06-15T13:25:21.657742+00:00,2026-06-15T13:25:21.657742+00:00
SWP-65290860,SW-EARTHING-EQUIPMENT-TESTE-27886-759,CATU Earthing and short-circuiting system with secure setup system,Earthing Equipment Testers,Safetyware catalog item from category 'Earthing Equipment Testers'. Source: https://safetyware.com/product/catu-earthing-and-short-circuiting-system-with-secure-setup-system/. Public catalog price was unavailable; unit_price is an estimated average for similar products in this category.,RM,3232.03,73,unit,active,2026-06-15T13:25:21.657742+00:00,2026-06-15T13:25:21.657742+00:00
SWP-15310012,SW-EARTHING-EQUIPMENT-TESTE-27863-829,CATU MX-430-M Earth resistance tester,Earthing Equipment Testers,Safetyware catalog item from category 'Earthing Equipment Testers'. Source: https://safetyware.com/product/catu-mx-430-m-earth-resistance-tester/. Public catalog price was unavailable; unit_price is an estimated average for similar products in this category.,RM,2066.35,12,unit,active,2026-06-15T13:25:21.657742+00:00,2026-06-15T13:25:21.657742+00:00
SWP-60261734,SW-EARTHING-EQUIPMENT-TESTE-27869-773,CATU MX-433-T Earth resistance tester,Earthing Equipment Testers,Safetyware catalog item from category 'Earthing Equipment Testers'. Source: https://safetyware.com/product/catu-mx-433-t-earth-resistance-tester/. Public catalog price was unavailable; unit_price is an estimated average for similar products in this category.,RM,218.38,134,unit,active,2026-06-15T13:25:21.657742+00:00,2026-06-15T13:25:21.657742+00:00
SWP-52119190,SW-ELECTRIC-SHOCK-RESISTANT-6313-761,RHINO SHOE PU Series VoltGuard EH101KP Low-Cut with Lace ESR Safety Shoes,Electric Shock Resistant Esr Safety Shoes,Safetyware catalog item from category 'Electric Shock Resistant Esr Safety Shoes'. Source: https://safetyware.com/product/rhino-shoe-pu-series-voltguard-eh101kp-low-cut-with-lace-esr-safety-shoes/. Public catalog price was unavailable; unit_price is an estimated average for similar products in this category.,RM,233.08,485,pair,active,2026-06-15T13:25:21.657742+00:00,2026-06-15T13:25:21.657742+00:00
SWP-93467972,SW-ELECTRIC-SHOCK-RESISTANT-13363-496,Harvik 9726 Dielectric Safety Boots,Electric Shock Resistant Esr Safety Shoes,Safetyware catalog item from category 'Electric Shock Resistant Esr Safety Shoes'. Source: https://safetyware.com/product/harvik-9726-dielectric-safety-boots/. Public catalog price was unavailable; unit_price is an estimated average for similar products in this category.,RM,139.28,488,pair,active,2026-06-15T13:25:21.657742+00:00,2026-06-15T13:25:21.657742+00:00
SWP-29440573,SW-ELECTRIC-SHOCK-RESISTANT-13402-477,RESPIREX WORKMASTER Class 1 Dielectric Maxi Overboots,Electric Shock Resistant Esr Safety Shoes,Safetyware catalog item from category 'Electric Shock Resistant Esr Safety Shoes'. Source: https://safetyware.com/product/respirex-workmaster-class-1-dielectric-maxi-overboots/. Public catalog price was unavailable; unit_price is an estimated average for similar products in this category.,RM,106.12,495,pair,active,2026-06-15T13:25:21.657742+00:00,2026-06-15T13:25:21.657742+00:00
SWP-12739027,SW-ELECTRIC-SHOCK-RESISTANT-13383-962,RESPIREX WORKMASTER Class 2 Dielectric Compact Overboots,Electric Shock Resistant Esr Safety Shoes,Safetyware catalog item from category 'Electric Shock Resistant Esr Safety Shoes'. Source: https://safetyware.com/product/respirex-workmaster-class-2-dielectric-compact-overboot/. Public catalog price was unavailable; unit_price is an estimated average for similar products in this category.,RM,150.08,80,pair,active,2026-06-15T13:25:21.657742+00:00,2026-06-15T13:25:21.657742+00:00
SWP-61570457,SW-ELECTRIC-SHOCK-RESISTANT-13388-404,RESPIREX WORKMASTER Dielectric HV3 Maxi Overboots,Electric Shock Resistant Esr Safety Shoes,Safetyware catalog item from category 'Electric Shock Resistant Esr Safety Shoes'. Source: https://safetyware.com/product/respirex-workmaster-dielectric-hv3-maxi-overboots/. Public catalog price was unavailable; unit_price is an estimated average for similar products in this category.,RM,141.34,443,pair,active,2026-06-15T13:25:21.657742+00:00,2026-06-15T13:25:21.657742+00:00
SWP-30562396,SW-ELECTRIC-SHOCK-RESISTANT-13413-762,RESPIREX WORKMASTER Dielectric Boots,Electric Shock Resistant Esr Safety Shoes,Safetyware catalog item from category 'Electric Shock Resistant Esr Safety Shoes'. Source: https://safetyware.com/product/respirex-workmaster-insulating-dielectric-class-2-boots/. Public catalog price was unavailable; unit_price is an estimated average for similar products in this category.,RM,178.64,500,pair,active,2026-06-15T13:25:21.657742+00:00,2026-06-15T13:25:21.657742+00:00
SWP-52849803,SW-ELECTRICAL-BODY-PROTECTI-81229-781,CATU 25 Cal Arc Flash Kit,Electrical Body Protection,Safetyware catalog item from category 'Electrical Body Protection'. Source: https://safetyware.com/product/catu-25-cal-arc-flash-kit/. Public catalog price was unavailable; unit_price is an estimated average for similar products in this category.,RM,1081.96,291,unit,active,2026-06-15T13:25:21.657742+00:00,2026-06-15T13:25:21.657742+00:00
SWP-75856333,SW-ELECTRICAL-BODY-PROTECTI-81244-249,CATU 40 Cal Arc Flash Kit,Electrical Body Protection,Safetyware catalog item from category 'Electrical Body Protection'. Source: https://safetyware.com/product/catu-40-cal-arc-flash-kit-copy/. Public catalog price was unavailable; unit_price is an estimated average for similar products in this category.,RM,1085.60,193,unit,active,2026-06-15T13:25:21.657742+00:00,2026-06-15T13:25:21.657742+00:00
SWP-14185985,SW-ELECTRICAL-BODY-PROTECTI-81251-750,CATU 65 Cal Arc Flash Kit,Electrical Body Protection,Safetyware catalog item from category 'Electrical Body Protection'. Source: https://safetyware.com/product/catu-65-cal-arc-flash-kit-copy/. Public catalog price was unavailable; unit_price is an estimated average for similar products in this category.,RM,1511.98,102,unit,active,2026-06-15T13:25:21.657742+00:00,2026-06-15T13:25:21.657742+00:00
SWP-94112367,SW-ELECTRICAL-BODY-PROTECTI-81258-846,CATU 98 Cal Arc Flash Kit,Electrical Body Protection,Safetyware catalog item from category 'Electrical Body Protection'. Source: https://safetyware.com/product/catu-98-cal-arc-flash-kit/. Public catalog price was unavailable; unit_price is an estimated average for similar products in this category.,RM,1092.72,322,unit,active,2026-06-15T13:25:21.657742+00:00,2026-06-15T13:25:21.657742+00:00
SWP-83300550,SW-ELECTRICAL-FOOT-PROTECTI-81409-107,CATU MV-137 Class 2 Insulating Boots,Electrical Foot Protection,Safetyware catalog item from category 'Electrical Foot Protection'. Source: https://safetyware.com/product/catu-mv-137-class-2-insulating-boots/. Public catalog price was unavailable; unit_price is an estimated average for similar products in this category.,RM,91.55,232,pair,active,2026-06-15T13:25:21.657742+00:00,2026-06-15T13:25:21.657742+00:00
SWP-81891774,SW-ELECTRICAL-FOOT-PROTECTI-81435-200,"CATU MV-222 Safety shoes with insulating sole, leather and low type",Electrical Foot Protection,Safetyware catalog item from category 'Electrical Foot Protection'. Source: https://safetyware.com/product/catu-mv-222-safety-shoes-with-insulating-sole-leather-and-low-type/. Public catalog price was unavailable; unit_price is an estimated average for similar products in this category.,RM,180.71,279,pair,active,2026-06-15T13:25:21.657742+00:00,2026-06-15T13:25:21.657742+00:00
SWP-86080314,SW-ELECTRICAL-FOOT-PROTECTI-81474-122,"CATU MV-223 Safety shoes with insulating sole, leather and high type",Electrical Foot Protection,Safetyware catalog item from category 'Electrical Foot Protection'. Source: https://safetyware.com/product/catu-mv-223-safety-shoes-with-insulating-sole-leather-and-high-type/. Public catalog price was unavailable; unit_price is an estimated average for similar products in this category.,RM,175.01,445,pair,active,2026-06-15T13:25:21.657742+00:00,2026-06-15T13:25:21.657742+00:00
SWP-53855588,SW-ELECTRICAL-FOOT-PROTECTI-81485-935,"CATU MV-226 Safety shoes with insulating sole, textile and low type",Electrical Foot Protection,Safetyware catalog item from category 'Electrical Foot Protection'. Source: https://safetyware.com/product/catu-mv-226-safety-shoes-with-insulating-sole-textile-and-low-type/. Public catalog price was unavailable; unit_price is an estimated average for similar products in this category.,RM,93.69,291,pair,active,2026-06-15T13:25:21.657742+00:00,2026-06-15T13:25:21.657742+00:00
SWP-80382473,SW-ELECTRICAL-FOOT-PROTECTI-81495-829,"CATU MV-227 Safety shoes with insulating sole, textile and high type",Electrical Foot Protection,Safetyware catalog item from category 'Electrical Foot Protection'. Source: https://safetyware.com/product/catu-mv-227-safety-shoes-with-insulating-sole-textile-and-high-type/. Public catalog price was unavailable; unit_price is an estimated average for similar products in this category.,RM,210.44,364,pair,active,2026-06-15T13:25:21.657742+00:00,2026-06-15T13:25:21.657742+00:00
SWP-58402177,SW-ELECTRICAL-FOOT-PROTECTI-81505-884,CATU MV-232/1 MV live working safety shoes,Electrical Foot Protection,Safetyware catalog item from category 'Electrical Foot Protection'. Source: https://safetyware.com/product/catu-mv-232-1-mv-live-working-safety-shoes/. Public catalog price was unavailable; unit_price is an estimated average for similar products in this category.,RM,131.84,266,pair,active,2026-06-15T13:25:21.657742+00:00,2026-06-15T13:25:21.657742+00:00
SWP-66148562,SW-ELECTRICAL-HAND-PROTECTI-81357-481,CATU Class 0 Electrical Insulating Rubber Gloves,Electrical Hand Protection,Safetyware catalog item from category 'Electrical Hand Protection'. Source: https://safetyware.com/product/catu-class-0-electrical-insulating-rubber-gloves/. Public catalog price was unavailable; unit_price is an estimated average for similar products in this category.,RM,44.31,260,pair,active,2026-06-15T13:25:21.657742+00:00,2026-06-15T13:25:21.657742+00:00
SWP-33810440,SW-ELECTRICAL-HAND-PROTECTI-81335-645,CATU Class 0 Short Insulating Gloves,Electrical Hand Protection,Safetyware catalog item from category 'Electrical Hand Protection'. Source: https://safetyware.com/product/catu-class-0-short-insulating-gloves/. Public catalog price was unavailable; unit_price is an estimated average for similar products in this category.,RM,17.07,167,pair,active,2026-06-15T13:25:21.657742+00:00,2026-06-15T13:25:21.657742+00:00
SWP-88736582,SW-ELECTRICAL-HAND-PROTECTI-81348-923,CATU Class 00 Electrical Insulating Rubber Gloves,Electrical Hand Protection,Safetyware catalog item from category 'Electrical Hand Protection'. Source: https://safetyware.com/product/catu-class-00-electrical-insulating-rubber-gloves/. Public catalog price was unavailable; unit_price is an estimated average for similar products in this category.,RM,21.90,384,pair,active,2026-06-15T13:25:21.657742+00:00,2026-06-15T13:25:21.657742+00:00
SWP-83089209,SW-ELECTRICAL-HAND-PROTECTI-81327-745,CATU Class 00 Short Insulating Gloves,Electrical Hand Protection,Safetyware catalog item from category 'Electrical Hand Protection'. Source: https://safetyware.com/product/catu-class-00-short-insulating-gloves/. Public catalog price was unavailable; unit_price is an estimated average for similar products in this category.,RM,8.58,496,pair,active,2026-06-15T13:25:21.657742+00:00,2026-06-15T13:25:21.657742+00:00
SWP-90591299,SW-ELECTRICAL-HAND-PROTECTI-81364-145,CATU Class 1 Latex Electrical Insulating Gloves,Electrical Hand Protection,Safetyware catalog item from category 'Electrical Hand Protection'. Source: https://safetyware.com/product/catu-class-1-latex-electrical-insulating-gloves/. Public catalog price was unavailable; unit_price is an estimated average for similar products in this category.,RM,29.38,139,pair,active,2026-06-15T13:25:21.657742+00:00,2026-06-15T13:25:21.657742+00:00
SWP-78599476,SW-ELECTRICAL-HAND-PROTECTI-81373-693,CATU Class 2 Latex Electrical Insulating Gloves,Electrical Hand Protection,Safetyware catalog item from category 'Electrical Hand Protection'. Source: https://safetyware.com/product/catu-class-2-latex-electrical-insulating-gloves/. Public catalog price was unavailable; unit_price is an estimated average for similar products in this category.,RM,8.24,94,pair,active,2026-06-15T13:25:21.657742+00:00,2026-06-15T13:25:21.657742+00:00
SWP-19167698,SW-ELECTRICAL-HAND-PROTECTI-81381-863,CATU Class 3 Latex Electrical Insulating Gloves,Electrical Hand Protection,Safetyware catalog item from category 'Electrical Hand Protection'. Source: https://safetyware.com/product/catu-class-3-latex-electrical-insulating-gloves/. Public catalog price was unavailable; unit_price is an estimated average for similar products in this category.,RM,39.89,332,pair,active,2026-06-15T13:25:21.657742+00:00,2026-06-15T13:25:21.657742+00:00
SWP-75689256,SW-ELECTRICAL-HAND-PROTECTI-81388-200,CATU Class 4 Latex Electrical Insulating Gloves,Electrical Hand Protection,Safetyware catalog item from category 'Electrical Hand Protection'. Source: https://safetyware.com/product/catu-class-4-latex-electrical-insulating-gloves/. Public catalog price was unavailable; unit_price is an estimated average for similar products in this category.,RM,21.89,355,pair,active,2026-06-15T13:25:21.657742+00:00,2026-06-15T13:25:21.657742+00:00
SWP-41688960,SW-ELECTRICAL-HAND-PROTECTI-55027-134,SAFETYWARE EVPro™ VLT-C00 Class 00 Electrical Rubber Insulating Gloves,Electrical Hand Protection,Safetyware catalog item from category 'Electrical Hand Protection'. Source: https://safetyware.com/product/safetyware-vltc00-rubber-dielectric-glove-come-class-00/. Public catalog price was unavailable; unit_price is an estimated average for similar products in this category.,RM,32.83,330,pair,active,2026-06-15T13:25:21.657742+00:00,2026-06-15T13:25:21.657742+00:00
SWP-92449369,SW-ELECTRICAL-HAND-PROTECTI-55023-261,SAFETYWARE LinePro™ VLT-C0 Class 0 Electrical Rubber Insulating Gloves,Electrical Hand Protection,Safetyware catalog item from category 'Electrical Hand Protection'. Source: https://safetyware.com/product/safetyware-linepro-vlt-c0-class-0-electrical-rubber-insulating-gloves/. Public catalog price was unavailable; unit_price is an estimated average for similar products in this category.,RM,36.38,486,pair,active,2026-06-15T13:25:21.657742+00:00,2026-06-15T13:25:21.657742+00:00
SWP-33162552,SW-ELECTRICAL-HEAD-PROTECTI-81265-656,CATU Arc flash face shield kit,Electrical Head Protection,Safetyware catalog item from category 'Electrical Head Protection'. Source: https://safetyware.com/product/catu-arc-flash-face-shield-kit/. Public catalog price was unavailable; unit_price is an estimated average for similar products in this category.,RM,50.21,155,unit,active,2026-06-15T13:25:21.657742+00:00,2026-06-15T13:25:21.657742+00:00
SWP-79574108,SW-ELECTRICAL-HEAD-PROTECTI-81272-648,CATU Arc Flash helmet with integrated face shield and neck protection for electrician,Electrical Head Protection,Safetyware catalog item from category 'Electrical Head Protection'. Source: https://safetyware.com/product/arc-flash-helmet/. Public catalog price was unavailable; unit_price is an estimated average for similar products in this category.,RM,103.10,426,unit,active,2026-06-15T13:25:21.657742+00:00,2026-06-15T13:25:21.657742+00:00
SWP-38239836,SW-ELECTRICAL-INSULATION-GL-55027-960,SAFETYWARE EVPro™ VLT-C00 Class 00 Electrical Rubber Insulating Gloves,Electrical Insulation Gloves,Safetyware catalog item from category 'Electrical Insulation Gloves'. Source: https://safetyware.com/product/safetyware-vltc00-rubber-dielectric-glove-come-class-00/. Public catalog price was unavailable; unit_price is an estimated average for similar products in this category.,RM,28.11,83,pair,active,2026-06-15T13:25:21.657742+00:00,2026-06-15T13:25:21.657742+00:00
SWP-43136058,SW-ELECTRICAL-INSULATION-GL-55023-243,SAFETYWARE LinePro™ VLT-C0 Class 0 Electrical Rubber Insulating Gloves,Electrical Insulation Gloves,Safetyware catalog item from category 'Electrical Insulation Gloves'. Source: https://safetyware.com/product/safetyware-linepro-vlt-c0-class-0-electrical-rubber-insulating-gloves/. Public catalog price was unavailable; unit_price is an estimated average for similar products in this category.,RM,8.54,423,pair,active,2026-06-15T13:25:21.657742+00:00,2026-06-15T13:25:21.657742+00:00
SWP-92920155,SW-ELECTRICAL-INSULATION-GL-27491-451,SAFETYWARE LinePro™ VLT-C1 Class 1 Electrical Rubber Insulating Gloves,Electrical Insulation Gloves,Safetyware catalog item from category 'Electrical Insulation Gloves'. Source: https://safetyware.com/product/safetyware-linepro-vlt-c1-class-1-electrical-rubber-insulating-gloves/. Public catalog price was unavailable; unit_price is an estimated average for similar products in this category.,RM,41.35,98,pair,active,2026-06-15T13:25:21.657742+00:00,2026-06-15T13:25:21.657742+00:00
SWP-52535945,SW-ELECTRICAL-INSULATION-GL-27503-929,SAFETYWARE LinePro™ VLT-C2 Class 2 Electrical Rubber Insulating Gloves,Electrical Insulation Gloves,Safetyware catalog item from category 'Electrical Insulation Gloves'. Source: https://safetyware.com/product/safetyware-linepro-vlt-c2-class-2-electrical-rubber-insulating-gloves/. Public catalog price was unavailable; unit_price is an estimated average for similar products in this category.,RM,19.50,31,pair,active,2026-06-15T13:25:21.657742+00:00,2026-06-15T13:25:21.657742+00:00
SWP-71599559,SW-ELECTRICAL-INSULATION-GL-27516-474,SAFETYWARE LinePro™ VLT-C3 Class 3 Electrical Rubber Insulating Gloves,Electrical Insulation Gloves,Safetyware catalog item from category 'Electrical Insulation Gloves'. Source: https://safetyware.com/product/safetyware-linepro-vlt-c3-class-3-electrical-rubber-insulating-gloves/. Public catalog price was unavailable; unit_price is an estimated average for similar products in this category.,RM,44.25,249,pair,active,2026-06-15T13:25:21.657742+00:00,2026-06-15T13:25:21.657742+00:00
SWP-71450272,SW-ELECTRICAL-INSULATION-GL-27523-980,SAFETYWARE LinePro™ VLT-C4 Class 4 Electrical Rubber Insulating Gloves,Electrical Insulation Gloves,Safetyware catalog item from category 'Electrical Insulation Gloves'. Source: https://safetyware.com/product/safetyware-linepro-vlt-c4-class-4-electrical-rubber-insulating-gloves/. Public catalog price was unavailable; unit_price is an estimated average for similar products in this category.,RM,13.79,118,pair,active,2026-06-15T13:25:21.657742+00:00,2026-06-15T13:25:21.657742+00:00
SWP-21603649,SW-ELECTRICAL-INSULATION-GL-46206-189,VOLTGARD VLP-110 Low-Voltage Goatskin 10″ Leather Protector Gloves,Electrical Insulation Gloves,Safetyware catalog item from category 'Electrical Insulation Gloves'. Source: https://safetyware.com/product/voltgard-low-voltage-goatskin-10-leather-protector-gloves/. Public catalog price was unavailable; unit_price is an estimated average for similar products in this category.,RM,29.34,385,pair,active,2026-06-15T13:25:21.657742+00:00,2026-06-15T13:25:21.657742+00:00
SWP-43575531,SW-ELECTRICAL-INSULATION-GL-45913-960,VOLTGARD VLP-311 High-voltage Cowhide 11″ Leather Protector Gloves,Electrical Insulation Gloves,Safetyware catalog item from category 'Electrical Insulation Gloves'. Source: https://safetyware.com/product/voltgard-vlp312-high-voltage-cowhide-12%e2%80%b3-leather-protector-gloves/. Public catalog price was unavailable; unit_price is an estimated average for similar products in this category.,RM,31.94,484,pair,active,2026-06-15T13:25:21.657742+00:00,2026-06-15T13:25:21.657742+00:00
SWP-73376719,SW-ELECTRICAL-LOCKOUT-13822-333,SAFETYWARE Miniature Circuit Breaker Lockout,Electrical Lockout,Safetyware catalog item from category 'Electrical Lockout'. Source: https://safetyware.com/product/safetyware-miniature/. Public catalog price was unavailable; unit_price is an estimated average for similar products in this category.,RM,2847.32,21,unit,active,2026-06-15T13:25:21.657742+00:00,2026-06-15T13:25:21.657742+00:00
SWP-51478144,SW-ELECTRICAL-LOCKOUT-30618-756,SAFETYWARE 480v – 600v Breaker Lockout,Electrical Lockout,Safetyware catalog item from category 'Electrical Lockout'. Source: https://safetyware.com/product/safetyware-480v-600v-breaker-lockout/. Public catalog price was unavailable; unit_price is an estimated average for similar products in this category.,RM,3070.66,382,unit,active,2026-06-15T13:25:21.657742+00:00,2026-06-15T13:25:21.657742+00:00
SWP-68058963,SW-ELECTRICAL-LOCKOUT-41517-706,SAFETYWARE Bidirectional Mediun Circuit Breaker Lockout,Electrical Lockout,Safetyware catalog item from category 'Electrical Lockout'. Source: https://safetyware.com/product/safetyware-bidirectional-mediun-circuit-breaker-lockout/. Public catalog price was unavailable; unit_price is an estimated average for similar products in this category.,RM,1786.13,429,unit,active,2026-06-15T13:25:21.657742+00:00,2026-06-15T13:25:21.657742+00:00
SWP-40790730,SW-ELECTRICAL-LOCKOUT-24913-139,SAFETYWARE Circuit Breaker Lockout,Electrical Lockout,Safetyware catalog item from category 'Electrical Lockout'. Source: https://safetyware.com/product/safetyware-circuit-breaker-lockout/. Public catalog price was unavailable; unit_price is an estimated average for similar products in this category.,RM,2583.95,121,unit,active,2026-06-15T13:25:21.657742+00:00,2026-06-15T13:25:21.657742+00:00
SWP-96487564,SW-ELECTRICAL-LOCKOUT-14437-923,SAFETYWARE Clamp-On Breaker Lockout,Electrical Lockout,Safetyware catalog item from category 'Electrical Lockout'. Source: https://safetyware.com/product/safetyware-clamp-on-breaker-lockout/. Public catalog price was unavailable; unit_price is an estimated average for similar products in this category.,RM,1127.22,242,unit,active,2026-06-15T13:25:21.657742+00:00,2026-06-15T13:25:21.657742+00:00
SWP-61923296,SW-ELECTRICAL-LOCKOUT-52831-140,SAFETYWARE Double Socket Cover,Electrical Lockout,Safetyware catalog item from category 'Electrical Lockout'. Source: https://safetyware.com/product/safetyware-double-socket-cover/. Public catalog price was unavailable; unit_price is an estimated average for similar products in this category.,RM,1642.90,160,pair,active,2026-06-15T13:25:21.657742+00:00,2026-06-15T13:25:21.657742+00:00
SWP-49202687,SW-ELECTRICAL-LOCKOUT-41515-459,SAFETYWARE Electrical /Pneumatic Plug Lockout,Electrical Lockout,Safetyware catalog item from category 'Electrical Lockout'. Source: https://safetyware.com/product/safetyware-electrical-pneumatic-plug-lockout/. Public catalog price was unavailable; unit_price is an estimated average for similar products in this category.,RM,2965.20,298,unit,active,2026-06-15T13:25:21.657742+00:00,2026-06-15T13:25:21.657742+00:00
SWP-89743587,SW-ELECTRICAL-LOCKOUT-32700-398,SAFETYWARE Electrical Hole Lockout,Electrical Lockout,Safetyware catalog item from category 'Electrical Lockout'. Source: https://safetyware.com/product/safetyware-electrical-hole-lockout-3/. Public catalog price was unavailable; unit_price is an estimated average for similar products in this category.,RM,1110.67,364,unit,active,2026-06-15T13:25:21.657742+00:00,2026-06-15T13:25:21.657742+00:00
SWP-25456264,SW-ELECTRICAL-LOCKOUT-22925-822,SAFETYWARE Electrical Hole Lockout,Electrical Lockout,Safetyware catalog item from category 'Electrical Lockout'. Source: https://safetyware.com/product/safetyware-electrical-hole-lockout/. Public catalog price was unavailable; unit_price is an estimated average for similar products in this category.,RM,420.17,21,unit,active,2026-06-15T13:25:21.657742+00:00,2026-06-15T13:25:21.657742+00:00
SWP-73476760,SW-ELECTRICAL-LOCKOUT-32703-470,SAFETYWARE Electrical Hole Lockout,Electrical Lockout,Safetyware catalog item from category 'Electrical Lockout'. Source: https://safetyware.com/product/safetyware-electrical-hole-lockout-5/. Public catalog price was unavailable; unit_price is an estimated average for similar products in this category.,RM,2005.84,435,unit,active,2026-06-15T13:25:21.657742+00:00,2026-06-15T13:25:21.657742+00:00
SWP-37540192,SW-ELECTRICAL-LOTO-81805-466,CATU KIT-CONSI-01D Lockout kit for circuit breakers,Electrical Loto,Safetyware catalog item from category 'Electrical Loto'. Source: https://safetyware.com/product/catu-kit-consi-01d-lockout-kit-for-circuit-breakers/. Public catalog price was unavailable; unit_price is an estimated average for similar products in this category.,RM,960.85,268,unit,active,2026-06-15T13:25:21.657742+00:00,2026-06-15T13:25:21.657742+00:00
SWP-98830418,SW-ELECTRICAL-LOTO-81810-830,CATU KIT-CONSI-01E Electric Lockout Kit,Electrical Loto,Safetyware catalog item from category 'Electrical Loto'. Source: https://safetyware.com/product/catu-kit-consi-01e-electric-lockout-kit/. Public catalog price was unavailable; unit_price is an estimated average for similar products in this category.,RM,1428.57,269,unit,active,2026-06-15T13:25:21.657742+00:00,2026-06-15T13:25:21.657742+00:00
SWP-28402780,SW-ELECTRICAL-LOTO-81789-635,CATU SL-101 LoTo Cabinet with Shelves,Electrical Loto,Safetyware catalog item from category 'Electrical Loto'. Source: https://safetyware.com/product/catu-sl-101-loto-cabinet-with-shelves/. Public catalog price was unavailable; unit_price is an estimated average for similar products in this category.,RM,304.55,110,unit,active,2026-06-15T13:25:21.657742+00:00,2026-06-15T13:25:21.657742+00:00
SWP-57772897,SW-ELECTRICAL-LOTO-81799-272,CATU SL-102 Padlock cabinet for 42 padlocks,Electrical Loto,Safetyware catalog item from category 'Electrical Loto'. Source: https://safetyware.com/product/catu-sl-102-padlock-cabinet-for-42-padlocks/. Public catalog price was unavailable; unit_price is an estimated average for similar products in this category.,RM,1319.87,386,pair,active,2026-06-15T13:25:21.657742+00:00,2026-06-15T13:25:21.657742+00:00
SWP-95892844,SW-ELECTRICAL-LOTO-81786-826,CATU SL-103-04-01-Y LoTo Station,Electrical Loto,Safetyware catalog item from category 'Electrical Loto'. Source: https://safetyware.com/product/catu-sl-103-04-01-y-loto-station/. Public catalog price was unavailable; unit_price is an estimated average for similar products in this category.,RM,1669.96,208,unit,active,2026-06-15T13:25:21.657742+00:00,2026-06-15T13:25:21.657742+00:00
SWP-66507708,SW-ELECTRICAL-LOTO-81802-560,CATU SL-106 Group lock box,Electrical Loto,Safetyware catalog item from category 'Electrical Loto'. Source: https://safetyware.com/product/catu-sl-106-group-lock-box/. Public catalog price was unavailable; unit_price is an estimated average for similar products in this category.,RM,710.64,492,unit,active,2026-06-15T13:25:21.657742+00:00,2026-06-15T13:25:21.657742+00:00
SWP-46033697,SW-EMERGENCY-ESCAPE-BREATHI-2447-283,SAFETYWARE Emergency Escape Breathing Devices (EEBD),Emergency Escape Breathing Device Hood Eebd,Safetyware catalog item from category 'Emergency Escape Breathing Device Hood Eebd'. Source: https://safetyware.com/product/safetyware-eebd-15-minutes/. Public catalog price was unavailable; unit_price is an estimated average for similar products in this category.,RM,95.75,70,unit,active,2026-06-15T13:25:21.657742+00:00,2026-06-15T13:25:21.657742+00:00
SWP-94319177,SW-EMERGENCY-ESCAPE-BREATHI-2446-422,SUNDSTROM SR 77-3 Escape Hood,Emergency Escape Breathing Device Hood Eebd,Safetyware catalog item from category 'Emergency Escape Breathing Device Hood Eebd'. Source: https://safetyware.com/product/sundstrom-sr-77-3-escape-hood/. Public catalog price was unavailable; unit_price is an estimated average for similar products in this category.,RM,92.04,334,unit,active,2026-06-15T13:25:21.657742+00:00,2026-06-15T13:25:21.657742+00:00
SWP-43792809,SW-EMERGENCY-SIGNS-68530-857,QUICKSIGN Emergency Escape Sign – EES001 Arrow Up,Emergency Signs,Safetyware catalog item from category 'Emergency Signs'. Source: https://safetyware.com/product/quicksign-emergency-escape-sign-ees001-arrow-up/. Public catalog price was unavailable; unit_price is an estimated average for similar products in this category.,RM,36.25,203,pack,active,2026-06-15T13:25:21.657742+00:00,2026-06-15T13:25:21.657742+00:00
SWP-44572190,SW-EMERGENCY-SIGNS-68555-519,QUICKSIGN Emergency Escape Sign – EES002 Arrow Down,Emergency Signs,Safetyware catalog item from category 'Emergency Signs'. Source: https://safetyware.com/product/quicksign-emergency-escape-sign-ees002-arrow-down/. Public catalog price was unavailable; unit_price is an estimated average for similar products in this category.,RM,41.67,23,pack,active,2026-06-15T13:25:21.657742+00:00,2026-06-15T13:25:21.657742+00:00
SWP-77992497,SW-EMERGENCY-SIGNS-68560-495,QUICKSIGN Emergency Escape Sign – EES003 Arrow Left,Emergency Signs,Safetyware catalog item from category 'Emergency Signs'. Source: https://safetyware.com/product/quicksign-emergency-escape-sign-ees003-arrow-left/. Public catalog price was unavailable; unit_price is an estimated average for similar products in this category.,RM,14.76,339,pack,active,2026-06-15T13:25:21.657742+00:00,2026-06-15T13:25:21.657742+00:00
SWP-55102739,SW-EMERGENCY-SIGNS-68566-639,QUICKSIGN Emergency Escape Sign – EES004 Arrow Right,Emergency Signs,Safetyware catalog item from category 'Emergency Signs'. Source: https://safetyware.com/product/quicksign-emergency-escape-sign-ees004-arrow-right/. Public catalog price was unavailable; unit_price is an estimated average for similar products in this category.,RM,30.92,479,pack,active,2026-06-15T13:25:21.657742+00:00,2026-06-15T13:25:21.657742+00:00
SWP-83278364,SW-EMERGENCY-SIGNS-68590-498,QUICKSIGN Emergency Escape Sign – EES005 Arrow Up Left,Emergency Signs,Safetyware catalog item from category 'Emergency Signs'. Source: https://safetyware.com/product/quicksign-emergency-escape-sign-ees005-arrow-up-left/. Public catalog price was unavailable; unit_price is an estimated average for similar products in this category.,RM,32.59,70,pack,active,2026-06-15T13:25:21.657742+00:00,2026-06-15T13:25:21.657742+00:00
SWP-48985883,SW-EMERGENCY-SIGNS-68603-686,QUICKSIGN Emergency Escape Sign – EES006 Arrow Up Right,Emergency Signs,Safetyware catalog item from category 'Emergency Signs'. Source: https://safetyware.com/product/quicksign-emergency-escape-sign-ees006-arrow-up-right/. Public catalog price was unavailable; unit_price is an estimated average for similar products in this category.,RM,18.58,65,pack,active,2026-06-15T13:25:21.657742+00:00,2026-06-15T13:25:21.657742+00:00
SWP-14005950,SW-EMERGENCY-SIGNS-68609-898,QUICKSIGN Emergency Escape Sign – EES007 Arrow Down Left,Emergency Signs,Safetyware catalog item from category 'Emergency Signs'. Source: https://safetyware.com/product/quicksign-emergency-escape-sign-ees007-arrow-down-left/. Public catalog price was unavailable; unit_price is an estimated average for similar products in this category.,RM,46.07,100,pack,active,2026-06-15T13:25:21.657742+00:00,2026-06-15T13:25:21.657742+00:00
SWP-89140482,SW-EMERGENCY-SIGNS-68614-980,QUICKSIGN Emergency Escape Sign – EES008 Arrow Down Right,Emergency Signs,Safetyware catalog item from category 'Emergency Signs'. Source: https://safetyware.com/product/quicksign-emergency-escape-sign-ees008-arrow-down-right/. Public catalog price was unavailable; unit_price is an estimated average for similar products in this category.,RM,43.85,347,pack,active,2026-06-15T13:25:21.657742+00:00,2026-06-15T13:25:21.657742+00:00
SWP-27234817,SW-EMERGENCY-SIGNS-68626-820,QUICKSIGN Emergency Escape Sign – EES009 Use Stairs in the Event of a Fire (Down Left),Emergency Signs,Safetyware catalog item from category 'Emergency Signs'. Source: https://safetyware.com/product/quicksign-emergency-escape-sign-ees009-use-stairs-in-the-event-of-a-fire-down/. Public catalog price was unavailable; unit_price is an estimated average for similar products in this category.,RM,53.06,241,pack,active,2026-06-15T13:25:21.657742+00:00,2026-06-15T13:25:21.657742+00:00
SWP-49876995,SW-EMERGENCY-SIGNS-68633-111,QUICKSIGN Emergency Escape Sign – EES010 Use Stairs in the Event of a Fire (Down Right),Emergency Signs,Safetyware catalog item from category 'Emergency Signs'. Source: https://safetyware.com/product/quicksign-emergency-escape-sign-ees010-use-stairs-in-the-event-of-a-fire/. Public catalog price was unavailable; unit_price is an estimated average for similar products in this category.,RM,38.41,300,pack,active,2026-06-15T13:25:21.657742+00:00,2026-06-15T13:25:21.657742+00:00
SWP-35599205,SW-EMERGENCY-RESCUE-KITS-17619-488,Disaster Rescue Kit,Emergency Rescue Kits,Safetyware catalog item from category 'Emergency Rescue Kits'. Source: https://safetyware.com/product/disaster-rescue-kit/. Public catalog price was unavailable; unit_price is an estimated average for similar products in this category.,RM,160.11,358,unit,active,2026-06-15T13:25:21.657742+00:00,2026-06-15T13:25:21.657742+00:00
SWP-73082835,SW-EMERGENCY-RESCUE-KITS-17635-345,Emergency Rescue Kit,Emergency Rescue Kits,Safetyware catalog item from category 'Emergency Rescue Kits'. Source: https://safetyware.com/product/emergency-rescue-kit/. Public catalog price was unavailable; unit_price is an estimated average for similar products in this category.,RM,311.20,64,unit,active,2026-06-15T13:25:21.657742+00:00,2026-06-15T13:25:21.657742+00:00
SWP-74667479,SW-EMERGENCY-RESCUE-KITS-17692-406,Mini Rescue Kit,Emergency Rescue Kits,Safetyware catalog item from category 'Emergency Rescue Kits'. Source: https://safetyware.com/product/mini-rescue-kit/. Public catalog price was unavailable; unit_price is an estimated average for similar products in this category.,RM,577.52,397,unit,active,2026-06-15T13:25:21.657742+00:00,2026-06-15T13:25:21.657742+00:00
SWP-74411279,SW-EMERGENCY-RESCUE-KITS-17708-130,Public Services Vehicles Equipment,Emergency Rescue Kits,Safetyware catalog item from category 'Emergency Rescue Kits'. Source: https://safetyware.com/product/public-services-vehicles-equipment/. Public catalog price was unavailable; unit_price is an estimated average for similar products in this category.,RM,566.43,440,unit,active,2026-06-15T13:25:21.657742+00:00,2026-06-15T13:25:21.657742+00:00
SWP-88741879,SW-EMERGENCY-RESCUE-KITS-17719-175,Rescue Roll Pack,Emergency Rescue Kits,Safetyware catalog item from category 'Emergency Rescue Kits'. Source: https://safetyware.com/product/rescue-roll-pack/. Public catalog price was unavailable; unit_price is an estimated average for similar products in this category.,RM,636.98,131,unit,active,2026-06-15T13:25:21.657742+00:00,2026-06-15T13:25:21.657742+00:00
SWP-32870767,SW-ENVIRONMENTAL-AND-SUSTAI-18807-101,Management Of Occupational Noise Exposure & Hearing Conservation Program,Environmental And Sustainability Training,Safetyware catalog item from category 'Environmental And Sustainability Training'. Source: https://safetyware.com/product/management-of-occupational-noise-exposure-hearing-conservation-program-training/. Public catalog price was unavailable; unit_price is an estimated average for similar products in this category.,RM,1314.26,94,service,active,2026-06-15T13:25:21.657742+00:00,2026-06-15T13:25:21.657742+00:00
SWP-44506138,SW-ENVIRONMENTAL-AND-SUSTAI-19744-258,Scheduled Waste Management Training,Environmental And Sustainability Training,Safetyware catalog item from category 'Environmental And Sustainability Training'. Source: https://safetyware.com/product/scheduled-waste-management-training/. Public catalog price was unavailable; unit_price is an estimated average for similar products in this category.,RM,1252.65,480,service,active,2026-06-15T13:25:21.657742+00:00,2026-06-15T13:25:21.657742+00:00
SWP-57195087,SW-ENVIRONMENTAL-ASSESSMENT-28854-210,Audiometry Assessment,Environmental Assessments,Safetyware catalog item from category 'Environmental Assessments'. Source: https://safetyware.com/product/audiometry-assessment/. Public catalog price was unavailable; unit_price is an estimated average for similar products in this category.,RM,318.00,95,service,active,2026-06-15T13:25:21.657742+00:00,2026-06-15T13:25:21.657742+00:00
SWP-83254064,SW-ENVIRONMENTAL-ASSESSMENT-28740-319,CHRA (Chemical Health Risk Assessment) Assessment,Environmental Assessments,Safetyware catalog item from category 'Environmental Assessments'. Source: https://safetyware.com/product/chemical-health-risk-assessment-chra/. Public catalog price was unavailable; unit_price is an estimated average for similar products in this category.,RM,1436.21,178,service,active,2026-06-15T13:25:21.657742+00:00,2026-06-15T13:25:21.657742+00:00
SWP-68701641,SW-ENVIRONMENTAL-ASSESSMENT-31021-815,LEV (Local Exhaust Ventilation) System Assessment,Environmental Assessments,Safetyware catalog item from category 'Environmental Assessments'. Source: https://safetyware.com/product/lev-local-exhaust-ventilation-system-assessment/. Public catalog price was unavailable; unit_price is an estimated average for similar products in this category.,RM,906.78,98,service,active,2026-06-15T13:25:21.657742+00:00,2026-06-15T13:25:21.657742+00:00
SWP-31434710,SW-ESD-SAFETY-SHOES-6311-992,RHINO SHOE PU Series FlexiGuard IV102KP Low-Cut Slip On White Safety Shoes,Esd Safety Shoes,Safetyware catalog item from category 'Esd Safety Shoes'. Source: https://safetyware.com/product/rhino-shoe-pu-series-flexiguard-iv102kp-low-cut-slip-on-white-safety-shoes/. Public catalog price was unavailable; unit_price is an estimated average for similar products in this category.,RM,95.67,80,pair,active,2026-06-15T13:25:21.657742+00:00,2026-06-15T13:25:21.657742+00:00
SWP-39329545,SW-ESD-SAFETY-SHOES-4173-909,RHINO SHOE PU Series FlexiGuard ES101KP Low-Cut with Lace Safety Shoes,Esd Safety Shoes,Safetyware catalog item from category 'Esd Safety Shoes'. Source: https://safetyware.com/product/rhino-shoe-pu-series-flexiguard-es101kp-low-cut-with-lace-safety-shoes/. Public catalog price was unavailable; unit_price is an estimated average for similar products in this category.,RM,187.30,15,pair,active,2026-06-15T13:25:21.657742+00:00,2026-06-15T13:25:21.657742+00:00
SWP-12171754,SW-ESD-SAFETY-SHOES-5325-634,RHINO SHOE PU Series FlexiGuard ES102KP Low-Cut Slip-On ESD Safety Shoes,Esd Safety Shoes,Safetyware catalog item from category 'Esd Safety Shoes'. Source: https://safetyware.com/product/rhino-shoe-pu-series-flexiguard-es102kp-low-cut-slip-on-safety-shoes/. Public catalog price was unavailable; unit_price is an estimated average for similar products in this category.,RM,241.02,285,pair,active,2026-06-15T13:25:21.657742+00:00,2026-06-15T13:25:21.657742+00:00
SWP-82758008,SW-ESD-SAFETY-SHOES-4164-678,RHINO SHOE PU Series PrimeGuard CH101KP Low-Cut with Lace Safety Shoes,Esd Safety Shoes,Safetyware catalog item from category 'Esd Safety Shoes'. Source: https://safetyware.com/product/rhino-shoe-pu-series-primeguard-ch101kp-low-cut-with-lace-safety-shoes/. Public catalog price was unavailable; unit_price is an estimated average for similar products in this category.,RM,117.80,450,pair,active,2026-06-15T13:25:21.657742+00:00,2026-06-15T13:25:21.657742+00:00
SWP-98824516,SW-ESD-SAFETY-SHOES-4167-935,RHINO SHOE PU Series PrimeGuard CH111KP Low-Cut with Lace Safety Shoes,Esd Safety Shoes,Safetyware catalog item from category 'Esd Safety Shoes'. Source: https://safetyware.com/product/rhino-shoe-pu-series-primeguard-ch111kp-low-cut-with-lace-safety-shoes/. Public catalog price was unavailable; unit_price is an estimated average for similar products in this category.,RM,110.67,276,pair,active,2026-06-15T13:25:21.657742+00:00,2026-06-15T13:25:21.657742+00:00
SWP-32296546,SW-ESD-SAFETY-SHOES-4169-639,RHINO SHOE PU Series PrimeGuard CH211KP Mid-Cut with Lace Safety Shoes,Esd Safety Shoes,Safetyware catalog item from category 'Esd Safety Shoes'. Source: https://safetyware.com/product/rhino-shoe-pu-series-primeguard-ch211kp-mid-cut-with-lace-safety-shoes/. Public catalog price was unavailable; unit_price is an estimated average for similar products in this category.,RM,197.53,248,pair,active,2026-06-15T13:25:21.657742+00:00,2026-06-15T13:25:21.657742+00:00
SWP-22864237,SW-ESD-SAFETY-SHOES-4171-581,RHINO SHOE PU Series PrimeGuard CH302KP High-Cut Pull-Up Safety Shoes,Esd Safety Shoes,Safetyware catalog item from category 'Esd Safety Shoes'. Source: https://safetyware.com/product/rhino-shoe-pu-series-primeguard-ch302kp-high-cut-pull-up-safety-shoes/. Public catalog price was unavailable; unit_price is an estimated average for similar products in this category.,RM,236.08,494,pair,active,2026-06-15T13:25:21.657742+00:00,2026-06-15T13:25:21.657742+00:00
SWP-49865477,SW-ESD-SAFETY-SHOES-8125-356,RHINO SHOE IV102SP Ivory Safety Shoes,Esd Safety Shoes,Safetyware catalog item from category 'Esd Safety Shoes'. Source: https://safetyware.com/product/rhino-shoe-iv102sp-ivory-safety-shoes/. Public catalog price was unavailable; unit_price is an estimated average for similar products in this category.,RM,256.28,169,pair,active,2026-06-15T13:25:21.657742+00:00,2026-06-15T13:25:21.657742+00:00
SWP-48241007,SW-EYE-WASH-AND-EYE-FACE-WA-16663-251,SAFETYWARE ESE3000FSS Stainless Steel Floor Mounted Emergency Eyewash (Without Foot Pedal),Eye Wash And Eye Face Wash,Safetyware catalog item from category 'Eye Wash And Eye Face Wash'. Source: https://safetyware.com/product/safetyware-ese3000fss-full-stainless-steel-floor-mounted-emergency-eyewash/. Public catalog price was unavailable; unit_price is an estimated average for similar products in this category.,RM,86.48,175,unit,active,2026-06-15T13:25:21.657742+00:00,2026-06-15T13:25:21.657742+00:00
SWP-22990571,SW-EYE-WASH-AND-EYE-FACE-WA-16679-328,SAFETYWARE ESE3001FSS Stainless Steel Floor Mounted Emergency Eyewash (With Foot Pedal),Eye Wash And Eye Face Wash,Safetyware catalog item from category 'Eye Wash And Eye Face Wash'. Source: https://safetyware.com/product/safetyware-ese3001fss-full-stainless-steel-floor-mounted-emergency-eyewash/. Public catalog price was unavailable; unit_price is an estimated average for similar products in this category.,RM,325.85,314,unit,active,2026-06-15T13:25:21.657742+00:00,2026-06-15T13:25:21.657742+00:00
SWP-23012582,SW-EYE-WASH-AND-EYE-FACE-WA-16811-684,SAFETYWARE ESE5000FSS Full Stainless Steel Wall Mounted Emergency Eyewash,Eye Wash And Eye Face Wash,Safetyware catalog item from category 'Eye Wash And Eye Face Wash'. Source: https://safetyware.com/product/safetyware-ese5000fss-full-stainless-steel-wall-mounted-emergency-eyewash/. Public catalog price was unavailable; unit_price is an estimated average for similar products in this category.,RM,261.49,425,unit,active,2026-06-15T13:25:21.657742+00:00,2026-06-15T13:25:21.657742+00:00
SWP-14940539,SW-EYE-WASH-AND-EYE-FACE-WA-18549-400,SAFETYWARE ESE6000SS Decked Mounted Pull Out Eye Washer (1 spray head),Eye Wash And Eye Face Wash,Safetyware catalog item from category 'Eye Wash And Eye Face Wash'. Source: https://safetyware.com/product/safetyware-ese6000fss-decked-mounted-pull-out-eye-washer/. Public catalog price was unavailable; unit_price is an estimated average for similar products in this category.,RM,65.44,70,unit,active,2026-06-15T13:25:21.657742+00:00,2026-06-15T13:25:21.657742+00:00
SWP-15277296,SW-EYE-WASH-AND-EYE-FACE-WA-18571-594,SAFETYWARE ESE6001SS Decked Mounted Pull Out Eye Washer (2 spray heads),Eye Wash And Eye Face Wash,Safetyware catalog item from category 'Eye Wash And Eye Face Wash'. Source: https://safetyware.com/product/safetyware-ese6001ss-decked-mounted-pull-out-eye-washer-2-spray-heads/. Public catalog price was unavailable; unit_price is an estimated average for similar products in this category.,RM,182.23,18,unit,active,2026-06-15T13:25:21.657742+00:00,2026-06-15T13:25:21.657742+00:00
SWP-59617150,SW-EYE-WASH-AND-EYE-FACE-WA-18573-505,SAFETYWARE ESE7000 Faucet-Mounted Eye Washer,Eye Wash And Eye Face Wash,Safetyware catalog item from category 'Eye Wash And Eye Face Wash'. Source: https://safetyware.com/product/safetyware-ese7000-faucet-mounted-eye-washer/. Public catalog price was unavailable; unit_price is an estimated average for similar products in this category.,RM,325.94,219,unit,active,2026-06-15T13:25:21.657742+00:00,2026-06-15T13:25:21.657742+00:00
SWP-30986411,SW-EYE-WASH-AND-EYE-FACE-WA-18574-966,SAFETYWARE ESE8001FSS Stainless Steel Decontamination Eyewash,Eye Wash And Eye Face Wash,Safetyware catalog item from category 'Eye Wash And Eye Face Wash'. Source: https://safetyware.com/product/safetyware-se8001fss-stainless-steel-decontamination-eyewash/. Public catalog price was unavailable; unit_price is an estimated average for similar products in this category.,RM,322.00,78,unit,active,2026-06-15T13:25:21.657742+00:00,2026-06-15T13:25:21.657742+00:00
SWP-30582284,SW-FABRIC-FACE-MASKS-2121-598,SAFETYWARE 3-Layer Premium Black Fabric Face Mask,Fabric Face Masks,Safetyware catalog item from category 'Fabric Face Masks'. Source: https://safetyware.com/product/safetyware-3-layer-premium-black-fabric-face-mask/. Public catalog price was unavailable; unit_price is an estimated average for similar products in this category.,RM,177.22,424,unit,active,2026-06-15T13:25:21.657742+00:00,2026-06-15T13:25:21.657742+00:00
SWP-29104074,SW-FABRIC-FACE-MASKS-2124-279,SAFETYWARE 3-Layer Premium Dark Blue Fabric Face Mask,Fabric Face Masks,Safetyware catalog item from category 'Fabric Face Masks'. Source: https://safetyware.com/product/safetyware-3-layer-premium-dark-blue-fabric-face-mask/. Public catalog price was unavailable; unit_price is an estimated average for similar products in this category.,RM,150.50,155,unit,active,2026-06-15T13:25:21.657742+00:00,2026-06-15T13:25:21.657742+00:00
SWP-41494376,SW-FABRIC-FACE-MASKS-2122-153,SAFETYWARE 3-Layer Premium Grey Fabric Face Mask,Fabric Face Masks,Safetyware catalog item from category 'Fabric Face Masks'. Source: https://safetyware.com/product/safetyware-3-layer-premium-grey-fabric-face-mask/. Public catalog price was unavailable; unit_price is an estimated average for similar products in this category.,RM,130.47,414,unit,active,2026-06-15T13:25:21.657742+00:00,2026-06-15T13:25:21.657742+00:00
SWP-12679527,SW-FABRIC-FACE-MASKS-2123-865,SAFETYWARE 3-Layer Premium Pink Fabric Face Mask,Fabric Face Masks,Safetyware catalog item from category 'Fabric Face Masks'. Source: https://safetyware.com/product/safetyware-3-layer-premium-pink-fabric-face-mask/. Public catalog price was unavailable; unit_price is an estimated average for similar products in this category.,RM,217.62,325,unit,active,2026-06-15T13:25:21.657742+00:00,2026-06-15T13:25:21.657742+00:00
SWP-59941679,SW-FABRIC-FACE-MASKS-2119-459,SAFETYWARE 2-Layer Standard Fabric Face Mask,Fabric Face Masks,Safetyware catalog item from category 'Fabric Face Masks'. Source: https://safetyware.com/product/safetyware-2-layer-standard-fabric-face-mask/. Public catalog price was unavailable; unit_price is an estimated average for similar products in this category.,RM,151.05,171,unit,active,2026-06-15T13:25:21.657742+00:00,2026-06-15T13:25:21.657742+00:00
SWP-19720762,SW-FABRIC-FACE-MASKS-2120-335,SAFETYWARE 3-Layer Standard Fabric Face Mask,Fabric Face Masks,Safetyware catalog item from category 'Fabric Face Masks'. Source: https://safetyware.com/product/safetyware-3-layer-standard-fabric-face-mask/. Public catalog price was unavailable; unit_price is an estimated average for similar products in this category.,RM,52.71,306,unit,active,2026-06-15T13:25:21.657742+00:00,2026-06-15T13:25:21.657742+00:00
SWP-82105298,SW-FACE-SHIELDS-13803-317,SAFETYWARE High Impact Bullet Shape Visor,Face Shields,Safetyware catalog item from category 'Face Shields'. Source: https://safetyware.com/product/safetyware-high-impact-bullet-shape-visor/. Public catalog price was unavailable; unit_price is an estimated average for similar products in this category.,RM,302.31,440,unit,active,2026-06-15T13:25:21.657742+00:00,2026-06-15T13:25:21.657742+00:00
SWP-70257400,SW-FACE-SHIELDS-13802-515,SAFETYWARE Headgear for Visor,Face Shields,Safetyware catalog item from category 'Face Shields'. Source: https://safetyware.com/product/safetyware-headgear-for-visor/. Public catalog price was unavailable; unit_price is an estimated average for similar products in this category.,RM,215.12,228,unit,active,2026-06-15T13:25:21.657742+00:00,2026-06-15T13:25:21.657742+00:00
SWP-89387245,SW-FACE-SHIELDS-48311-809,BLUE EAGLE Brow Guard,Face Shields,Safetyware catalog item from category 'Face Shields'. Source: https://safetyware.com/product/blue-eagle-brow-guard/. Public catalog price was unavailable; unit_price is an estimated average for similar products in this category.,RM,129.32,384,unit,active,2026-06-15T13:25:21.657742+00:00,2026-06-15T13:25:21.657742+00:00
SWP-63113974,SW-FACE-SHIELDS-48343-756,BLUE EAGLE Brow Guard,Face Shields,Safetyware catalog item from category 'Face Shields'. Source: https://safetyware.com/product/blue-eagle-brow-guard-2/. Public catalog price was unavailable; unit_price is an estimated average for similar products in this category.,RM,293.24,282,unit,active,2026-06-15T13:25:21.657742+00:00,2026-06-15T13:25:21.657742+00:00
SWP-64634797,SW-FACE-SHIELDS-20541-615,SAFETYWARE Dielectric Slotted Visor Bracket,Face Shields,Safetyware catalog item from category 'Face Shields'. Source: https://safetyware.com/product/safetyware-dielectric-slotted-visor-bracket/. Public catalog price was unavailable; unit_price is an estimated average for similar products in this category.,RM,449.14,201,unit,active,2026-06-15T13:25:21.657742+00:00,2026-06-15T13:25:21.657742+00:00
SWP-66842495,SW-FACE-SHIELDS-56524-213,PORTWEST PS58 Helmet Visor Holder,Face Shields,Safetyware catalog item from category 'Face Shields'. Source: https://safetyware.com/product/portwest-ps58-helmet-visor-holder/. Public catalog price was unavailable; unit_price is an estimated average for similar products in this category.,RM,450.31,384,unit,active,2026-06-15T13:25:21.657742+00:00,2026-06-15T13:25:21.657742+00:00
SWP-12286699,SW-FACE-SHIELDS-48350-337,Proguard Polycarbonate Cylinder Visor,Face Shields,Safetyware catalog item from category 'Face Shields'. Source: https://safetyware.com/product/proguard-polycarbonate-cylinder-visor/. Public catalog price was unavailable; unit_price is an estimated average for similar products in this category.,RM,141.18,299,unit,active,2026-06-15T13:25:21.657742+00:00,2026-06-15T13:25:21.657742+00:00
SWP-88440763,SW-FACE-SHIELDS-4025-951,"BLUE EAGLE FC49M Face Shield Visor, Mesh",Face Shields,Safetyware catalog item from category 'Face Shields'. Source: https://safetyware.com/product/blue-eagle-fc49m-face-shield-visor-mesh/. Public catalog price was unavailable; unit_price is an estimated average for similar products in this category.,RM,215.30,445,unit,active,2026-06-15T13:25:21.657742+00:00,2026-06-15T13:25:21.657742+00:00
SWP-90314858,SW-FACE-SHIELDS-4023-574,BLUE EAGLE Aluminized Face Shield Visor,Face Shields,Safetyware catalog item from category 'Face Shields'. Source: https://safetyware.com/product/blue-eagle-aluminized-face-shield-visor/. Public catalog price was unavailable; unit_price is an estimated average for similar products in this category.,RM,428.19,81,unit,active,2026-06-15T13:25:21.657742+00:00,2026-06-15T13:25:21.657742+00:00
SWP-62885985,SW-FACE-SHIELDS-13811-972,BSD ErgoS 2Power Arc Flash Face Shield,Face Shields,Safetyware catalog item from category 'Face Shields'. Source: https://safetyware.com/product/bsd-ergos-2power-arc-flash-face-shield/. Public catalog price was unavailable; unit_price is an estimated average for similar products in this category.,RM,355.98,57,unit,active,2026-06-15T13:25:21.657742+00:00,2026-06-15T13:25:21.657742+00:00
SWP-58400508,SW-FINGER-PROTECTION-2531-256,SAFETYWARE Ordinary Rubber Finger Cots,Finger Protection,Safetyware catalog item from category 'Finger Protection'. Source: https://safetyware.com/product/safetyware-ordinary-rubber-finger-cots/. Public catalog price was unavailable; unit_price is an estimated average for similar products in this category.,RM,475.64,273,unit,active,2026-06-15T13:25:21.657742+00:00,2026-06-15T13:25:21.657742+00:00
SWP-83222021,SW-FINGER-PROTECTION-47573-694,SAFETYWARE Antistatic Finger Cots,Finger Protection,Safetyware catalog item from category 'Finger Protection'. Source: https://safetyware.com/product/safetyware-antistatic-finger-cots/. Public catalog price was unavailable; unit_price is an estimated average for similar products in this category.,RM,134.61,32,unit,active,2026-06-15T13:25:21.657742+00:00,2026-06-15T13:25:21.657742+00:00
SWP-20218782,SW-FINGER-PROTECTION-32405-254,SAFETYWARE Rubber Finger Stall,Finger Protection,Safetyware catalog item from category 'Finger Protection'. Source: https://safetyware.com/product/safetyware-rubber-finger-stall/. Public catalog price was unavailable; unit_price is an estimated average for similar products in this category.,RM,150.03,486,unit,active,2026-06-15T13:25:21.657742+00:00,2026-06-15T13:25:21.657742+00:00
SWP-86890179,SW-FIRE-BLANKETS-10074-490,SAFETYWARE Fire Blanket,Fire Blankets,Safetyware catalog item from category 'Fire Blankets'. Source: https://safetyware.com/product/safetyware-fire-blanket/. Public catalog price was unavailable; unit_price is an estimated average for similar products in this category.,RM,168.89,340,unit,active,2026-06-15T13:25:21.657742+00:00,2026-06-15T13:25:21.657742+00:00
SWP-97087923,SW-FIRE-BLANKETS-57424-576,SAFETYWARE Car Fire Blanket,Fire Blankets,Safetyware catalog item from category 'Fire Blankets'. Source: https://safetyware.com/product/safetyware-car-fire-blanket/. Public catalog price was unavailable; unit_price is an estimated average for similar products in this category.,RM,98.36,364,unit,active,2026-06-15T13:25:21.657742+00:00,2026-06-15T13:25:21.657742+00:00
SWP-18944615,SW-FIRE-EXTINGUISHERS-9960-315,SRI ABC Dry Powder Fire Extinguishers,Fire Extinguishers,Safetyware catalog item from category 'Fire Extinguishers'. Source: https://safetyware.com/product/abc-dry-powder-fire-extinguishers/. Public catalog price was unavailable; unit_price is an estimated average for similar products in this category.,RM,342.32,339,unit,active,2026-06-15T13:25:21.657742+00:00,2026-06-15T13:25:21.657742+00:00
SWP-73787417,SW-FIRE-EXTINGUISHERS-10059-811,SRI Carbon Dioxide (CO2) Fire Extinguishers,Fire Extinguishers,Safetyware catalog item from category 'Fire Extinguishers'. Source: https://safetyware.com/product/sri-carbon-dioxide-co2-fire-extinguishers/. Public catalog price was unavailable; unit_price is an estimated average for similar products in this category.,RM,115.20,210,unit,active,2026-06-15T13:25:21.657742+00:00,2026-06-15T13:25:21.657742+00:00
SWP-64414863,SW-FIRE-EXTINGUISHERS-10082-715,SRI Class D Fire Extinguisher,Fire Extinguishers,Safetyware catalog item from category 'Fire Extinguishers'. Source: https://safetyware.com/product/sri-class-d-fire-extinguisher/. Public catalog price was unavailable; unit_price is an estimated average for similar products in this category.,RM,160.35,253,unit,active,2026-06-15T13:25:21.657742+00:00,2026-06-15T13:25:21.657742+00:00
SWP-15397967,SW-FIRE-EXTINGUISHERS-57951-286,SAFETYWARE Metal Box Stand for 9KG Fire Extinguisher,Fire Extinguishers,Safetyware catalog item from category 'Fire Extinguishers'. Source: https://safetyware.com/product/safetyware-metal-box-stand-for-9kg-fire-extinguisher/. Public catalog price was unavailable; unit_price is an estimated average for similar products in this category.,RM,66.41,228,unit,active,2026-06-15T13:25:21.657742+00:00,2026-06-15T13:25:21.657742+00:00
SWP-95866333,SW-FIRE-EXTINGUISHERS-57767-597,SAFETYWARE Fire Extinguisher Stand,Fire Extinguishers,Safetyware catalog item from category 'Fire Extinguishers'. Source: https://safetyware.com/product/safetyware-fire-extinguisher-stand/. Public catalog price was unavailable; unit_price is an estimated average for similar products in this category.,RM,263.11,8,unit,active,2026-06-15T13:25:21.657742+00:00,2026-06-15T13:25:21.657742+00:00
SWP-17858526,SW-FIRE-EXTINGUISHERS-57697-485,SRI Fire extinguisher Wall Bracket (5kg),Fire Extinguishers,Safetyware catalog item from category 'Fire Extinguishers'. Source: https://safetyware.com/product/sri-fire-extinguisher-wall-bracket-5kg/. Public catalog price was unavailable; unit_price is an estimated average for similar products in this category.,RM,255.38,307,unit,active,2026-06-15T13:25:21.657742+00:00,2026-06-15T13:25:21.657742+00:00
SWP-91165792,SW-FIRE-SIGN-23104-754,QUICKSIGN Fire Sign – FS001 Dry riser,Fire Sign,Safetyware catalog item from category 'Fire Sign'. Source: https://safetyware.com/product/quicksign-fire-sign-fs001-dry-riser/. Public catalog price was unavailable; unit_price is an estimated average for similar products in this category.,RM,45.23,395,pack,active,2026-06-15T13:25:21.657742+00:00,2026-06-15T13:25:21.657742+00:00
SWP-55936943,SW-FIRE-SIGN-23127-435,QUICKSIGN Fire Sign – FS002 Wet riser,Fire Sign,Safetyware catalog item from category 'Fire Sign'. Source: https://safetyware.com/product/quicksign-fire-sign-fs002-wet-riser/. Public catalog price was unavailable; unit_price is an estimated average for similar products in this category.,RM,26.69,262,pack,active,2026-06-15T13:25:21.657742+00:00,2026-06-15T13:25:21.657742+00:00
SWP-48160451,SW-FIRE-SIGN-23148-742,QUICKSIGN Fire Sign – FS003 Fire blanket,Fire Sign,Safetyware catalog item from category 'Fire Sign'. Source: https://safetyware.com/product/quicksign-fire-sign-fs003-fire-blanket/. Public catalog price was unavailable; unit_price is an estimated average for similar products in this category.,RM,14.64,89,pack,active,2026-06-15T13:25:21.657742+00:00,2026-06-15T13:25:21.657742+00:00
SWP-46353072,SW-FIRE-SIGN-23169-674,QUICKSIGN Fire Sign – FS004 Fire hydrant,Fire Sign,Safetyware catalog item from category 'Fire Sign'. Source: https://safetyware.com/product/quicksign-fire-sign-fs004-fire-hydrant/. Public catalog price was unavailable; unit_price is an estimated average for similar products in this category.,RM,19.50,181,pack,active,2026-06-15T13:25:21.657742+00:00,2026-06-15T13:25:21.657742+00:00
SWP-49366356,SW-FIRE-SIGN-23191-995,QUICKSIGN Fire Sign – FS005 Fire curtain / shutter,Fire Sign,Safetyware catalog item from category 'Fire Sign'. Source: https://safetyware.com/product/quicksign-fire-sign-fs005-fire-curtain-shutter/. Public catalog price was unavailable; unit_price is an estimated average for similar products in this category.,RM,43.00,207,pack,active,2026-06-15T13:25:21.657742+00:00,2026-06-15T13:25:21.657742+00:00
SWP-15398913,SW-FIRE-SIGN-23212-173,QUICKSIGN Fire Sign – FS006 Fire Extinguisher,Fire Sign,Safetyware catalog item from category 'Fire Sign'. Source: https://safetyware.com/product/quicksign-fire-sign-fs006-fire-extinguisher/. Public catalog price was unavailable; unit_price is an estimated average for similar products in this category.,RM,38.79,33,pack,active,2026-06-15T13:25:21.657742+00:00,2026-06-15T13:25:21.657742+00:00
SWP-36177166,SW-FIRE-SIGN-23233-921,QUICKSIGN Fire Sign – FS007 Fire Hose Reel,Fire Sign,Safetyware catalog item from category 'Fire Sign'. Source: https://safetyware.com/product/quicksign-fire-sign-fs007-fire-hose-reel/. Public catalog price was unavailable; unit_price is an estimated average for similar products in this category.,RM,14.23,152,pack,active,2026-06-15T13:25:21.657742+00:00,2026-06-15T13:25:21.657742+00:00
SWP-10558099,SW-FIRE-SIGN-23254-769,QUICKSIGN Fire Sign – FS008 Fire Alarm,Fire Sign,Safetyware catalog item from category 'Fire Sign'. Source: https://safetyware.com/product/quicksign-fire-sign-fs008-fire-alarm/. Public catalog price was unavailable; unit_price is an estimated average for similar products in this category.,RM,28.87,95,pack,active,2026-06-15T13:25:21.657742+00:00,2026-06-15T13:25:21.657742+00:00
SWP-92206173,SW-FIRE-SIGN-23275-368,QUICKSIGN Fire Sign – FS009 Fire Extinguisher,Fire Sign,Safetyware catalog item from category 'Fire Sign'. Source: https://safetyware.com/product/quicksign-fire-sign-fs009-fire-extinguisher/. Public catalog price was unavailable; unit_price is an estimated average for similar products in this category.,RM,18.23,276,pack,active,2026-06-15T13:25:21.657742+00:00,2026-06-15T13:25:21.657742+00:00
SWP-65129239,SW-FIRE-SIGN-23296-675,QUICKSIGN Fire Sign – FS010 Fire Hose Reel,Fire Sign,Safetyware catalog item from category 'Fire Sign'. Source: https://safetyware.com/product/quicksign-fire-sign-fs010-fire-hose-reel/. Public catalog price was unavailable; unit_price is an estimated average for similar products in this category.,RM,23.92,166,pack,active,2026-06-15T13:25:21.657742+00:00,2026-06-15T13:25:21.657742+00:00
SWP-72531312,SW-FIREMEN-SUIT-AND-GEAR-41345-248,SAFETYWARE Fire Fighting Suit,Firemen Suit And Gear,Safetyware catalog item from category 'Firemen Suit And Gear'. Source: https://safetyware.com/product/safetyware-fire-fighting-suit/. Public catalog price was unavailable; unit_price is an estimated average for similar products in this category.,RM,261.40,343,unit,active,2026-06-15T13:25:21.657742+00:00,2026-06-15T13:25:21.657742+00:00
SWP-84151102,SW-FIREMEN-SUIT-AND-GEAR-24286-672,SAFETYWARE Flame Retardant Hood,Firemen Suit And Gear,Safetyware catalog item from category 'Firemen Suit And Gear'. Source: https://safetyware.com/product/safetyware-flame-retardant-hood/. Public catalog price was unavailable; unit_price is an estimated average for similar products in this category.,RM,169.51,294,unit,active,2026-06-15T13:25:21.657742+00:00,2026-06-15T13:25:21.657742+00:00
SWP-36571326,SW-FIRST-AID-AND-EMERGENCY--18801-878,"Basic Occupational First Aid, CPR & AED (1 Day)",First Aid And Emergency Training,Safetyware catalog item from category 'First Aid And Emergency Training'. Source: https://safetyware.com/product/basic-occupational-first-aid-cpr-aed-1-day-training/. Public catalog price was unavailable; unit_price is an estimated average for similar products in this category.,RM,2481.74,6,service,active,2026-06-15T13:25:21.657742+00:00,2026-06-15T13:25:21.657742+00:00
SWP-58730463,SW-FIRST-AID-AND-EMERGENCY--18803-841,"Advanced Occupational First Aid, CPR & AED (2 Days)",First Aid And Emergency Training,Safetyware catalog item from category 'First Aid And Emergency Training'. Source: https://safetyware.com/product/advanced-occupational-first-aid-cpr-aed-2-days/. Public catalog price was unavailable; unit_price is an estimated average for similar products in this category.,RM,981.80,180,service,active,2026-06-15T13:25:21.657742+00:00,2026-06-15T13:25:21.657742+00:00
SWP-52108468,SW-FIRST-AID-AND-EMERGENCY--18804-913,Basic Life Support (BLS) Training,First Aid And Emergency Training,Safetyware catalog item from category 'First Aid And Emergency Training'. Source: https://safetyware.com/product/basic-life-support-bls-training/. Public catalog price was unavailable; unit_price is an estimated average for similar products in this category.,RM,1407.26,53,service,active,2026-06-15T13:25:21.657742+00:00,2026-06-15T13:25:21.657742+00:00
SWP-54498606,SW-FIRST-AID-AND-EMERGENCY--19729-445,Emergency Response Team Training,First Aid And Emergency Training,Safetyware catalog item from category 'First Aid And Emergency Training'. Source: https://safetyware.com/product/emergency-response-team-training/. Public catalog price was unavailable; unit_price is an estimated average for similar products in this category.,RM,522.97,109,service,active,2026-06-15T13:25:21.657742+00:00,2026-06-15T13:25:21.657742+00:00
SWP-36837981,SW-FIRST-AID-KITS-17111-240,DOSH Guideline Compliance Content First Aid Kit,First Aid Kits,Safetyware catalog item from category 'First Aid Kits'. Source: https://safetyware.com/product/dosh-guideline-compliance-content-first-aid-kit/. Public catalog price was unavailable; unit_price is an estimated average for similar products in this category.,RM,654.77,238,unit,active,2026-06-15T13:25:21.657742+00:00,2026-06-15T13:25:21.657742+00:00
SWP-28381612,SW-FIRST-AID-KITS-17242-757,DOSH 2nd Edition Guideline Compliance Content First Aid Kit,First Aid Kits,Safetyware catalog item from category 'First Aid Kits'. Source: https://safetyware.com/product/dosh-2nd-edition-guideline-compliance-content-first-aid-kit/. Public catalog price was unavailable; unit_price is an estimated average for similar products in this category.,RM,591.89,198,unit,active,2026-06-15T13:25:21.657742+00:00,2026-06-15T13:25:21.657742+00:00
SWP-78112020,SW-FIRST-AID-KITS-17243-321,FMA (OSHA) Guideline Compliance Content First Aid Kit,First Aid Kits,Safetyware catalog item from category 'First Aid Kits'. Source: https://safetyware.com/product/fma-osha-guideline-compliance-content-first-aid-kit/. Public catalog price was unavailable; unit_price is an estimated average for similar products in this category.,RM,544.58,30,unit,active,2026-06-15T13:25:21.657742+00:00,2026-06-15T13:25:21.657742+00:00
SWP-63809277,SW-FIRST-AID-KITS-17244-347,First Aid Kit with Metal Casing,First Aid Kits,Safetyware catalog item from category 'First Aid Kits'. Source: https://safetyware.com/product/first-aid-kit-with-metal-casing/. Public catalog price was unavailable; unit_price is an estimated average for similar products in this category.,RM,229.26,398,unit,active,2026-06-15T13:25:21.657742+00:00,2026-06-15T13:25:21.657742+00:00
SWP-63167306,SW-FIRST-AID-KITS-17246-752,First Aid Kit with PVC Casing,First Aid Kits,Safetyware catalog item from category 'First Aid Kits'. Source: https://safetyware.com/product/first-aid-kit-with-pvc-casing/. Public catalog price was unavailable; unit_price is an estimated average for similar products in this category.,RM,318.08,306,unit,active,2026-06-15T13:25:21.657742+00:00,2026-06-15T13:25:21.657742+00:00
SWP-47457867,SW-FIXED-GAS-DETECTORS-21693-996,SAFETYWARE SecureSense™ GDF70 Fixed Gas Detection Transmitter,Fixed Gas Detectors,Safetyware catalog item from category 'Fixed Gas Detectors'. Source: https://safetyware.com/product/safetyware-securesense-gdf70-fixed-gas-detection-transmitter/. Public catalog price was unavailable; unit_price is an estimated average for similar products in this category.,RM,3200.18,228,unit,active,2026-06-15T13:25:21.657742+00:00,2026-06-15T13:25:21.657742+00:00
SWP-50184830,SW-FLAME-HEAT-RESISTANT-42061-479,SAFETYWARE 580gsm Aluminized Carbon-Aramid Heat Protection Hood with Visor,Flame Heat Resistant,Safetyware catalog item from category 'Flame Heat Resistant'. Source: https://safetyware.com/product/safetyware-580gsm-aluminized-carbon-aramid-heat-protection-hood-with-visor/. Public catalog price was unavailable; unit_price is an estimated average for similar products in this category.,RM,434.60,125,unit,active,2026-06-15T13:25:21.657742+00:00,2026-06-15T13:25:21.657742+00:00
SWP-73500821,SW-FLAME-HEAT-RESISTANT-41916-581,SAFETYWARE 580gsm Reflespace Aluminized Viscose FR Heat Protection Apron,Flame Heat Resistant,Safetyware catalog item from category 'Flame Heat Resistant'. Source: https://safetyware.com/product/safetyware-580gsm-reflespace-aluminized-viscose-fr-heat-protection-apron/. Public catalog price was unavailable; unit_price is an estimated average for similar products in this category.,RM,222.33,355,unit,active,2026-06-15T13:25:21.657742+00:00,2026-06-15T13:25:21.657742+00:00
SWP-89009211,SW-FLAME-HEAT-RESISTANT-41344-998,SAFETYWARE 515gsm Reflespace Aluminized Carbon-Aramid Heat Protection Jacket,Flame Heat Resistant,Safetyware catalog item from category 'Flame Heat Resistant'. Source: https://safetyware.com/product/safetyware-515gsm-reflespace-aluminized-carbon-aramid-heat-protection-jacket/. Public catalog price was unavailable; unit_price is an estimated average for similar products in this category.,RM,225.80,244,unit,active,2026-06-15T13:25:21.657742+00:00,2026-06-15T13:25:21.657742+00:00
SWP-54259546,SW-FLAME-HEAT-RESISTANT-24285-871,SAFETYWARE 515gsm Reflespace Aluminized Carbon-Aramid Heat Protection Coat,Flame Heat Resistant,Safetyware catalog item from category 'Flame Heat Resistant'. Source: https://safetyware.com/product/safetyware-515gsm-reflespace-aluminized-carbon-aramid-heat-protection-coat/. Public catalog price was unavailable; unit_price is an estimated average for similar products in this category.,RM,59.56,380,unit,active,2026-06-15T13:25:21.657742+00:00,2026-06-15T13:25:21.657742+00:00
SWP-17327041,SW-FLAME-HEAT-RESISTANT-41906-982,SAFETYWARE 580gsm Reflespace Aluminized Viscose FR Heat Protection Jacket,Flame Heat Resistant,Safetyware catalog item from category 'Flame Heat Resistant'. Source: https://safetyware.com/product/safetyware-580gsm-reflespace-aluminized-viscose-fr-heat-protection-jacket/. Public catalog price was unavailable; unit_price is an estimated average for similar products in this category.,RM,318.22,238,unit,active,2026-06-15T13:25:21.657742+00:00,2026-06-15T13:25:21.657742+00:00
SWP-69795577,SW-FLAME-HEAT-RESISTANT-24677-907,SAFETYWARE 580gsm Reflespace Aluminized Viscose FR Heat Protection Coat,Flame Heat Resistant,Safetyware catalog item from category 'Flame Heat Resistant'. Source: https://safetyware.com/product/safetyware-580gsm-reflespace-aluminized-viscose-fr-heat-protection-coat/. Public catalog price was unavailable; unit_price is an estimated average for similar products in this category.,RM,155.32,376,unit,active,2026-06-15T13:25:21.657742+00:00,2026-06-15T13:25:21.657742+00:00
SWP-68834528,SW-FLAME-HEAT-RESISTANT-41911-502,SAFETYWARE 580gsm Reflespace Aluminized Viscose FR Heat Protection Pants,Flame Heat Resistant,Safetyware catalog item from category 'Flame Heat Resistant'. Source: https://safetyware.com/product/safetyware-580gsm-reflespace-aluminized-viscose-fr-heat-protection-pants/. Public catalog price was unavailable; unit_price is an estimated average for similar products in this category.,RM,342.05,145,unit,active,2026-06-15T13:25:21.657742+00:00,2026-06-15T13:25:21.657742+00:00
SWP-82867298,SW-FLAME-HEAT-RESISTANT-42042-915,SAFETYWARE 580gsm Reflespace Aluminized Viscose FR Heat Protection Gaiters,Flame Heat Resistant,Safetyware catalog item from category 'Flame Heat Resistant'. Source: https://safetyware.com/product/safetyware-580gsm-reflespace-aluminized-viscose-fr-heat-protection-gaiters/. Public catalog price was unavailable; unit_price is an estimated average for similar products in this category.,RM,382.79,65,unit,active,2026-06-15T13:25:21.657742+00:00,2026-06-15T13:25:21.657742+00:00
SWP-43183280,SW-FLAME-HEAT-RESISTANT-21292-638,SAFETYWARE FRPro™ Flame Retardant Cotton Coverall,Flame Heat Resistant,Safetyware catalog item from category 'Flame Heat Resistant'. Source: https://safetyware.com/product/safetyware-frpro-flame/. Public catalog price was unavailable; unit_price is an estimated average for similar products in this category.,RM,79.00,325,unit,active,2026-06-15T13:25:21.657742+00:00,2026-06-15T13:25:21.657742+00:00
SWP-16735323,SW-FLAME-HEAT-RESISTANT-21298-992,SAFETYWARE FRPro™ Flame Retardant Cotton Jacket,Flame Heat Resistant,Safetyware catalog item from category 'Flame Heat Resistant'. Source: https://safetyware.com/product/safetyware-frpro-flame-retardant-cotton-jacket/. Public catalog price was unavailable; unit_price is an estimated average for similar products in this category.,RM,392.49,273,unit,active,2026-06-15T13:25:21.657742+00:00,2026-06-15T13:25:21.657742+00:00
SWP-62273001,SW-FLAME-DETECTORS-21918-979,SAFETYWARE Double IR & UV Flame Detector,Flame Detectors,Safetyware catalog item from category 'Flame Detectors'. Source: https://safetyware.com/product/safetyware-double-ir-uv-flame-detector/. Public catalog price was unavailable; unit_price is an estimated average for similar products in this category.,RM,2253.08,71,unit,active,2026-06-15T13:25:21.657742+00:00,2026-06-15T13:25:21.657742+00:00
SWP-25235076,SW-FLOOD-CONTROL-57750-319,QUICK DAM 17ft Flood Barrier,Flood Control,Safetyware catalog item from category 'Flood Control'. Source: https://safetyware.com/product/quick-dam-17ft-flood-barrier/. Public catalog price was unavailable; unit_price is an estimated average for similar products in this category.,RM,170.93,98,unit,active,2026-06-15T13:25:21.657742+00:00,2026-06-15T13:25:21.657742+00:00
SWP-12278389,SW-FLOOD-CONTROL-57785-560,QUICK DAM 5ft Flood Barrier,Flood Control,Safetyware catalog item from category 'Flood Control'. Source: https://safetyware.com/product/quick-dam-5ft-flood-barrier-copy/. Public catalog price was unavailable; unit_price is an estimated average for similar products in this category.,RM,376.26,432,unit,active,2026-06-15T13:25:21.657742+00:00,2026-06-15T13:25:21.657742+00:00
SWP-70575790,SW-FLOOD-CONTROL-9752-958,Quick Dam Flood Bags,Flood Control,Safetyware catalog item from category 'Flood Control'. Source: https://safetyware.com/product/quick-dam-flood-bags/. Public catalog price was unavailable; unit_price is an estimated average for similar products in this category.,RM,84.67,12,unit,active,2026-06-15T13:25:21.657742+00:00,2026-06-15T13:25:21.657742+00:00
SWP-47991081,SW-FLOOD-CONTROL-9753-465,Quick Dam Flood Barriers,Flood Control,Safetyware catalog item from category 'Flood Control'. Source: https://safetyware.com/product/quick-dam-flood-barriers/. Public catalog price was unavailable; unit_price is an estimated average for similar products in this category.,RM,102.40,498,unit,active,2026-06-15T13:25:21.657742+00:00,2026-06-15T13:25:21.657742+00:00
SWP-13644855,SW-FLOOR-MATS-31830-274,SAFETYWARE Drainage Hole Anti Fatigue Floor Mat (Black),Floor Mats,Safetyware catalog item from category 'Floor Mats'. Source: https://safetyware.com/product/safetyware-anti-fatigue-floor-mat-3-x-5ft/. Public catalog price was unavailable; unit_price is an estimated average for similar products in this category.,RM,126.76,131,unit,active,2026-06-15T13:25:21.657742+00:00,2026-06-15T13:25:21.657742+00:00
SWP-99594146,SW-FLOOR-MATS-31831-647,SAFETYWARE Anti Fatigue Floor Mat (Yellow & Black),Floor Mats,Safetyware catalog item from category 'Floor Mats'. Source: https://safetyware.com/product/safetyware-anti-fatigue-floor-mat-yellow-black/. Public catalog price was unavailable; unit_price is an estimated average for similar products in this category.,RM,278.01,277,unit,active,2026-06-15T13:25:21.657742+00:00,2026-06-15T13:25:21.657742+00:00
SWP-25286354,SW-FLOOR-MATS-31836-622,SAFETYWARE Fabric-Top Anti-Fatigue Floor Mat (Dark Grey),Floor Mats,Safetyware catalog item from category 'Floor Mats'. Source: https://safetyware.com/product/safetyware-fabric-top-anti-fatigue-floor-mat-black/. Public catalog price was unavailable; unit_price is an estimated average for similar products in this category.,RM,466.68,250,unit,active,2026-06-15T13:25:21.657742+00:00,2026-06-15T13:25:21.657742+00:00
SWP-84016836,SW-FLOOR-MATS-32175-395,Sticky Mat,Floor Mats,Safetyware catalog item from category 'Floor Mats'. Source: https://safetyware.com/product/sticky-mat-24-x-36/. Public catalog price was unavailable; unit_price is an estimated average for similar products in this category.,RM,66.28,308,unit,active,2026-06-15T13:25:21.657742+00:00,2026-06-15T13:25:21.657742+00:00
SWP-78517438,SW-FLOOR-TAPES-AND-STICKERS-31841-697,SAFETYWARE Safe-Track Anti-Slip Floor Tape (Black),Floor Tapes And Stickers,Safetyware catalog item from category 'Floor Tapes And Stickers'. Source: https://safetyware.com/product/safetyware-safe-track-anti-slip-floor-tape-black/. Public catalog price was unavailable; unit_price is an estimated average for similar products in this category.,RM,191.07,258,unit,active,2026-06-15T13:25:21.657742+00:00,2026-06-15T13:25:21.657742+00:00
SWP-95166929,SW-FLOOR-TAPES-AND-STICKERS-31842-960,SAFETYWARE Safe-Track Anti-Slip Floor Tape (Yellow),Floor Tapes And Stickers,Safetyware catalog item from category 'Floor Tapes And Stickers'. Source: https://safetyware.com/product/safetyware-safe-track-anti-slip-floor-tape-yellow/. Public catalog price was unavailable; unit_price is an estimated average for similar products in this category.,RM,398.45,384,unit,active,2026-06-15T13:25:21.657742+00:00,2026-06-15T13:25:21.657742+00:00
SWP-68020700,SW-FLOOR-TAPES-AND-STICKERS-31843-845,SAFETYWARE Safe-Track Anti-Slip Floor Tape (Black + Yellow Stripe),Floor Tapes And Stickers,Safetyware catalog item from category 'Floor Tapes And Stickers'. Source: https://safetyware.com/product/safetyware-safe-track-anti-slip-floor-tape-black-yellow-stripe/. Public catalog price was unavailable; unit_price is an estimated average for similar products in this category.,RM,420.80,69,unit,active,2026-06-15T13:25:21.657742+00:00,2026-06-15T13:25:21.657742+00:00
SWP-70509918,SW-FLOOR-TAPES-AND-STICKERS-31844-330,SAFETYWARE EcoRoute PVC Floor Marking Tape (Black + Yellow),Floor Tapes And Stickers,Safetyware catalog item from category 'Floor Tapes And Stickers'. Source: https://safetyware.com/product/safetyware-ecoroute-pvc-floor-marking-tape-black-yellow/. Public catalog price was unavailable; unit_price is an estimated average for similar products in this category.,RM,499.70,136,unit,active,2026-06-15T13:25:21.657742+00:00,2026-06-15T13:25:21.657742+00:00
SWP-15938802,SW-FLOOR-TAPES-AND-STICKERS-32159-691,SAFETYWARE EcoRoute PVC Floor Marking Tape (Red + White),Floor Tapes And Stickers,Safetyware catalog item from category 'Floor Tapes And Stickers'. Source: https://safetyware.com/product/safetyware-ecoroute-pvc-floor-marking-tape-red-white/. Public catalog price was unavailable; unit_price is an estimated average for similar products in this category.,RM,472.92,335,unit,active,2026-06-15T13:25:21.657742+00:00,2026-06-15T13:25:21.657742+00:00
SWP-67855012,SW-FLOOR-TAPES-AND-STICKERS-32163-637,SAFETYWARE EcoRoute PVC Floor Marking Tape (Yellow),Floor Tapes And Stickers,Safetyware catalog item from category 'Floor Tapes And Stickers'. Source: https://safetyware.com/product/safetyware-ecoroute-pvc-floor-marking-tape-yellow/. Public catalog price was unavailable; unit_price is an estimated average for similar products in this category.,RM,443.67,421,unit,active,2026-06-15T13:25:21.657742+00:00,2026-06-15T13:25:21.657742+00:00
SWP-80531855,SW-FOOTWEAR-ACCESSORIES-27602-159,RHINO SHOE Premium Socks,Footwear Accessories,Safetyware catalog item from category 'Footwear Accessories'. Source: https://safetyware.com/product/rhino-shoe-premium-quality-black-socks/. Public catalog price was unavailable; unit_price is an estimated average for similar products in this category.,RM,106.09,343,pair,active,2026-06-15T13:25:21.657742+00:00,2026-06-15T13:25:21.657742+00:00
SWP-83625672,SW-FOOTWEAR-ACCESSORIES-13475-142,RHINO SHOE Soft & Comfortable Shock Absorber PU Insock,Footwear Accessories,Safetyware catalog item from category 'Footwear Accessories'. Source: https://safetyware.com/product/rhino-shoe-soft-comfortable-shock-absorber-pu-insock/. Public catalog price was unavailable; unit_price is an estimated average for similar products in this category.,RM,165.12,168,pair,active,2026-06-15T13:25:21.657742+00:00,2026-06-15T13:25:21.657742+00:00
SWP-77443139,SW-FOOTWEAR-ACCESSORIES-13482-645,RHINO SHOE Wellington Boots Soft & Comfortable EVA Insock,Footwear Accessories,Safetyware catalog item from category 'Footwear Accessories'. Source: https://safetyware.com/product/rhino-shoe-wellington-boots-soft-comfortable-eva-insock/. Public catalog price was unavailable; unit_price is an estimated average for similar products in this category.,RM,249.71,103,pair,active,2026-06-15T13:25:21.657742+00:00,2026-06-15T13:25:21.657742+00:00
SWP-99081373,SW-FOOTWEAR-ACCESSORIES-13488-764,Shoe Lace – Black & Orange,Footwear Accessories,Safetyware catalog item from category 'Footwear Accessories'. Source: https://safetyware.com/product/shoe-lace-black-orange/. Public catalog price was unavailable; unit_price is an estimated average for similar products in this category.,RM,217.76,30,pair,active,2026-06-15T13:25:21.657742+00:00,2026-06-15T13:25:21.657742+00:00
SWP-22792639,SW-FOOTWEAR-ACCESSORIES-13489-667,Shoe Lace – Black & White,Footwear Accessories,Safetyware catalog item from category 'Footwear Accessories'. Source: https://safetyware.com/product/shoe-lace-black-white/. Public catalog price was unavailable; unit_price is an estimated average for similar products in this category.,RM,138.10,423,pair,active,2026-06-15T13:25:21.657742+00:00,2026-06-15T13:25:21.657742+00:00
SWP-54947581,SW-FRESH-AIR-BREATHING-APPA-60867-385,LUNO SYSTEMS Airtrack Monitoring & Calibration Software,Fresh Air Breathing Apparatus Faba,Safetyware catalog item from category 'Fresh Air Breathing Apparatus Faba'. Source: https://safetyware.com/product/luno-systems-airtrack-monitoring-calibration-software/. Public catalog price was unavailable; unit_price is an estimated average for similar products in this category.,RM,271.69,9,unit,active,2026-06-15T13:25:21.657742+00:00,2026-06-15T13:25:21.657742+00:00
SWP-14640795,SW-FRESH-AIR-BREATHING-APPA-60865-763,LUNO SYSTEMS Flow master 1 Blower Kit v3,Fresh Air Breathing Apparatus Faba,Safetyware catalog item from category 'Fresh Air Breathing Apparatus Faba'. Source: https://safetyware.com/product/luno-systems-flow-master-1-blower-kit-v3/. Public catalog price was unavailable; unit_price is an estimated average for similar products in this category.,RM,100.25,250,unit,active,2026-06-15T13:25:21.657742+00:00,2026-06-15T13:25:21.657742+00:00
SWP-82029809,SW-FRESH-AIR-BREATHING-APPA-60868-139,LUNO SYSTEMS Pressure Reducer Assy For Airtrack,Fresh Air Breathing Apparatus Faba,Safetyware catalog item from category 'Fresh Air Breathing Apparatus Faba'. Source: https://safetyware.com/product/luno-systems-pressure-reducer-assy-for-airtrack/. Public catalog price was unavailable; unit_price is an estimated average for similar products in this category.,RM,498.70,250,unit,active,2026-06-15T13:25:21.657742+00:00,2026-06-15T13:25:21.657742+00:00
SWP-42648807,SW-FULL-BODY-HARNESS-KITS-7409-942,SAFETYWARE Body Harness Set (Double Lanyard with Energy Absorber),Full Body Harness Kits,Safetyware catalog item from category 'Full Body Harness Kits'. Source: https://safetyware.com/product/safetyware-body-harness-set-double-lanyard-with-energy-absorber/. Public catalog price was unavailable; unit_price is an estimated average for similar products in this category.,RM,175.71,118,unit,active,2026-06-15T13:25:21.657742+00:00,2026-06-15T13:25:21.657742+00:00
SWP-20124163,SW-FULL-BODY-HARNESS-KITS-7403-897,SAFETYWARE Body Harness Set (Single Lanyard),Full Body Harness Kits,Safetyware catalog item from category 'Full Body Harness Kits'. Source: https://safetyware.com/product/safetyware-body-harness-set-single-lanyard/. Public catalog price was unavailable; unit_price is an estimated average for similar products in this category.,RM,399.81,390,unit,active,2026-06-15T13:25:21.657742+00:00,2026-06-15T13:25:21.657742+00:00
SWP-30986027,SW-GAS-CONTROL-PANEL-21714-133,SAFETYWARE GDF01 Gas Detection Control Panel,Gas Control Panel,Safetyware catalog item from category 'Gas Control Panel'. Source: https://safetyware.com/product/safetyware-gdf01-gas-detection-control-panel/. Public catalog price was unavailable; unit_price is an estimated average for similar products in this category.,RM,361.69,380,unit,active,2026-06-15T13:25:21.657742+00:00,2026-06-15T13:25:21.657742+00:00
SWP-20616864,SW-GAS-LEAK-DETECTOR-15529-462,SAFETYWARE Portable Gas Leak Detector,Gas Leak Detector,Safetyware catalog item from category 'Gas Leak Detector'. Source: https://safetyware.com/product/safetyware-portable-gas-leak-detector/. Public catalog price was unavailable; unit_price is an estimated average for similar products in this category.,RM,2846.13,408,unit,active,2026-06-15T13:25:21.657742+00:00,2026-06-15T13:25:21.657742+00:00
SWP-98279820,SW-GENERAL-PURPOSE-FLASHLIG-9397-625,PORTWEST PA68 – High Powered Pocket Torch,General Purpose Flashlights,Safetyware catalog item from category 'General Purpose Flashlights'. Source: https://safetyware.com/product/portwest-pa68-high-powered-pocket-torch/. Public catalog price was unavailable; unit_price is an estimated average for similar products in this category.,RM,231.91,186,unit,active,2026-06-15T13:25:21.657742+00:00,2026-06-15T13:25:21.657742+00:00
SWP-35639876,SW-GENERAL-PURPOSE-FLASHLIG-9398-790,PORTWEST PA54 – Tactical Torch,General Purpose Flashlights,Safetyware catalog item from category 'General Purpose Flashlights'. Source: https://safetyware.com/product/portwest-pa54-tactical-torch/. Public catalog price was unavailable; unit_price is an estimated average for similar products in this category.,RM,451.95,381,unit,active,2026-06-15T13:25:21.657742+00:00,2026-06-15T13:25:21.657742+00:00
SWP-37480523,SW-GENERAL-PURPOSE-FLASHLIG-9399-141,PORTWEST PA65 – Inspection Flashlight,General Purpose Flashlights,Safetyware catalog item from category 'General Purpose Flashlights'. Source: https://safetyware.com/product/portwest-pa65-inspection-flashlight/. Public catalog price was unavailable; unit_price is an estimated average for similar products in this category.,RM,129.76,50,unit,active,2026-06-15T13:25:21.657742+00:00,2026-06-15T13:25:21.657742+00:00
SWP-21966649,SW-GENERAL-PURPOSE-GLOVES-2610-798,380g Polycotton Knitted Gloves,General Purpose Gloves,Safetyware catalog item from category 'General Purpose Gloves'. Source: https://safetyware.com/product/380g-polycotton-knitted-gloves/. Public catalog price was unavailable; unit_price is an estimated average for similar products in this category.,RM,37.54,416,pair,active,2026-06-15T13:25:21.657742+00:00,2026-06-15T13:25:21.657742+00:00
SWP-76606661,SW-GENERAL-PURPOSE-GLOVES-2612-867,400g Polycotton Knitted Gloves,General Purpose Gloves,Safetyware catalog item from category 'General Purpose Gloves'. Source: https://safetyware.com/product/400g-polycotton-knitted-gloves/. Public catalog price was unavailable; unit_price is an estimated average for similar products in this category.,RM,31.22,450,pair,active,2026-06-15T13:25:21.657742+00:00,2026-06-15T13:25:21.657742+00:00
SWP-22712646,SW-GENERAL-PURPOSE-GLOVES-2697-791,500g Polycotton Knitted Gloves,General Purpose Gloves,Safetyware catalog item from category 'General Purpose Gloves'. Source: https://safetyware.com/product/500g-polycotton-knitted-gloves/. Public catalog price was unavailable; unit_price is an estimated average for similar products in this category.,RM,37.22,328,pair,active,2026-06-15T13:25:21.657742+00:00,2026-06-15T13:25:21.657742+00:00
SWP-57400635,SW-GENERAL-PURPOSE-GLOVES-2702-796,600g Polycotton Knitted Gloves,General Purpose Gloves,Safetyware catalog item from category 'General Purpose Gloves'. Source: https://safetyware.com/product/600g-polycotton-knitted-gloves/. Public catalog price was unavailable; unit_price is an estimated average for similar products in this category.,RM,11.75,107,pair,active,2026-06-15T13:25:21.657742+00:00,2026-06-15T13:25:21.657742+00:00
SWP-91494671,SW-GENERAL-PURPOSE-GLOVES-2713-863,800g Polycotton Knitted Gloves,General Purpose Gloves,Safetyware catalog item from category 'General Purpose Gloves'. Source: https://safetyware.com/product/800g-polycotton-knitted-gloves/. Public catalog price was unavailable; unit_price is an estimated average for similar products in this category.,RM,20.90,127,pair,active,2026-06-15T13:25:21.657742+00:00,2026-06-15T13:25:21.657742+00:00
SWP-68679021,SW-GENERAL-PURPOSE-GLOVES-2718-299,1000g Batik-Style Polycotton Knitted Glove,General Purpose Gloves,Safetyware catalog item from category 'General Purpose Gloves'. Source: https://safetyware.com/product/1000g-batik-style-polycotton-knitted-glove/. Public catalog price was unavailable; unit_price is an estimated average for similar products in this category.,RM,36.23,190,pair,active,2026-06-15T13:25:21.657742+00:00,2026-06-15T13:25:21.657742+00:00
SWP-40479025,SW-GENERAL-PURPOSE-GLOVES-47598-320,SAFETYWARE 700g Polyester Gloves,General Purpose Gloves,Safetyware catalog item from category 'General Purpose Gloves'. Source: https://safetyware.com/product/safetyware-700g-polyester-gloves/. Public catalog price was unavailable; unit_price is an estimated average for similar products in this category.,RM,27.60,377,pair,active,2026-06-15T13:25:21.657742+00:00,2026-06-15T13:25:21.657742+00:00
SWP-95890400,SW-GENERAL-PURPOSE-GLOVES-2722-148,PVC Dotted PolyCotton Knitted Glove,General Purpose Gloves,Safetyware catalog item from category 'General Purpose Gloves'. Source: https://safetyware.com/product/pvc-dotted-polycotton-knitted-glove/. Public catalog price was unavailable; unit_price is an estimated average for similar products in this category.,RM,25.92,459,pair,active,2026-06-15T13:25:21.657742+00:00,2026-06-15T13:25:21.657742+00:00
SWP-52259071,SW-GENERAL-PURPOSE-GLOVES-1545-454,SAFETYWARE FlexiPlus™ FP100 Polyester Knitted Gloves,General Purpose Gloves,Safetyware catalog item from category 'General Purpose Gloves'. Source: https://safetyware.com/product/safetyware-13g-polyester-knitted-gloves/. Public catalog price was unavailable; unit_price is an estimated average for similar products in this category.,RM,30.15,166,pair,active,2026-06-15T13:25:21.657742+00:00,2026-06-15T13:25:21.657742+00:00
SWP-73685437,SW-GENERAL-PURPOSE-GLOVES-1546-661,SAFETYWARE FlexiPlus™ FP101 PU Finger-Tip Coated Gloves,General Purpose Gloves,Safetyware catalog item from category 'General Purpose Gloves'. Source: https://safetyware.com/product/safetyware-flexiplus-fp-101-pu-finger-tip-coated-gloves/. Public catalog price was unavailable; unit_price is an estimated average for similar products in this category.,RM,14.14,97,pair,active,2026-06-15T13:25:21.657742+00:00,2026-06-15T13:25:21.657742+00:00
SWP-42792618,SW-GENERAL-PURPOSE-SAFETY-S-1724-280,RHINO SHOE Ultranite Series UN101SP Low-Cut with Lace Safety Shoes,General Purpose Safety Shoes,Safetyware catalog item from category 'General Purpose Safety Shoes'. Source: https://safetyware.com/product/rhino-shoe-ultranite-un101sp/. Public catalog price was unavailable; unit_price is an estimated average for similar products in this category.,RM,99.49,189,pair,active,2026-06-15T13:25:21.657742+00:00,2026-06-15T13:25:21.657742+00:00
SWP-38758814,SW-GENERAL-PURPOSE-SAFETY-S-2629-187,RHINO SHOE Ultranite Series UN102SP Low-Cut Slip On Safety Shoes,General Purpose Safety Shoes,Safetyware catalog item from category 'General Purpose Safety Shoes'. Source: https://safetyware.com/product/rhino-shoe-ultranite-low-cut-safety-shoes/. Public catalog price was unavailable; unit_price is an estimated average for similar products in this category.,RM,199.76,183,pair,active,2026-06-15T13:25:21.657742+00:00,2026-06-15T13:25:21.657742+00:00
SWP-23995580,SW-GENERAL-PURPOSE-SAFETY-S-3794-953,RHINO SHOE Ultranite Series UN201SP Mid-Cut with Lace Safety Shoes,General Purpose Safety Shoes,Safetyware catalog item from category 'General Purpose Safety Shoes'. Source: https://safetyware.com/product/rhino-shoe-ultranite-un201sp-mid-cut-safety-shoes/. Public catalog price was unavailable; unit_price is an estimated average for similar products in this category.,RM,230.94,8,pair,active,2026-06-15T13:25:21.657742+00:00,2026-06-15T13:25:21.657742+00:00
SWP-67888897,SW-GENERAL-PURPOSE-SAFETY-S-3963-459,RHINO SHOE Ultranite Series UN203SP Mid-Cut Zip-Up Safety Shoes,General Purpose Safety Shoes,Safetyware catalog item from category 'General Purpose Safety Shoes'. Source: https://safetyware.com/product/rhino-shoe-ultranite-series-un203sp-zip-up-safety-shoes/. Public catalog price was unavailable; unit_price is an estimated average for similar products in this category.,RM,269.79,102,pair,active,2026-06-15T13:25:21.657742+00:00,2026-06-15T13:25:21.657742+00:00
SWP-56570939,SW-GENERAL-PURPOSE-SAFETY-S-4000-777,RHINO SHOE Ultranite Series UN302SP-BLK High-Cut Pull-Up Safety Boots,General Purpose Safety Shoes,Safetyware catalog item from category 'General Purpose Safety Shoes'. Source: https://safetyware.com/product/rhino-shoe-ultranite-series-un302sp-blk-pull-up-safety-boots/. Public catalog price was unavailable; unit_price is an estimated average for similar products in this category.,RM,246.32,434,pair,active,2026-06-15T13:25:21.657742+00:00,2026-06-15T13:25:21.657742+00:00
SWP-80172206,SW-GENERAL-PURPOSE-SAFETY-S-4011-161,RHINO SHOE Ultranite Series UN302SP-BRN High-Cut Pull-Up Safety Boots,General Purpose Safety Shoes,Safetyware catalog item from category 'General Purpose Safety Shoes'. Source: https://safetyware.com/product/rhino-shoe-ultranite-series-un302sp-brn-pull-up-safety-boots/. Public catalog price was unavailable; unit_price is an estimated average for similar products in this category.,RM,212.50,117,pair,active,2026-06-15T13:25:21.657742+00:00,2026-06-15T13:25:21.657742+00:00
SWP-41443905,SW-GENERAL-PURPOSE-SAFETY-S-6307-938,RHINO SHOE PU Series SafeGuard PU101SP Low-Cut with Lace Safety Shoes,General Purpose Safety Shoes,Safetyware catalog item from category 'General Purpose Safety Shoes'. Source: https://safetyware.com/product/rhino-shoe-pu-series-safeguard-pu101sp-low-cut-with-lace-safety-shoes/. Public catalog price was unavailable; unit_price is an estimated average for similar products in this category.,RM,162.95,85,pair,active,2026-06-15T13:25:21.657742+00:00,2026-06-15T13:25:21.657742+00:00
SWP-52778407,SW-GENERAL-PURPOSE-SAFETY-S-6309-766,RHINO SHOE PU Series SafeGuard PU201SP Mid-Cut with Lace Safety Shoes,General Purpose Safety Shoes,Safetyware catalog item from category 'General Purpose Safety Shoes'. Source: https://safetyware.com/product/rhino-shoe-pu-series-safeguard-pu201sp-mid-cut-with-lace-safety-shoes/. Public catalog price was unavailable; unit_price is an estimated average for similar products in this category.,RM,219.42,330,pair,active,2026-06-15T13:25:21.657742+00:00,2026-06-15T13:25:21.657742+00:00
SWP-29640471,SW-GENERAL-PURPOSE-SAFETY-S-4173-798,RHINO SHOE PU Series FlexiGuard ES101KP Low-Cut with Lace Safety Shoes,General Purpose Safety Shoes,Safetyware catalog item from category 'General Purpose Safety Shoes'. Source: https://safetyware.com/product/rhino-shoe-pu-series-flexiguard-es101kp-low-cut-with-lace-safety-shoes/. Public catalog price was unavailable; unit_price is an estimated average for similar products in this category.,RM,212.65,101,pair,active,2026-06-15T13:25:21.657742+00:00,2026-06-15T13:25:21.657742+00:00
SWP-88613017,SW-GENERAL-PURPOSE-SAFETY-S-5325-887,RHINO SHOE PU Series FlexiGuard ES102KP Low-Cut Slip-On ESD Safety Shoes,General Purpose Safety Shoes,Safetyware catalog item from category 'General Purpose Safety Shoes'. Source: https://safetyware.com/product/rhino-shoe-pu-series-flexiguard-es102kp-low-cut-slip-on-safety-shoes/. Public catalog price was unavailable; unit_price is an estimated average for similar products in this category.,RM,140.90,104,pair,active,2026-06-15T13:25:21.657742+00:00,2026-06-15T13:25:21.657742+00:00
SWP-85320152,SW-GENERAL-WORKWEAR-22282-265,ARROWMAN 100% Preshrunk Cotton Jacket 200gm/m2,General Workwear,Safetyware catalog item from category 'General Workwear'. Source: https://safetyware.com/product/arrowman-100-preshrunk-cotton-jacket-200gm-m2/. Public catalog price was unavailable; unit_price is an estimated average for similar products in this category.,RM,81.99,75,unit,active,2026-06-15T13:25:21.657742+00:00,2026-06-15T13:25:21.657742+00:00
SWP-70036873,SW-GENERAL-WORKWEAR-22730-841,ARROWMAN 100% Preshrunk Cotton Pant 200gm/m2,General Workwear,Safetyware catalog item from category 'General Workwear'. Source: https://safetyware.com/product/arrowman-100-preshrunk-cotton-pant-200gm-m2/. Public catalog price was unavailable; unit_price is an estimated average for similar products in this category.,RM,136.27,103,unit,active,2026-06-15T13:25:21.657742+00:00,2026-06-15T13:25:21.657742+00:00
SWP-12076426,SW-GENERAL-WORKWEAR-22613-415,Furico 195gsm Cotton Coverall,General Workwear,Safetyware catalog item from category 'General Workwear'. Source: https://safetyware.com/product/furico-195gsm-cotton-coverall/. Public catalog price was unavailable; unit_price is an estimated average for similar products in this category.,RM,147.19,318,unit,active,2026-06-15T13:25:21.657742+00:00,2026-06-15T13:25:21.657742+00:00
SWP-89375219,SW-GENERAL-WORKWEAR-5360-563,SAFETYWARE TC Polyester Coverall,General Workwear,Safetyware catalog item from category 'General Workwear'. Source: https://safetyware.com/product/safetyware-tc-polyester-coverall/. Public catalog price was unavailable; unit_price is an estimated average for similar products in this category.,RM,47.31,414,unit,active,2026-06-15T13:25:21.657742+00:00,2026-06-15T13:25:21.657742+00:00
SWP-77112166,SW-GLOVES-ACCESSORIES-2532-414,SAFETYWARE Glove Clip,Gloves Accessories,Safetyware catalog item from category 'Gloves Accessories'. Source: https://safetyware.com/product/safetyware-glove-clip/. Public catalog price was unavailable; unit_price is an estimated average for similar products in this category.,RM,15.94,359,pair,active,2026-06-15T13:25:21.657742+00:00,2026-06-15T13:25:21.657742+00:00
SWP-35927022,SW-GLOVES-ACCESSORIES-45122-734,SAFETYWARE VoltShield Dielectric Gloves Storage Bag,Gloves Accessories,Safetyware catalog item from category 'Gloves Accessories'. Source: https://safetyware.com/product/safetyware-voltshield-bag/. Public catalog price was unavailable; unit_price is an estimated average for similar products in this category.,RM,38.45,229,pair,active,2026-06-15T13:25:21.657742+00:00,2026-06-15T13:25:21.657742+00:00
SWP-11488237,SW-GLOVES-ACCESSORIES-46525-218,SAFETYWARE Glove Tightener,Gloves Accessories,Safetyware catalog item from category 'Gloves Accessories'. Source: https://safetyware.com/product/safetyware-glove-tightener/. Public catalog price was unavailable; unit_price is an estimated average for similar products in this category.,RM,23.37,160,pair,active,2026-06-15T13:25:21.657742+00:00,2026-06-15T13:25:21.657742+00:00
SWP-60644469,SW-GUIDED-TYPE-FALL-ARRESTE-6997-576,KSTRONG 10 Meter Guided Type Fall Arrester System On Flexible Anchorage Line,Guided Type Fall Arrester System,Safetyware catalog item from category 'Guided Type Fall Arrester System'. Source: https://safetyware.com/product/kstrong-10-meter-guided-type-fall-arrester-system-on-flexible-anchorage-line/. Public catalog price was unavailable; unit_price is an estimated average for similar products in this category.,RM,106.56,411,unit,active,2026-06-15T13:25:21.657742+00:00,2026-06-15T13:25:21.657742+00:00
SWP-36806308,SW-GUIDED-TYPE-FALL-ARRESTE-7004-192,KSTRONG 20 Meter 12mm Kernmantle Rope Anchorage Lines,Guided Type Fall Arrester System,Safetyware catalog item from category 'Guided Type Fall Arrester System'. Source: https://safetyware.com/product/kstrong-20-meter-12mm-kernmantle-rope-anchorage-lines/. Public catalog price was unavailable; unit_price is an estimated average for similar products in this category.,RM,252.62,181,unit,active,2026-06-15T13:25:21.657742+00:00,2026-06-15T13:25:21.657742+00:00
SWP-18651076,SW-GUIDED-TYPE-FALL-ARRESTE-7003-185,KSTRONG 20 Meter Guided Type Fall Arrester System On Flexible Anchorage Line,Guided Type Fall Arrester System,Safetyware catalog item from category 'Guided Type Fall Arrester System'. Source: https://safetyware.com/product/kstrong-20-meter-guided-type-fall-arrester-system-on-flexible-anchorage-line/. Public catalog price was unavailable; unit_price is an estimated average for similar products in this category.,RM,297.02,287,unit,active,2026-06-15T13:25:21.657742+00:00,2026-06-15T13:25:21.657742+00:00
SWP-69259242,SW-GUIDED-TYPE-FALL-ARRESTE-7445-478,KSTRONG 20 Meter Guided Type Fall Arrester System On Flexible Anchorage Line,Guided Type Fall Arrester System,Safetyware catalog item from category 'Guided Type Fall Arrester System'. Source: https://safetyware.com/product/kstrong-20-meter-guided-type-fall-arrester-system-on-flexible-anchorage-line-2/. Public catalog price was unavailable; unit_price is an estimated average for similar products in this category.,RM,182.47,88,unit,active,2026-06-15T13:25:21.657742+00:00,2026-06-15T13:25:21.657742+00:00
SWP-76122830,SW-GUIDED-TYPE-FALL-ARRESTE-7010-643,KSTRONG 30 Meter 12mm Kernmantle Rope Anchorage Lines,Guided Type Fall Arrester System,Safetyware catalog item from category 'Guided Type Fall Arrester System'. Source: https://safetyware.com/product/kstrong-30-meter-12mm-kernmantle-rope-anchorage-lines/. Public catalog price was unavailable; unit_price is an estimated average for similar products in this category.,RM,437.25,45,unit,active,2026-06-15T13:25:21.657742+00:00,2026-06-15T13:25:21.657742+00:00
SWP-81025311,SW-GUIDED-TYPE-FALL-ARRESTE-7011-463,KSTRONG 50 Meter 12mm Kernmantle Rope Anchorage Lines,Guided Type Fall Arrester System,Safetyware catalog item from category 'Guided Type Fall Arrester System'. Source: https://safetyware.com/product/kstrong-50-meter-12mm-kernmantle-rope-anchorage-lines/. Public catalog price was unavailable; unit_price is an estimated average for similar products in this category.,RM,165.63,18,unit,active,2026-06-15T13:25:21.657742+00:00,2026-06-15T13:25:21.657742+00:00
SWP-20569632,SW-GUIDED-TYPE-FALL-ARRESTE-14357-777,KSTRONG Aluminum Openable Type Rope Grab,Guided Type Fall Arrester System,Safetyware catalog item from category 'Guided Type Fall Arrester System'. Source: https://safetyware.com/product/kstrong-aluminum-openable-type-rope-grab/. Public catalog price was unavailable; unit_price is an estimated average for similar products in this category.,RM,330.07,151,unit,active,2026-06-15T13:25:21.657742+00:00,2026-06-15T13:25:21.657742+00:00
SWP-25481988,SW-GUIDED-TYPE-FALL-ARRESTE-14369-279,KSTRONG Blocker Fall Arrester for Kernmantle Rope,Guided Type Fall Arrester System,Safetyware catalog item from category 'Guided Type Fall Arrester System'. Source: https://safetyware.com/product/kstrong-blocker-fall-arrester-for-kernmantle-rope/. Public catalog price was unavailable; unit_price is an estimated average for similar products in this category.,RM,201.96,260,unit,active,2026-06-15T13:25:21.657742+00:00,2026-06-15T13:25:21.657742+00:00
SWP-94347642,SW-GUIDED-TYPE-FALL-ARRESTE-14363-145,KSTRONG Openable Rope Grab (Internal Diameter 50 mm),Guided Type Fall Arrester System,Safetyware catalog item from category 'Guided Type Fall Arrester System'. Source: https://safetyware.com/product/kstrong-openable-rope-grab-internal-diameter-50-mm/. Public catalog price was unavailable; unit_price is an estimated average for similar products in this category.,RM,132.28,82,unit,active,2026-06-15T13:25:21.657742+00:00,2026-06-15T13:25:21.657742+00:00
SWP-16496927,SW-GUIDED-TYPE-FALL-ARRESTE-14267-428,KSTRONG Removable Steel Rope Grab for Textile Rope,Guided Type Fall Arrester System,Safetyware catalog item from category 'Guided Type Fall Arrester System'. Source: https://safetyware.com/product/kstrong-removable-steel-rope-grab-for-textile-rope/. Public catalog price was unavailable; unit_price is an estimated average for similar products in this category.,RM,177.22,320,unit,active,2026-06-15T13:25:21.657742+00:00,2026-06-15T13:25:21.657742+00:00
SWP-80337488,SW-HAND-SANITISERS-AND-HAND-3483-330,CLEANWARE Liquid Hand Sanitiser,Hand Sanitisers And Hand Wash,Safetyware catalog item from category 'Hand Sanitisers And Hand Wash'. Source: https://safetyware.com/product/cleanware-liquid-hand-sanitizer/. Public catalog price was unavailable; unit_price is an estimated average for similar products in this category.,RM,14.46,395,unit,active,2026-06-15T13:25:21.657742+00:00,2026-06-15T13:25:21.657742+00:00
SWP-10529873,SW-HARNESSES-20382-276,KSTRONG Element AtexWorX Harness,Harnesses,Safetyware catalog item from category 'Harnesses'. Source: https://safetyware.com/product/kstrong-element-atexworx-harness/. Public catalog price was unavailable; unit_price is an estimated average for similar products in this category.,RM,458.22,394,unit,active,2026-06-15T13:25:21.657742+00:00,2026-06-15T13:25:21.657742+00:00
SWP-84808132,SW-HARNESSES-20473-121,KSTRONG Element ElectWorX Harness,Harnesses,Safetyware catalog item from category 'Harnesses'. Source: https://safetyware.com/product/kstrong-element-electworx-harness/. Public catalog price was unavailable; unit_price is an estimated average for similar products in this category.,RM,444.49,106,unit,active,2026-06-15T13:25:21.657742+00:00,2026-06-15T13:25:21.657742+00:00
SWP-81181804,SW-HARNESSES-20499-138,KSTRONG Element ElectWorX Harness (with Waist Belt),Harnesses,Safetyware catalog item from category 'Harnesses'. Source: https://safetyware.com/product/kstrong-element-electworx-harness-with-waist-belt/. Public catalog price was unavailable; unit_price is an estimated average for similar products in this category.,RM,330.68,367,unit,active,2026-06-15T13:25:21.657742+00:00,2026-06-15T13:25:21.657742+00:00
SWP-60800843,SW-HARNESSES-20453-409,KSTRONG Element ExtremeWorX Harness,Harnesses,Safetyware catalog item from category 'Harnesses'. Source: https://safetyware.com/product/kstrong-element-extremeworx-harness/. Public catalog price was unavailable; unit_price is an estimated average for similar products in this category.,RM,472.64,491,unit,active,2026-06-15T13:25:21.657742+00:00,2026-06-15T13:25:21.657742+00:00
SWP-98384253,SW-HARNESSES-14597-344,KSTRONG Elite Confined Space Harness,Harnesses,Safetyware catalog item from category 'Harnesses'. Source: https://safetyware.com/product/kstrong-elite-confined-space-harness/. Public catalog price was unavailable; unit_price is an estimated average for similar products in this category.,RM,119.19,404,unit,active,2026-06-15T13:25:21.657742+00:00,2026-06-15T13:25:21.657742+00:00
SWP-54574596,SW-HARNESSES-14629-518,KSTRONG Elite Construction Harness,Harnesses,Safetyware catalog item from category 'Harnesses'. Source: https://safetyware.com/product/kstrong-elite-construction-harness/. Public catalog price was unavailable; unit_price is an estimated average for similar products in this category.,RM,400.03,190,unit,active,2026-06-15T13:25:21.657742+00:00,2026-06-15T13:25:21.657742+00:00
SWP-23316395,SW-HARNESSES-14576-962,KSTRONG Elite Full Body Harness,Harnesses,Safetyware catalog item from category 'Harnesses'. Source: https://safetyware.com/product/kstrong-elite-full-body-harness/. Public catalog price was unavailable; unit_price is an estimated average for similar products in this category.,RM,373.24,238,unit,active,2026-06-15T13:25:21.657742+00:00,2026-06-15T13:25:21.657742+00:00
SWP-94877284,SW-HARNESSES-14618-975,KSTRONG Elite Rescue Harness,Harnesses,Safetyware catalog item from category 'Harnesses'. Source: https://safetyware.com/product/kstrong-elite-rescue-harness/. Public catalog price was unavailable; unit_price is an estimated average for similar products in this category.,RM,335.30,115,unit,active,2026-06-15T13:25:21.657742+00:00,2026-06-15T13:25:21.657742+00:00
SWP-43759722,SW-HARNESSES-2835-469,KSTRONG Elite Roofers Harness,Harnesses,Safetyware catalog item from category 'Harnesses'. Source: https://safetyware.com/product/kstrong-elite-roofers-harness/. Public catalog price was unavailable; unit_price is an estimated average for similar products in this category.,RM,103.41,325,unit,active,2026-06-15T13:25:21.657742+00:00,2026-06-15T13:25:21.657742+00:00
SWP-68216308,SW-HARNESSES-20513-741,KSTRONG Elite Sit Harness,Harnesses,Safetyware catalog item from category 'Harnesses'. Source: https://safetyware.com/product/kstrong-elite-sit-harness/. Public catalog price was unavailable; unit_price is an estimated average for similar products in this category.,RM,190.86,105,unit,active,2026-06-15T13:25:21.657742+00:00,2026-06-15T13:25:21.657742+00:00
SWP-98651647,SW-HAZARD-WARNING-SIGNS-GEN-31691-673,QUICKSIGN Hazard Warning Sign – HW001 Warning Beware trip hazard,Hazard Warning Signs General Safety Signs,Safetyware catalog item from category 'Hazard Warning Signs General Safety Signs'. Source: https://safetyware.com/product/quicksign-hazard-warning-sign-hw001-warning-beware-trip-hazard/. Public catalog price was unavailable; unit_price is an estimated average for similar products in this category.,RM,40.84,126,pack,active,2026-06-15T13:25:21.657742+00:00,2026-06-15T13:25:21.657742+00:00
SWP-70946410,SW-HAZARDOUS-SUBSTANCES-LAB-28553-626,"QUICKSIGN Hazardous Substances Label Sign – HS001 Sangat Toksik, Very Toxic",Hazardous Substances Label Signs,Safetyware catalog item from category 'Hazardous Substances Label Signs'. Source: https://safetyware.com/product/quicksign-hazardous-subtances-label-sign-hs001-sangat-toksik-very-toxic/. Public catalog price was unavailable; unit_price is an estimated average for similar products in this category.,RM,28.89,456,pack,active,2026-06-15T13:25:21.657742+00:00,2026-06-15T13:25:21.657742+00:00
SWP-72632133,SW-HAZARDOUS-SUBSTANCES-LAB-37275-789,QUICKSIGN Hazardous Subtances Label Sign – HS002 RACUN Poison,Hazardous Substances Label Signs,Safetyware catalog item from category 'Hazardous Substances Label Signs'. Source: https://safetyware.com/product/quicksign-hazardous-subtances-label-sign-hs002-racun-poison/. Public catalog price was unavailable; unit_price is an estimated average for similar products in this category.,RM,42.67,56,pack,active,2026-06-15T13:25:21.657742+00:00,2026-06-15T13:25:21.657742+00:00
SWP-48131507,SW-HAZARDOUS-SUBSTANCES-LAB-37296-288,"QUICKSIGN Hazardous Subtances Label Sign – HS003 TOKSIK , TOXIC",Hazardous Substances Label Signs,Safetyware catalog item from category 'Hazardous Substances Label Signs'. Source: https://safetyware.com/product/quicksign-hazardous-subtances-label-sign-hs003-toksik-toxic/. Public catalog price was unavailable; unit_price is an estimated average for similar products in this category.,RM,21.47,65,pack,active,2026-06-15T13:25:21.657742+00:00,2026-06-15T13:25:21.657742+00:00
SWP-73540281,SW-HAZARDOUS-SUBSTANCES-LAB-37317-905,QUICKSIGN Hazardous Subtances Label Sign – HS004 TOXIC SUBSTANCES (WASTE),Hazardous Substances Label Signs,Safetyware catalog item from category 'Hazardous Substances Label Signs'. Source: https://safetyware.com/product/quicksign-hazardous-subtances-label-sign-hs004-toxic-substances-waste/. Public catalog price was unavailable; unit_price is an estimated average for similar products in this category.,RM,47.85,85,pack,active,2026-06-15T13:25:21.657742+00:00,2026-06-15T13:25:21.657742+00:00
SWP-39728237,SW-HAZARDOUS-WASTE-STORAGE--31448-713,"QUICKSIGN Hazardous Waste Storage Sign – HWS001 Warning, Hazardous Material Storage Area",Hazardous Waste Storage Signs,Safetyware catalog item from category 'Hazardous Waste Storage Signs'. Source: https://safetyware.com/product/quicksign-hazardous-waste-storage-sign-hws001-warning-hazardous-material-storage-area/. Public catalog price was unavailable; unit_price is an estimated average for similar products in this category.,RM,30.27,176,pack,active,2026-06-15T13:25:21.657742+00:00,2026-06-15T13:25:21.657742+00:00
SWP-39945618,SW-HEAD-COVER-3025-483,SAFETYWARE Non-Woven PP Mob Cap,Head Cover,Safetyware catalog item from category 'Head Cover'. Source: https://safetyware.com/product/safetyware-non-woven-pp-mob-cap-2/. Public catalog price was unavailable; unit_price is an estimated average for similar products in this category.,RM,60.39,373,unit,active,2026-06-15T13:25:21.657742+00:00,2026-06-15T13:25:21.657742+00:00
SWP-40541881,SW-HEAD-COVER-53230-490,SAFETYWARE 12″ White Fabric Round Cap with Velcro Closure,Head Cover,Safetyware catalog item from category 'Head Cover'. Source: https://safetyware.com/product/safetyware-12-round-cap-with-crinkled/. Public catalog price was unavailable; unit_price is an estimated average for similar products in this category.,RM,93.60,342,unit,active,2026-06-15T13:25:21.657742+00:00,2026-06-15T13:25:21.657742+00:00
SWP-40409818,SW-HEAD-COVER-55196-977,SAFETYWARE 9” White Netting Fabric Shower Cap,Head Cover,Safetyware catalog item from category 'Head Cover'. Source: https://safetyware.com/product/safetyware-9-shower-cap-style-netting-fabric-no-accessories-elastic-white/. Public catalog price was unavailable; unit_price is an estimated average for similar products in this category.,RM,103.80,145,unit,active,2026-06-15T13:25:21.657742+00:00,2026-06-15T13:25:21.657742+00:00
SWP-25575076,SW-HEAD-COVER-55205-920,SAFETYWARE 12” Navy Blue Netting Fabric Shower Cap,Head Cover,Safetyware catalog item from category 'Head Cover'. Source: https://safetyware.com/product/safetyware-12-shower-cap-style-netting-fabric-no-accessories-elastic-navy-blue/. Public catalog price was unavailable; unit_price is an estimated average for similar products in this category.,RM,68.19,189,unit,active,2026-06-15T13:25:21.657742+00:00,2026-06-15T13:25:21.657742+00:00
SWP-71301633,SW-HEAD-COVER-55168-999,SAFETYWARE 9″ Antistatic Shower Cap Style,Head Cover,Safetyware catalog item from category 'Head Cover'. Source: https://safetyware.com/product/safetyware-9-antistatic-shower-cap-style/. Public catalog price was unavailable; unit_price is an estimated average for similar products in this category.,RM,41.37,490,unit,active,2026-06-15T13:25:21.657742+00:00,2026-06-15T13:25:21.657742+00:00
SWP-32348860,SW-HEAD-COVER-56410-472,SAFETYWARE PP Shower Cap,Head Cover,Safetyware catalog item from category 'Head Cover'. Source: https://safetyware.com/product/safetyware-pp-shower-cap/. Public catalog price was unavailable; unit_price is an estimated average for similar products in this category.,RM,42.41,382,unit,active,2026-06-15T13:25:21.657742+00:00,2026-06-15T13:25:21.657742+00:00
SWP-51190811,SW-HEAD-COVER-53269-390,SAFETYWARE Antistatic Baseball Cap Cover,Head Cover,Safetyware catalog item from category 'Head Cover'. Source: https://safetyware.com/product/safetyware-antistatic-baseball-cap-cover/. Public catalog price was unavailable; unit_price is an estimated average for similar products in this category.,RM,72.71,418,unit,active,2026-06-15T13:25:21.657742+00:00,2026-06-15T13:25:21.657742+00:00
SWP-60952403,SW-HEAD-COVER-5628-327,PORTWEST Snood Cap,Head Cover,Safetyware catalog item from category 'Head Cover'. Source: https://safetyware.com/product/portwest-snood-cap-white/. Public catalog price was unavailable; unit_price is an estimated average for similar products in this category.,RM,70.44,448,unit,active,2026-06-15T13:25:21.657742+00:00,2026-06-15T13:25:21.657742+00:00
SWP-51372893,SW-HEAD-COVER-5627-298,PORTWEST Hi-Vis Extreme Hood,Head Cover,Safetyware catalog item from category 'Head Cover'. Source: https://safetyware.com/product/portwest-hi-vis-extreme-hood-orange/. Public catalog price was unavailable; unit_price is an estimated average for similar products in this category.,RM,54.71,203,unit,active,2026-06-15T13:25:21.657742+00:00,2026-06-15T13:25:21.657742+00:00
SWP-45026677,SW-HEAD-COVER-5624-721,PORTWEST Fleece Balaclava,Head Cover,Safetyware catalog item from category 'Head Cover'. Source: https://safetyware.com/product/portwest-fleece-balaclava-black/. Public catalog price was unavailable; unit_price is an estimated average for similar products in this category.,RM,38.32,439,unit,active,2026-06-15T13:25:21.657742+00:00,2026-06-15T13:25:21.657742+00:00
SWP-59706788,SW-HEALTH-AND-WELLNESS-TRAI-18805-862,Basic Ergonomics Risk Awareness at Workplace,Health And Wellness Training,Safetyware catalog item from category 'Health And Wellness Training'. Source: https://safetyware.com/product/basic-ergonomics-risk-awareness-at-workplace/. Public catalog price was unavailable; unit_price is an estimated average for similar products in this category.,RM,1793.02,196,service,active,2026-06-15T13:25:21.657742+00:00,2026-06-15T13:25:21.657742+00:00
SWP-31310529,SW-HEALTH-AND-WELLNESS-TRAI-18806-230,Mental Health Awareness Training,Health And Wellness Training,Safetyware catalog item from category 'Health And Wellness Training'. Source: https://safetyware.com/product/mental-health-awareness-training/. Public catalog price was unavailable; unit_price is an estimated average for similar products in this category.,RM,1521.83,175,service,active,2026-06-15T13:25:21.657742+00:00,2026-06-15T13:25:21.657742+00:00
SWP-98268557,SW-HEALTH-AND-WELLNESS-TRAI-19741-654,Stress Management Training,Health And Wellness Training,Safetyware catalog item from category 'Health And Wellness Training'. Source: https://safetyware.com/product/stress-management-training/. Public catalog price was unavailable; unit_price is an estimated average for similar products in this category.,RM,1903.69,410,service,active,2026-06-15T13:25:21.657742+00:00,2026-06-15T13:25:21.657742+00:00
SWP-75028363,SW-HEAT-AND-SMOKE-DETECTORS-10063-762,DEMCO Photoelectric Standalone Smoke Detector,Heat And Smoke Detectors,Safetyware catalog item from category 'Heat And Smoke Detectors'. Source: https://safetyware.com/product/demco-photoelectric-standalone-smoke-detector/. Public catalog price was unavailable; unit_price is an estimated average for similar products in this category.,RM,3279.17,300,unit,active,2026-06-15T13:25:21.657742+00:00,2026-06-15T13:25:21.657742+00:00
SWP-62145328,SW-HEAT-RESISTANT-GLOVES-9243-858,SAFETYWARE TempGard™ HCG14 Heat & Cold Resistant Liquid Silicone Gloves,Heat Resistant Gloves,Safetyware catalog item from category 'Heat Resistant Gloves'. Source: https://safetyware.com/product/safetyware-tempgard-hcg14-heat-cold-resistant-liquid-silicone-gloves/. Public catalog price was unavailable; unit_price is an estimated average for similar products in this category.,RM,37.39,320,pair,active,2026-06-15T13:25:21.657742+00:00,2026-06-15T13:25:21.657742+00:00
SWP-70322341,SW-HEAT-RESISTANT-GLOVES-9244-692,SAFETYWARE ThermoGard™ HRG01 Heat Resistant Gloves,Heat Resistant Gloves,Safetyware catalog item from category 'Heat Resistant Gloves'. Source: https://safetyware.com/product/safetyware-thermogard-hrg01-heat-resistant-gloves/. Public catalog price was unavailable; unit_price is an estimated average for similar products in this category.,RM,37.36,128,pair,active,2026-06-15T13:25:21.657742+00:00,2026-06-15T13:25:21.657742+00:00
SWP-45109003,SW-HEAT-RESISTANT-GLOVES-9245-108,SAFETYWARE ThermoGard™ HRG02 Heat Resistant Gloves,Heat Resistant Gloves,Safetyware catalog item from category 'Heat Resistant Gloves'. Source: https://safetyware.com/product/safetyware-thermogard-hrg01-heat-resistant-gloves-copy/. Public catalog price was unavailable; unit_price is an estimated average for similar products in this category.,RM,39.32,115,pair,active,2026-06-15T13:25:21.657742+00:00,2026-06-15T13:25:21.657742+00:00
SWP-61115061,SW-HEAT-RESISTANT-GLOVES-9246-361,SAFETYWARE ThermoGard™ HRG03 Heat Resistant Gloves,Heat Resistant Gloves,Safetyware catalog item from category 'Heat Resistant Gloves'. Source: https://safetyware.com/product/safetyware-thermogard-hrg03-heat-resistant-gloves/. Public catalog price was unavailable; unit_price is an estimated average for similar products in this category.,RM,23.44,431,pair,active,2026-06-15T13:25:21.657742+00:00,2026-06-15T13:25:21.657742+00:00
SWP-10697693,SW-HEAT-RESISTANT-GLOVES-9247-839,SAFETYWARE ThermoGard™ HRG04 Heat Resistant Gloves,Heat Resistant Gloves,Safetyware catalog item from category 'Heat Resistant Gloves'. Source: https://safetyware.com/product/safetyware-thermogard-hrg04-heat-resistant-gloves/. Public catalog price was unavailable; unit_price is an estimated average for similar products in this category.,RM,39.56,219,pair,active,2026-06-15T13:25:21.657742+00:00,2026-06-15T13:25:21.657742+00:00
SWP-37479620,SW-HEAT-RESISTANT-GLOVES-9248-702,SAFETYWARE ThermoGard™ HRG05 Heat Resistant Gloves,Heat Resistant Gloves,Safetyware catalog item from category 'Heat Resistant Gloves'. Source: https://safetyware.com/product/safetyware-thermogard-hrg05-heat-resistant-gloves/. Public catalog price was unavailable; unit_price is an estimated average for similar products in this category.,RM,29.38,201,pair,active,2026-06-15T13:25:21.657742+00:00,2026-06-15T13:25:21.657742+00:00
SWP-82873133,SW-HEAT-RESISTANT-GLOVES-47216-216,SAFETYWARE 24oz Heat Resistant Hot Mill Gloves,Heat Resistant Gloves,Safetyware catalog item from category 'Heat Resistant Gloves'. Source: https://safetyware.com/product/safetyware-hm88-heat-resistant-hot-mill-gloves/. Public catalog price was unavailable; unit_price is an estimated average for similar products in this category.,RM,16.21,54,pair,active,2026-06-15T13:25:21.657742+00:00,2026-06-15T13:25:21.657742+00:00
SWP-76876851,SW-HEAT-RESISTANT-GLOVES-45736-774,ANSELL ActivArmr® 42-474 Heat Resistant Gloves,Heat Resistant Gloves,Safetyware catalog item from category 'Heat Resistant Gloves'. Source: https://safetyware.com/product/ansell-activarmr-42-474-heat-resistant-gloves/. Public catalog price was unavailable; unit_price is an estimated average for similar products in this category.,RM,41.79,51,pair,active,2026-06-15T13:25:21.657742+00:00,2026-06-15T13:25:21.657742+00:00
SWP-84189850,SW-HEAT-RESISTANT-GLOVES-46260-645,SUPERIORGLOVE Dragon Terry Knit Kevlar Heat Resistant Glove,Heat Resistant Gloves,Safetyware catalog item from category 'Heat Resistant Gloves'. Source: https://safetyware.com/product/superiorglove-dragon-terry-knit-kevlar-heat-resistant-glove/. Public catalog price was unavailable; unit_price is an estimated average for similar products in this category.,RM,34.27,357,pair,active,2026-06-15T13:25:21.657742+00:00,2026-06-15T13:25:21.657742+00:00
SWP-39250573,SW-HEAT-RESISTANT-GLOVES-47809-162,PORTWEST A590 Heat Resistant Gloves,Heat Resistant Gloves,Safetyware catalog item from category 'Heat Resistant Gloves'. Source: https://safetyware.com/product/portwest-a590-heat-resistant-glove/. Public catalog price was unavailable; unit_price is an estimated average for similar products in this category.,RM,38.03,341,pair,active,2026-06-15T13:25:21.657742+00:00,2026-06-15T13:25:21.657742+00:00
SWP-13701423,SW-HIGH-VISIBILITY-APPAREL-24293-797,SAFETYWARE Elastic Belt-type Safety Vest,High Visibility Apparel,Safetyware catalog item from category 'High Visibility Apparel'. Source: https://safetyware.com/product/safetyware-elastic-belt-type-safety-vest/. Public catalog price was unavailable; unit_price is an estimated average for similar products in this category.,RM,78.08,432,unit,active,2026-06-15T13:25:21.657742+00:00,2026-06-15T13:25:21.657742+00:00
SWP-15694577,SW-HIGH-VISIBILITY-APPAREL-24294-619,SAFETYWARE High-Vis Reflective LED Elastic Safety Vest,High Visibility Apparel,Safetyware catalog item from category 'High Visibility Apparel'. Source: https://safetyware.com/product/safetyware-elastic-led-safety-vest/. Public catalog price was unavailable; unit_price is an estimated average for similar products in this category.,RM,111.57,85,unit,active,2026-06-15T13:25:21.657742+00:00,2026-06-15T13:25:21.657742+00:00
SWP-72651558,SW-HIGH-VISIBILITY-APPAREL-22931-262,SAFETYWARE 2R Eco Safety Vest,High Visibility Apparel,Safetyware catalog item from category 'High Visibility Apparel'. Source: https://safetyware.com/product/safetyware-eco-safety-vest/. Public catalog price was unavailable; unit_price is an estimated average for similar products in this category.,RM,217.11,172,unit,active,2026-06-15T13:25:21.657742+00:00,2026-06-15T13:25:21.657742+00:00
SWP-57175470,SW-HIGH-VISIBILITY-APPAREL-24289-734,SAFETYWARE Essential 2R High-Vis Safety Vest,High Visibility Apparel,Safetyware catalog item from category 'High Visibility Apparel'. Source: https://safetyware.com/product/safetyware-essential-2r-high-vis-safety-vest/. Public catalog price was unavailable; unit_price is an estimated average for similar products in this category.,RM,63.14,123,unit,active,2026-06-15T13:25:21.657742+00:00,2026-06-15T13:25:21.657742+00:00
SWP-97415118,SW-HIGH-VISIBILITY-APPAREL-22932-695,SAFETYWARE Premium 2R High-Vis Safety Vest,High Visibility Apparel,Safetyware catalog item from category 'High Visibility Apparel'. Source: https://safetyware.com/product/safetyware-premium-2r-high-vis-safety-vest/. Public catalog price was unavailable; unit_price is an estimated average for similar products in this category.,RM,48.72,267,unit,active,2026-06-15T13:25:21.657742+00:00,2026-06-15T13:25:21.657742+00:00
SWP-70611990,SW-HIGH-VISIBILITY-APPAREL-41717-636,SAFETYWARE 4R Eco Safety Vest,High Visibility Apparel,Safetyware catalog item from category 'High Visibility Apparel'. Source: https://safetyware.com/product/safetyware-4r-eco-safety-vest/. Public catalog price was unavailable; unit_price is an estimated average for similar products in this category.,RM,179.55,347,unit,active,2026-06-15T13:25:21.657742+00:00,2026-06-15T13:25:21.657742+00:00
SWP-86881923,SW-HIGH-VISIBILITY-APPAREL-24291-867,SAFETYWARE Essential 4R High-Vis Safety Vest,High Visibility Apparel,Safetyware catalog item from category 'High Visibility Apparel'. Source: https://safetyware.com/product/safetyware-high-visibility-4r-safety-vest-with-printed-hanson-logo/. Public catalog price was unavailable; unit_price is an estimated average for similar products in this category.,RM,40.98,367,unit,active,2026-06-15T13:25:21.657742+00:00,2026-06-15T13:25:21.657742+00:00
SWP-77423862,SW-HIGH-VISIBILITY-APPAREL-41993-202,SAFETYWARE Essential 2 Horizontal + 2 Vertical High-Vis Safety Vest,High Visibility Apparel,Safetyware catalog item from category 'High Visibility Apparel'. Source: https://safetyware.com/product/safetyware-essential-2-horizontal-2-vertical-high-vis-safety-vest/. Public catalog price was unavailable; unit_price is an estimated average for similar products in this category.,RM,148.62,484,unit,active,2026-06-15T13:25:21.657742+00:00,2026-06-15T13:25:21.657742+00:00
SWP-63975085,SW-HIGH-VISIBILITY-APPAREL-24290-714,SAFETYWARE Executive 4R High Vis-Safety Vest,High Visibility Apparel,Safetyware catalog item from category 'High Visibility Apparel'. Source: https://safetyware.com/product/safetyware-executive-4r-high-vis-safety-vest/. Public catalog price was unavailable; unit_price is an estimated average for similar products in this category.,RM,154.30,209,unit,active,2026-06-15T13:25:21.657742+00:00,2026-06-15T13:25:21.657742+00:00
SWP-33237191,SW-HIGH-VISIBILITY-APPAREL-24307-930,SAFETYWARE High-Vis T-shirt with 4 Reflective Tapes,High Visibility Apparel,Safetyware catalog item from category 'High Visibility Apparel'. Source: https://safetyware.com/product/safetyware-high-vis-t-shirt-w-4-reflective-tapes/. Public catalog price was unavailable; unit_price is an estimated average for similar products in this category.,RM,233.08,112,unit,active,2026-06-15T13:25:21.657742+00:00,2026-06-15T13:25:21.657742+00:00
SWP-90952578,SW-HOSE-REEL-SYSTEMS-10088-596,SRI Fire Hose Reel,Hose Reel Systems,Safetyware catalog item from category 'Hose Reel Systems'. Source: https://safetyware.com/product/sri-fire-hose-reel/. Public catalog price was unavailable; unit_price is an estimated average for similar products in this category.,RM,271.98,355,unit,active,2026-06-15T13:25:21.657742+00:00,2026-06-15T13:25:21.657742+00:00
SWP-42189634,SW-IMMOBILIZATION-17846-117,Air Cushion Splint,Immobilization,Safetyware catalog item from category 'Immobilization'. Source: https://safetyware.com/product/air-cushion-splint/. Public catalog price was unavailable; unit_price is an estimated average for similar products in this category.,RM,241.48,37,unit,active,2026-06-15T13:25:21.657742+00:00,2026-06-15T13:25:21.657742+00:00
SWP-47817364,SW-IMMOBILIZATION-17862-976,Body Splint,Immobilization,Safetyware catalog item from category 'Immobilization'. Source: https://safetyware.com/product/body-splint/. Public catalog price was unavailable; unit_price is an estimated average for similar products in this category.,RM,293.68,29,unit,active,2026-06-15T13:25:21.657742+00:00,2026-06-15T13:25:21.657742+00:00
SWP-56085874,SW-IMMOBILIZATION-17962-745,Cervical Collar,Immobilization,Safetyware catalog item from category 'Immobilization'. Source: https://safetyware.com/product/cervical-collar/. Public catalog price was unavailable; unit_price is an estimated average for similar products in this category.,RM,431.05,313,unit,active,2026-06-15T13:25:21.657742+00:00,2026-06-15T13:25:21.657742+00:00
SWP-15201913,SW-IMMOBILIZATION-17968-959,Finger Splint,Immobilization,Safetyware catalog item from category 'Immobilization'. Source: https://safetyware.com/product/finger-splint/. Public catalog price was unavailable; unit_price is an estimated average for similar products in this category.,RM,260.63,444,unit,active,2026-06-15T13:25:21.657742+00:00,2026-06-15T13:25:21.657742+00:00
SWP-36019264,SW-IMO-SIGN-23330-832,QUICKSIGN IMO Sign – IMO001 Muster Station,Imo Sign,Safetyware catalog item from category 'Imo Sign'. Source: https://safetyware.com/product/quicksign-imo-sign-imo001-muster-station/. Public catalog price was unavailable; unit_price is an estimated average for similar products in this category.,RM,35.59,394,pack,active,2026-06-15T13:25:21.657742+00:00,2026-06-15T13:25:21.657742+00:00
SWP-63867058,SW-IMO-SIGN-23370-194,QUICKSIGN IMO Sign – IMO002 Lifeboat,Imo Sign,Safetyware catalog item from category 'Imo Sign'. Source: https://safetyware.com/product/quicksign-imo-sign-imo002-lifeboat/. Public catalog price was unavailable; unit_price is an estimated average for similar products in this category.,RM,19.65,82,pack,active,2026-06-15T13:25:21.657742+00:00,2026-06-15T13:25:21.657742+00:00
SWP-36600319,SW-IMO-SIGN-23391-214,QUICKSIGN IMO Sign – IMO003 Rescue Boat,Imo Sign,Safetyware catalog item from category 'Imo Sign'. Source: https://safetyware.com/product/quicksign-imo-sign-imo003-rescue-boat/. Public catalog price was unavailable; unit_price is an estimated average for similar products in this category.,RM,19.89,427,pack,active,2026-06-15T13:25:21.657742+00:00,2026-06-15T13:25:21.657742+00:00
SWP-20270248,SW-IMO-SIGN-23412-917,QUICKSIGN IMO Sign – IMO004 LIFERAFT,Imo Sign,Safetyware catalog item from category 'Imo Sign'. Source: https://safetyware.com/product/quicksign-imo-sign-imo004-liferaft/. Public catalog price was unavailable; unit_price is an estimated average for similar products in this category.,RM,33.33,138,pack,active,2026-06-15T13:25:21.657742+00:00,2026-06-15T13:25:21.657742+00:00
SWP-67871302,SW-IMO-SIGN-23433-226,QUICKSIGN IMO Sign – IMO005 DAVIT LAUNCHED LIFERAFT,Imo Sign,Safetyware catalog item from category 'Imo Sign'. Source: https://safetyware.com/product/quicksign-imo-sign-imo005-davit-launched-liferaft/. Public catalog price was unavailable; unit_price is an estimated average for similar products in this category.,RM,52.98,242,pack,active,2026-06-15T13:25:21.657742+00:00,2026-06-15T13:25:21.657742+00:00
SWP-36245672,SW-IMO-SIGN-23454-494,QUICKSIGN IMO Sign – IMO006 LIFEBUOY WITH LIGHT,Imo Sign,Safetyware catalog item from category 'Imo Sign'. Source: https://safetyware.com/product/quicksign-imo-sign-imo006-lifebuoy-with-light/. Public catalog price was unavailable; unit_price is an estimated average for similar products in this category.,RM,22.52,5,pack,active,2026-06-15T13:25:21.657742+00:00,2026-06-15T13:25:21.657742+00:00
SWP-22523820,SW-IMO-SIGN-23475-108,QUICKSIGN IMO Sign – IMO007 EMBARKATION LADDER,Imo Sign,Safetyware catalog item from category 'Imo Sign'. Source: https://safetyware.com/product/quicksign-imo-sign-imo007-embarkation-ladder/. Public catalog price was unavailable; unit_price is an estimated average for similar products in this category.,RM,42.16,57,pack,active,2026-06-15T13:25:21.657742+00:00,2026-06-15T13:25:21.657742+00:00
SWP-38345374,SW-IMO-SIGN-23496-634,QUICKSIGN IMO Sign – IMO008 EVACUATION SLIDE,Imo Sign,Safetyware catalog item from category 'Imo Sign'. Source: https://safetyware.com/product/quicksign-imo-sign-imo008-evacuation-slide/. Public catalog price was unavailable; unit_price is an estimated average for similar products in this category.,RM,13.44,380,pack,active,2026-06-15T13:25:21.657742+00:00,2026-06-15T13:25:21.657742+00:00
SWP-87947340,SW-IMO-SIGN-23517-992,QUICKSIGN IMO Sign – IMO009 LIFEBUOY,Imo Sign,Safetyware catalog item from category 'Imo Sign'. Source: https://safetyware.com/product/quicksign-imo-sign-imo009-lifebuoy/. Public catalog price was unavailable; unit_price is an estimated average for similar products in this category.,RM,46.10,334,pack,active,2026-06-15T13:25:21.657742+00:00,2026-06-15T13:25:21.657742+00:00
SWP-80477789,SW-IMO-SIGN-23545-637,QUICKSIGN IMO Sign – IMO010 LIFEBUOY WITH LINE,Imo Sign,Safetyware catalog item from category 'Imo Sign'. Source: https://safetyware.com/product/quicksign-imo-sign-imo010-lifebuoy-with-line/. Public catalog price was unavailable; unit_price is an estimated average for similar products in this category.,RM,48.18,262,pack,active,2026-06-15T13:25:21.657742+00:00,2026-06-15T13:25:21.657742+00:00
SWP-28765156,SW-IMPACT-RESISTANT-GLOVES-45416-310,SAFETYWARE ImpactGuard™ IMP01 Impact Resistant Gloves,Impact Resistant Gloves,Safetyware catalog item from category 'Impact Resistant Gloves'. Source: https://safetyware.com/product/safetyware-impactguard-imp01-impact-resistant-gloves/. Public catalog price was unavailable; unit_price is an estimated average for similar products in this category.,RM,22.81,265,pair,active,2026-06-15T13:25:21.657742+00:00,2026-06-15T13:25:21.657742+00:00
SWP-77549089,SW-IMPACT-RESISTANT-GLOVES-47488-571,CHICAGO IMPACT-X MechFlex,Impact Resistant Gloves,Safetyware catalog item from category 'Impact Resistant Gloves'. Source: https://safetyware.com/product/chicago-impact-x-mechflex/. Public catalog price was unavailable; unit_price is an estimated average for similar products in this category.,RM,38.35,173,pair,active,2026-06-15T13:25:21.657742+00:00,2026-06-15T13:25:21.657742+00:00
SWP-59716866,SW-IMPACT-RESISTANT-GLOVES-46049-709,PORTWEST Aqua-Seal Pro,Impact Resistant Gloves,Safetyware catalog item from category 'Impact Resistant Gloves'. Source: https://safetyware.com/product/portwest-aqua-seal-pro/. Public catalog price was unavailable; unit_price is an estimated average for similar products in this category.,RM,39.52,33,pair,active,2026-06-15T13:25:21.657742+00:00,2026-06-15T13:25:21.657742+00:00
SWP-86622266,SW-IMPACT-RESISTANT-GLOVES-45987-203,PORTWEST Safety Impact Glove,Impact Resistant Gloves,Safetyware catalog item from category 'Impact Resistant Gloves'. Source: https://safetyware.com/product/portwest-safety-impact-glove/. Public catalog price was unavailable; unit_price is an estimated average for similar products in this category.,RM,34.62,401,pair,active,2026-06-15T13:25:21.657742+00:00,2026-06-15T13:25:21.657742+00:00
SWP-23671056,SW-IMPACT-RESISTANT-GLOVES-46288-546,SUPERIORGLOVE TenActiv Anti-Impact Hi-Viz Glove with Micropore Nitrile Grip,Impact Resistant Gloves,Safetyware catalog item from category 'Impact Resistant Gloves'. Source: https://safetyware.com/product/superiorglove-tenactive-anti-impact-glove/. Public catalog price was unavailable; unit_price is an estimated average for similar products in this category.,RM,30.88,413,pair,active,2026-06-15T13:25:21.657742+00:00,2026-06-15T13:25:21.657742+00:00
SWP-27946309,SW-IMPACT-RESISTANT-GLOVES-46317-412,SUPERIORGLOVE TenActiv Cut Resistant Anti Impact Glove comes with Micropore Nitrile Grip,Impact Resistant Gloves,Safetyware catalog item from category 'Impact Resistant Gloves'. Source: https://safetyware.com/product/superiorglove-tenactiv-cut-resistant-anti-impact-glove/. Public catalog price was unavailable; unit_price is an estimated average for similar products in this category.,RM,34.85,341,pair,active,2026-06-15T13:25:21.657742+00:00,2026-06-15T13:25:21.657742+00:00
SWP-73882282,SW-IMPACT-RESISTANT-GLOVES-47544-264,SUPERIORGLOVE TenActiv Cut and Impact Resistant Gloves with Micropore Nitrile Grip,Impact Resistant Gloves,Safetyware catalog item from category 'Impact Resistant Gloves'. Source: https://safetyware.com/product/superiorglove-tenactiv-cut-and-impact-resistant-glove/. Public catalog price was unavailable; unit_price is an estimated average for similar products in this category.,RM,29.66,188,pair,active,2026-06-15T13:25:21.657742+00:00,2026-06-15T13:25:21.657742+00:00
SWP-65650628,SW-IMPACT-RESISTANT-GLOVES-45630-762,SUPERIORGLOVE Endura™ 378GKGVB Multi-Hazard Goatskin Work Gloves,Impact Resistant Gloves,Safetyware catalog item from category 'Impact Resistant Gloves'. Source: https://safetyware.com/product/superiorglove-endura-378gkgvb-multi-hazard-goatskin-work-gloves/. Public catalog price was unavailable; unit_price is an estimated average for similar products in this category.,RM,12.05,174,pair,active,2026-06-15T13:25:21.657742+00:00,2026-06-15T13:25:21.657742+00:00
SWP-64306584,SW-IMPACT-RESISTANT-GLOVES-46829-750,SUPERIORGLOVE Chemstop Extreme Comfort PVC Gloves with Kevlar Liner,Impact Resistant Gloves,Safetyware catalog item from category 'Impact Resistant Gloves'. Source: https://safetyware.com/product/superiorglove-chemstop-extreme-comfort-pvc-gloves/. Public catalog price was unavailable; unit_price is an estimated average for similar products in this category.,RM,33.25,250,pair,active,2026-06-15T13:25:21.657742+00:00,2026-06-15T13:25:21.657742+00:00
SWP-60344667,SW-IMPACT-RESISTANT-GLOVES-46813-935,SUPERIORGLOVE Chemstop 12″ Blue Cut Resistant Anti Impact PVC Coated Glove,Impact Resistant Gloves,Safetyware catalog item from category 'Impact Resistant Gloves'. Source: https://safetyware.com/product/superiorglove-cut-resistant-anti-impact-pvc-coated-glove/. Public catalog price was unavailable; unit_price is an estimated average for similar products in this category.,RM,8.58,376,pair,active,2026-06-15T13:25:21.657742+00:00,2026-06-15T13:25:21.657742+00:00
SWP-27660766,SW-INSULATED-TOOLS-81690-405,CATU 5 Piece insulated screwdriver kit,Insulated Tools,Safetyware catalog item from category 'Insulated Tools'. Source: https://safetyware.com/product/catu-5-piece-insulated-screwdriver-kit/. Public catalog price was unavailable; unit_price is an estimated average for similar products in this category.,RM,206.52,85,unit,active,2026-06-15T13:25:21.657742+00:00,2026-06-15T13:25:21.657742+00:00
SWP-36551337,SW-INSULATED-TOOLS-81693-853,CATU 8 Piece insulated tool kit,Insulated Tools,Safetyware catalog item from category 'Insulated Tools'. Source: https://safetyware.com/product/catu-8-piece-insulated-tool-kit/. Public catalog price was unavailable; unit_price is an estimated average for similar products in this category.,RM,152.09,472,unit,active,2026-06-15T13:25:21.657742+00:00,2026-06-15T13:25:21.657742+00:00
SWP-32169966,SW-INSULATED-TOOLS-81696-969,CATU KIT-05 10-Piece Insulated Tool Kit,Insulated Tools,Safetyware catalog item from category 'Insulated Tools'. Source: https://safetyware.com/product/catu-kit-05-10-piece-insulated-tool-kit/. Public catalog price was unavailable; unit_price is an estimated average for similar products in this category.,RM,124.62,467,unit,active,2026-06-15T13:25:21.657742+00:00,2026-06-15T13:25:21.657742+00:00
SWP-55728553,SW-INSULATED-TOOLS-81702-265,CATU KIT-23 5 Bi-Material Screwdrivers Kit,Insulated Tools,Safetyware catalog item from category 'Insulated Tools'. Source: https://safetyware.com/product/catu-kit-23-5-bi-material-screwdrivers-kit/. Public catalog price was unavailable; unit_price is an estimated average for similar products in this category.,RM,332.62,433,unit,active,2026-06-15T13:25:21.657742+00:00,2026-06-15T13:25:21.657742+00:00
SWP-77825709,SW-INSULATED-TOOLS-81708-830,CATU KIT-24 8-Piece Insulated Bi-Material Tool Kit,Insulated Tools,Safetyware catalog item from category 'Insulated Tools'. Source: https://safetyware.com/product/catu-kit-24-8-piece-insulated-bi-material-tool-kit/. Public catalog price was unavailable; unit_price is an estimated average for similar products in this category.,RM,292.26,63,unit,active,2026-06-15T13:25:21.657742+00:00,2026-06-15T13:25:21.657742+00:00
SWP-30602675,SW-INSULATED-TOOLS-81699-317,CATU KIT-25 Insulated Tools Kit,Insulated Tools,Safetyware catalog item from category 'Insulated Tools'. Source: https://safetyware.com/product/catu-kit-25-insulated-tools-kit/. Public catalog price was unavailable; unit_price is an estimated average for similar products in this category.,RM,381.96,51,unit,active,2026-06-15T13:25:21.657742+00:00,2026-06-15T13:25:21.657742+00:00
SWP-66757080,SW-INSULATED-TOOLS-81705-838,CATU KIT-27 5-Piece Insulated Pliers Kit,Insulated Tools,Safetyware catalog item from category 'Insulated Tools'. Source: https://safetyware.com/product/catu-kit-27-5-piece-insulated-pliers-kit/. Public catalog price was unavailable; unit_price is an estimated average for similar products in this category.,RM,473.66,413,unit,active,2026-06-15T13:25:21.657742+00:00,2026-06-15T13:25:21.657742+00:00
SWP-47135620,SW-INSULATED-TOOLS-81681-493,CATU Roller Cabinet for Hybrid and Electric Vehicle Operations,Insulated Tools,Safetyware catalog item from category 'Insulated Tools'. Source: https://safetyware.com/product/catu-roller-cabinet-for-hybrid-and-electric-vehicle-operations/. Public catalog price was unavailable; unit_price is an estimated average for similar products in this category.,RM,158.63,151,unit,active,2026-06-15T13:25:21.657742+00:00,2026-06-15T13:25:21.657742+00:00
SWP-50045082,SW-INSULATED-TOOLS-81687-441,CATU Safety equipment for LV electricians with face shield,Insulated Tools,Safetyware catalog item from category 'Insulated Tools'. Source: https://safetyware.com/product/catu-safety-equipment-for-lv-electricians-with-face-shield/. Public catalog price was unavailable; unit_price is an estimated average for similar products in this category.,RM,451.96,333,unit,active,2026-06-15T13:25:21.657742+00:00,2026-06-15T13:25:21.657742+00:00
SWP-21496731,SW-INSULATED-TOOLS-81684-347,CATU Safety Equipment for LV Electricians with Protective Goggles,Insulated Tools,Safetyware catalog item from category 'Insulated Tools'. Source: https://safetyware.com/product/catu-safety-equipment-for-lv-electricians-with-protective-goggles/. Public catalog price was unavailable; unit_price is an estimated average for similar products in this category.,RM,75.77,156,unit,active,2026-06-15T13:25:21.657742+00:00,2026-06-15T13:25:21.657742+00:00
SWP-48471153,SW-INSULATING-MAT-57969-318,CATU Insulating Mat Class 0,Insulating Mat,Safetyware catalog item from category 'Insulating Mat'. Source: https://safetyware.com/product/catu-insulating-mat-class-0-2/. Public catalog price was unavailable; unit_price is an estimated average for similar products in this category.,RM,66.65,310,unit,active,2026-06-15T13:25:21.657742+00:00,2026-06-15T13:25:21.657742+00:00
SWP-88577487,SW-INSULATING-MAT-32165-459,CATU Insulating Mat Class 2,Insulating Mat,Safetyware catalog item from category 'Insulating Mat'. Source: https://safetyware.com/product/catu-insulating-mat-class-2-1-meter/. Public catalog price was unavailable; unit_price is an estimated average for similar products in this category.,RM,226.56,483,unit,active,2026-06-15T13:25:21.657742+00:00,2026-06-15T13:25:21.657742+00:00
SWP-65977372,SW-INSULATING-MAT-27792-387,CATU Insulating Mat Class 3,Insulating Mat,Safetyware catalog item from category 'Insulating Mat'. Source: https://safetyware.com/product/catu-insulating-mat-class-3-width-0-6-m/. Public catalog price was unavailable; unit_price is an estimated average for similar products in this category.,RM,174.73,220,unit,active,2026-06-15T13:25:21.657742+00:00,2026-06-15T13:25:21.657742+00:00
SWP-17908017,SW-INSULATING-MAT-81739-538,CATU Insulating mat class 4,Insulating Mat,Safetyware catalog item from category 'Insulating Mat'. Source: https://safetyware.com/product/catu-insulating-mat-class-4/. Public catalog price was unavailable; unit_price is an estimated average for similar products in this category.,RM,462.95,491,unit,active,2026-06-15T13:25:21.657742+00:00,2026-06-15T13:25:21.657742+00:00
SWP-44298486,SW-INSULATING-STEPLADDERS-27767-514,CATU MP-7001 Insulating compact stepladder,Insulating Stepladders,Safetyware catalog item from category 'Insulating Stepladders'. Source: https://safetyware.com/product/catu-mp-7001-insulating-compact-stepladder-for-electrical-work/. Public catalog price was unavailable; unit_price is an estimated average for similar products in this category.,RM,222.89,209,unit,active,2026-06-15T13:25:21.657742+00:00,2026-06-15T13:25:21.657742+00:00
SWP-81061710,SW-INSULATING-STEPLADDERS-27790-839,CATU MP-7005 Insulating Compact Stepladder,Insulating Stepladders,Safetyware catalog item from category 'Insulating Stepladders'. Source: https://safetyware.com/product/catu-mp-7005-insulating-compact-stepladder-for-electricians/. Public catalog price was unavailable; unit_price is an estimated average for similar products in this category.,RM,199.90,473,unit,active,2026-06-15T13:25:21.657742+00:00,2026-06-15T13:25:21.657742+00:00
SWP-97831491,SW-INSULATING-STICK-AND-KIT-27537-859,"CATU CS-45 Insulating Rescue stick with permanent hook 45 kV – 1,65 m",Insulating Stick And Kit,Safetyware catalog item from category 'Insulating Stick And Kit'. Source: https://safetyware.com/product/catu-cs45-insulating-rescue-stick-with-permanent-hook-45-kv-165-m/. Public catalog price was unavailable; unit_price is an estimated average for similar products in this category.,RM,458.16,153,unit,active,2026-06-15T13:25:21.657742+00:00,2026-06-15T13:25:21.657742+00:00
SWP-77295948,SW-INSULATING-STICK-AND-KIT-27538-312,"CATU CS-90 Rescue stick with permanent hook 90 kV – 2,05 m",Insulating Stick And Kit,Safetyware catalog item from category 'Insulating Stick And Kit'. Source: https://safetyware.com/product/catu-cs-90-insulating-rescue-stick-with-permanent-hook-90-kv-205-m/. Public catalog price was unavailable; unit_price is an estimated average for similar products in this category.,RM,244.19,428,unit,active,2026-06-15T13:25:21.657742+00:00,2026-06-15T13:25:21.657742+00:00
SWP-49235698,SW-INSULATING-STICK-AND-KIT-27553-285,CATU CM-50 Equipotentiality and Discharge Stick,Insulating Stick And Kit,Safetyware catalog item from category 'Insulating Stick And Kit'. Source: https://safetyware.com/product/catu-cm-50-equipotentiality-and-discharge-stick/. Public catalog price was unavailable; unit_price is an estimated average for similar products in this category.,RM,170.65,375,unit,active,2026-06-15T13:25:21.657742+00:00,2026-06-15T13:25:21.657742+00:00
SWP-74283425,SW-INSULATING-STICK-AND-KIT-27554-116,CATU CM-90 Insulating stick with operating hook for MV substations,Insulating Stick And Kit,Safetyware catalog item from category 'Insulating Stick And Kit'. Source: https://safetyware.com/product/catu-cm-90-insulating-stick-with-operating-hook-for-mv-substations/. Public catalog price was unavailable; unit_price is an estimated average for similar products in this category.,RM,144.46,173,unit,active,2026-06-15T13:25:21.657742+00:00,2026-06-15T13:25:21.657742+00:00
SWP-94777706,SW-INSULATING-STICK-AND-KIT-27551-293,"CATU Telescopic insulating stick, extended length 5 m, max voltage 420 kV, end-fitting K",Insulating Stick And Kit,Safetyware catalog item from category 'Insulating Stick And Kit'. Source: https://safetyware.com/product/catu-telescopic-insulating-stick-extended-length-5-m-max-voltage-420-kv-end-fitting-k/. Public catalog price was unavailable; unit_price is an estimated average for similar products in this category.,RM,387.73,333,unit,active,2026-06-15T13:25:21.657742+00:00,2026-06-15T13:25:21.657742+00:00
SWP-36983995,SW-INSULATING-STICK-AND-KIT-81553-772,CATU CE-4-21-C Telescopic Insulating Stick,Insulating Stick And Kit,Safetyware catalog item from category 'Insulating Stick And Kit'. Source: https://safetyware.com/product/catu-ce-4-21-c-telescopic-insulating-stick/. Public catalog price was unavailable; unit_price is an estimated average for similar products in this category.,RM,72.59,186,unit,active,2026-06-15T13:25:21.657742+00:00,2026-06-15T13:25:21.657742+00:00
SWP-18960992,SW-INSULATING-STICK-AND-KIT-81556-633,CATU CE-75-C Telescopic Insulating Stick,Insulating Stick And Kit,Safetyware catalog item from category 'Insulating Stick And Kit'. Source: https://safetyware.com/product/catu-ce-75-c-telescopic-insulating-stick/. Public catalog price was unavailable; unit_price is an estimated average for similar products in this category.,RM,481.76,351,unit,active,2026-06-15T13:25:21.657742+00:00,2026-06-15T13:25:21.657742+00:00
SWP-73097862,SW-INSULATING-STICK-AND-KIT-81558-288,CATU CE-5 Insulating Stick with Apron,Insulating Stick And Kit,Safetyware catalog item from category 'Insulating Stick And Kit'. Source: https://safetyware.com/product/catu-ce-5-insulating-stick-with-apron/. Public catalog price was unavailable; unit_price is an estimated average for similar products in this category.,RM,159.26,287,unit,active,2026-06-15T13:25:21.657742+00:00,2026-06-15T13:25:21.657742+00:00
SWP-91331279,SW-INSULATING-STICK-AND-KIT-81565-627,CATU CF-5 Insulating Stick with Apron,Insulating Stick And Kit,Safetyware catalog item from category 'Insulating Stick And Kit'. Source: https://safetyware.com/product/catu-cf-5-insulating-stick-with-apron/. Public catalog price was unavailable; unit_price is an estimated average for similar products in this category.,RM,293.55,484,unit,active,2026-06-15T13:25:21.657742+00:00,2026-06-15T13:25:21.657742+00:00
SWP-37142457,SW-INSULATING-STICK-AND-KIT-27558-916,CATU MV HV 11kV / 24kV Substation Life Saving Kit (Wall Mounted),Insulating Stick And Kit,Safetyware catalog item from category 'Insulating Stick And Kit'. Source: https://safetyware.com/product/catu-mv-hv-11kv-24kv-substation-life-saving-kit-wall-mounted/. Public catalog price was unavailable; unit_price is an estimated average for similar products in this category.,RM,420.89,207,unit,active,2026-06-15T13:25:21.657742+00:00,2026-06-15T13:25:21.657742+00:00
SWP-16818666,SW-KNEEPADS-MATS-13654-275,PORTWEST KP20 Lightweight Knee Pad,Kneepads Mats,Safetyware catalog item from category 'Kneepads Mats'. Source: https://safetyware.com/product/portwest-kp20-lightweight-knee-pad/. Public catalog price was unavailable; unit_price is an estimated average for similar products in this category.,RM,200.27,497,pair,active,2026-06-15T13:25:21.657742+00:00,2026-06-15T13:25:21.657742+00:00
SWP-98696940,SW-KNEEPADS-MATS-13680-518,PORTWEST KP30 Super Gel Knee Pad,Kneepads Mats,Safetyware catalog item from category 'Kneepads Mats'. Source: https://safetyware.com/product/portwest-kp30-super-gel-knee-pad/. Public catalog price was unavailable; unit_price is an estimated average for similar products in this category.,RM,219.72,337,pair,active,2026-06-15T13:25:21.657742+00:00,2026-06-15T13:25:21.657742+00:00
SWP-15279049,SW-KNEEPADS-MATS-13706-521,PORTWEST KP45 Elbow Protection Pads,Kneepads Mats,Safetyware catalog item from category 'Kneepads Mats'. Source: https://safetyware.com/product/portwest-kp45-elbow-protection-pads/. Public catalog price was unavailable; unit_price is an estimated average for similar products in this category.,RM,83.95,31,pair,active,2026-06-15T13:25:21.657742+00:00,2026-06-15T13:25:21.657742+00:00
SWP-89756629,SW-KNEEPADS-MATS-13727-113,PORTWEST KP05 Kneeling Pad,Kneepads Mats,Safetyware catalog item from category 'Kneepads Mats'. Source: https://safetyware.com/product/portwest-kp05-kneeling-pad/. Public catalog price was unavailable; unit_price is an estimated average for similar products in this category.,RM,378.18,196,pair,active,2026-06-15T13:25:21.657742+00:00,2026-06-15T13:25:21.657742+00:00
SWP-78907748,SW-KNEEPADS-MATS-13743-981,PORTWEST KP15 Total Comfort Kneeling Pad,Kneepads Mats,Safetyware catalog item from category 'Kneepads Mats'. Source: https://safetyware.com/product/portwest-kp15-total-comfort-kneeling-pad/. Public catalog price was unavailable; unit_price is an estimated average for similar products in this category.,RM,255.73,19,pair,active,2026-06-15T13:25:21.657742+00:00,2026-06-15T13:25:21.657742+00:00
SWP-91184625,SW-LANYARDS-21034-123,AtexWorX Shock Absorbing Double Lanyard,Lanyards,Safetyware catalog item from category 'Lanyards'. Source: https://safetyware.com/product/atexworx-shock-absorbing-double-lanyard/. Public catalog price was unavailable; unit_price is an estimated average for similar products in this category.,RM,345.65,395,unit,active,2026-06-15T13:25:21.657742+00:00,2026-06-15T13:25:21.657742+00:00
SWP-35813675,SW-LANYARDS-21028-875,KSTRONG AtexWorX Shock Absorbing Lanyard,Lanyards,Safetyware catalog item from category 'Lanyards'. Source: https://safetyware.com/product/kstrong-atexworx-shock-absorbing-lanyard/. Public catalog price was unavailable; unit_price is an estimated average for similar products in this category.,RM,91.94,179,unit,active,2026-06-15T13:25:21.657742+00:00,2026-06-15T13:25:21.657742+00:00
SWP-98782748,SW-LANYARDS-20586-520,KSTRONG ElectWorX Lanyard with Dielectric Snap and Dielectric 14kV Scaffold Hook,Lanyards,Safetyware catalog item from category 'Lanyards'. Source: https://safetyware.com/product/kstrong-electworx-lanyard-with-dielectric-snap-and-dielectric-14kv-scaffold-hook/. Public catalog price was unavailable; unit_price is an estimated average for similar products in this category.,RM,482.28,311,unit,active,2026-06-15T13:25:21.657742+00:00,2026-06-15T13:25:21.657742+00:00
SWP-83045046,SW-LANYARDS-20611-651,KSTRONG Elite Polyester Webbing Work Positioning Lanyard with Adjuster,Lanyards,Safetyware catalog item from category 'Lanyards'. Source: https://safetyware.com/product/kstrong-elite-polyester-webbing-work-positioning-lanyard-with-adjuster/. Public catalog price was unavailable; unit_price is an estimated average for similar products in this category.,RM,224.11,431,unit,active,2026-06-15T13:25:21.657742+00:00,2026-06-15T13:25:21.657742+00:00
SWP-42328978,SW-LANYARDS-21021-936,KSTRONG Elite Shock Absorbing Double Leg Lanyard,Lanyards,Safetyware catalog item from category 'Lanyards'. Source: https://safetyware.com/product/kstrong-elite-shock-absorbing-double-leg-lanyard/. Public catalog price was unavailable; unit_price is an estimated average for similar products in this category.,RM,367.60,30,unit,active,2026-06-15T13:25:21.657742+00:00,2026-06-15T13:25:21.657742+00:00
SWP-59039703,SW-LANYARDS-20605-237,KSTRONG Elite Twisted Rope Work Positioning Lanyard with Grip Adjuster,Lanyards,Safetyware catalog item from category 'Lanyards'. Source: https://safetyware.com/product/kstrong-elite-twisted-rope-work-positioning-lanyard-with-grip-adjuster/. Public catalog price was unavailable; unit_price is an estimated average for similar products in this category.,RM,229.11,192,unit,active,2026-06-15T13:25:21.657742+00:00,2026-06-15T13:25:21.657742+00:00
SWP-28115254,SW-LANYARDS-20617-683,KSTRONG Epic Work Positioning Lanyard,Lanyards,Safetyware catalog item from category 'Lanyards'. Source: https://safetyware.com/product/kstrong-epic-work-positioning-lanyard/. Public catalog price was unavailable; unit_price is an estimated average for similar products in this category.,RM,223.32,252,unit,active,2026-06-15T13:25:21.657742+00:00,2026-06-15T13:25:21.657742+00:00
SWP-13283420,SW-LANYARDS-20623-772,KSTRONG Epic Work Positioning Lanyard with Aluminum Adjuster,Lanyards,Safetyware catalog item from category 'Lanyards'. Source: https://safetyware.com/product/kstrong-epic-work-positioning-lanyard-with-aluminum-adjuster/. Public catalog price was unavailable; unit_price is an estimated average for similar products in this category.,RM,189.14,426,unit,active,2026-06-15T13:25:21.657742+00:00,2026-06-15T13:25:21.657742+00:00
SWP-92588472,SW-LANYARDS-20629-302,KSTRONG Essential Restraint Twisted Rope Lanyard with Karabiners,Lanyards,Safetyware catalog item from category 'Lanyards'. Source: https://safetyware.com/product/kstrong-essential-restraint-twisted-rope-lanyard-with-karabiners/. Public catalog price was unavailable; unit_price is an estimated average for similar products in this category.,RM,422.17,17,unit,active,2026-06-15T13:25:21.657742+00:00,2026-06-15T13:25:21.657742+00:00
SWP-36840051,SW-LANYARDS-20995-970,KSTRONG Essential Restraint Twisted Rope Lanyard with Steel Scaffold Hook and Karabiner,Lanyards,Safetyware catalog item from category 'Lanyards'. Source: https://safetyware.com/product/kstrong-essential-restraint-twisted-rope-lanyard-with-steel-scaffold-hook-and-karabiner/. Public catalog price was unavailable; unit_price is an estimated average for similar products in this category.,RM,386.98,491,unit,active,2026-06-15T13:25:21.657742+00:00,2026-06-15T13:25:21.657742+00:00
SWP-46596114,SW-LASER-SAFETY-EYEWEAR-30624-954,SAFETYWARE #12A Laser Safety Glasses,Laser Safety Eyewear,Safetyware catalog item from category 'Laser Safety Eyewear'. Source: https://safetyware.com/product/safetyware-12a-laser-safety-glasses/. Public catalog price was unavailable; unit_price is an estimated average for similar products in this category.,RM,316.27,397,unit,active,2026-06-15T13:25:21.657742+00:00,2026-06-15T13:25:21.657742+00:00
SWP-32003731,SW-LASER-SAFETY-EYEWEAR-30625-645,SAFETYWARE #12D Laser Safety Glasses,Laser Safety Eyewear,Safetyware catalog item from category 'Laser Safety Eyewear'. Source: https://safetyware.com/product/safetyware-12d-laser-safety-glasses/. Public catalog price was unavailable; unit_price is an estimated average for similar products in this category.,RM,114.43,55,unit,active,2026-06-15T13:25:21.657742+00:00,2026-06-15T13:25:21.657742+00:00
SWP-67920714,SW-LASER-SAFETY-EYEWEAR-30626-363,SAFETYWARE #14C Laser Safety Glasses,Laser Safety Eyewear,Safetyware catalog item from category 'Laser Safety Eyewear'. Source: https://safetyware.com/product/safetyware-14c-laser-safety-glasses/. Public catalog price was unavailable; unit_price is an estimated average for similar products in this category.,RM,198.85,293,unit,active,2026-06-15T13:25:21.657742+00:00,2026-06-15T13:25:21.657742+00:00
SWP-85488904,SW-LASER-SAFETY-EYEWEAR-30627-326,SAFETYWARE #14D Laser Safety Glasses,Laser Safety Eyewear,Safetyware catalog item from category 'Laser Safety Eyewear'. Source: https://safetyware.com/product/safetyware-14d-laser-safety-glasses/. Public catalog price was unavailable; unit_price is an estimated average for similar products in this category.,RM,438.06,268,unit,active,2026-06-15T13:25:21.657742+00:00,2026-06-15T13:25:21.657742+00:00
SWP-60576172,SW-LEATHER-GLOVES-9040-331,SAFETYWARE LG101 Semi Cow Split Leather Glove (Full Palm),Leather Gloves,Safetyware catalog item from category 'Leather Gloves'. Source: https://safetyware.com/product/safetyware-semi-cow-split-leather-glove-full-palm-2/. Public catalog price was unavailable; unit_price is an estimated average for similar products in this category.,RM,22.97,46,pair,active,2026-06-15T13:25:21.657742+00:00,2026-06-15T13:25:21.657742+00:00
SWP-56025887,SW-LEATHER-GLOVES-9054-358,SAFETYWARE LG102 Semi Cow Split Leather Gloves (Double Palm),Leather Gloves,Safetyware catalog item from category 'Leather Gloves'. Source: https://safetyware.com/product/safetyware-semi-cow-split-leather-gloves-double-palm/. Public catalog price was unavailable; unit_price is an estimated average for similar products in this category.,RM,40.08,438,pair,active,2026-06-15T13:25:21.657742+00:00,2026-06-15T13:25:21.657742+00:00
SWP-76246283,SW-LEATHER-GLOVES-2555-645,SAFETYWARE LG103 Semi Cow Grain Leather Glove (Full Palm),Leather Gloves,Safetyware catalog item from category 'Leather Gloves'. Source: https://safetyware.com/product/semi-leather-gloves/. Public catalog price was unavailable; unit_price is an estimated average for similar products in this category.,RM,43.37,255,pair,active,2026-06-15T13:25:21.657742+00:00,2026-06-15T13:25:21.657742+00:00
SWP-52023447,SW-LEATHER-GLOVES-2557-394,SAFETYWARE LG201Full Cow Split Leather Gloves,Leather Gloves,Safetyware catalog item from category 'Leather Gloves'. Source: https://safetyware.com/product/safetyware-full-leather-gloves/. Public catalog price was unavailable; unit_price is an estimated average for similar products in this category.,RM,7.35,241,pair,active,2026-06-15T13:25:21.657742+00:00,2026-06-15T13:25:21.657742+00:00
SWP-84915819,SW-LEATHER-GLOVES-2563-776,SAFETYWARE LG202 Full Cow Split Leather Gloves with Double Palm,Leather Gloves,Safetyware catalog item from category 'Leather Gloves'. Source: https://safetyware.com/product/safetyware-full-leather-gloves-2/. Public catalog price was unavailable; unit_price is an estimated average for similar products in this category.,RM,38.67,195,pair,active,2026-06-15T13:25:21.657742+00:00,2026-06-15T13:25:21.657742+00:00
SWP-88086765,SW-LEATHER-GLOVES-1538-817,SAFETYWARE LG203 Full Goat Grain Leather Gloves with Cow Split Cuff,Leather Gloves,Safetyware catalog item from category 'Leather Gloves'. Source: https://safetyware.com/product/safetyware-full-goat-grain-leather-gloves-with-cow-split-cuff/. Public catalog price was unavailable; unit_price is an estimated average for similar products in this category.,RM,14.01,141,pair,active,2026-06-15T13:25:21.657742+00:00,2026-06-15T13:25:21.657742+00:00
SWP-74754844,SW-LEATHER-GLOVES-1532-734,SAFETYWARE LG301 Cow Grain Driver Gloves,Leather Gloves,Safetyware catalog item from category 'Leather Gloves'. Source: https://safetyware.com/product/safetyware-cow-grain-driver-gloves/. Public catalog price was unavailable; unit_price is an estimated average for similar products in this category.,RM,30.60,29,pair,active,2026-06-15T13:25:21.657742+00:00,2026-06-15T13:25:21.657742+00:00
SWP-18357393,SW-LEATHER-GLOVES-1526-739,SAFETYWARE LG302 Cow Grain Driver Gloves with Lining,Leather Gloves,Safetyware catalog item from category 'Leather Gloves'. Source: https://safetyware.com/product/safetyware-cow-grain-driver-gloves-with-lining/. Public catalog price was unavailable; unit_price is an estimated average for similar products in this category.,RM,34.03,235,pair,active,2026-06-15T13:25:21.657742+00:00,2026-06-15T13:25:21.657742+00:00
SWP-47189394,SW-LEATHER-GLOVES-45224-304,SAFETYWARE LG303 Goat Grain Driver Gloves with Knitted Back,Leather Gloves,Safetyware catalog item from category 'Leather Gloves'. Source: https://safetyware.com/product/safetyware-lg303-goat-grain-driver-gloves-with-knitted-back/. Public catalog price was unavailable; unit_price is an estimated average for similar products in this category.,RM,12.21,264,pair,active,2026-06-15T13:25:21.657742+00:00,2026-06-15T13:25:21.657742+00:00
SWP-79140393,SW-LEATHER-GLOVES-45241-275,WELDAS COMFoFlex™ 10-2900 Wool-Lined Cow Leather Gloves,Leather Gloves,Safetyware catalog item from category 'Leather Gloves'. Source: https://safetyware.com/product/weldas-comfoflex-10-2900-wool-lined-cow-leather-gloves/. Public catalog price was unavailable; unit_price is an estimated average for similar products in this category.,RM,28.60,473,pair,active,2026-06-15T13:25:21.657742+00:00,2026-06-15T13:25:21.657742+00:00
SWP-86310859,SW-LIFE-BUOY-21974-765,SAFETYWARE SOLAS Standard Lifebuoy,Life Buoy,Safetyware catalog item from category 'Life Buoy'. Source: https://safetyware.com/product/safetyware-solas-standard-lifebuoy/. Public catalog price was unavailable; unit_price is an estimated average for similar products in this category.,RM,67.64,376,unit,active,2026-06-15T13:25:21.657742+00:00,2026-06-15T13:25:21.657742+00:00
SWP-31425254,SW-LIFE-JACKETS-36754-470,Economy Life Jacket,Life Jackets,Safetyware catalog item from category 'Life Jackets'. Source: https://safetyware.com/product/economy-life-jacket/. Public catalog price was unavailable; unit_price is an estimated average for similar products in this category.,RM,409.57,209,unit,active,2026-06-15T13:25:21.657742+00:00,2026-06-15T13:25:21.657742+00:00
SWP-11972996,SW-LOCKOUT-HASPS-24976-655,SAFETYWARE PA Coated Steel Lockout Hasp,Lockout Hasps,Safetyware catalog item from category 'Lockout Hasps'. Source: https://safetyware.com/product/safetyware-pa-coated-steel-lockout-hasp/. Public catalog price was unavailable; unit_price is an estimated average for similar products in this category.,RM,497.24,98,unit,active,2026-06-15T13:25:21.657742+00:00,2026-06-15T13:25:21.657742+00:00
SWP-26451920,SW-LOCKOUT-HASPS-27430-613,SAFETYWARE Vinyl Coated Lockout Hasp with Tab,Lockout Hasps,Safetyware catalog item from category 'Lockout Hasps'. Source: https://safetyware.com/product/safetyware-vinyl-coated-lockout-hasp-with-tab/. Public catalog price was unavailable; unit_price is an estimated average for similar products in this category.,RM,477.93,158,unit,active,2026-06-15T13:25:21.657742+00:00,2026-06-15T13:25:21.657742+00:00
SWP-80890136,SW-LOCKOUT-HASPS-27434-998,SAFETYWARE Aluminium Lockout Hasp,Lockout Hasps,Safetyware catalog item from category 'Lockout Hasps'. Source: https://safetyware.com/product/safetyware-aluminium-lockout-hasp/. Public catalog price was unavailable; unit_price is an estimated average for similar products in this category.,RM,308.08,318,unit,active,2026-06-15T13:25:21.657742+00:00,2026-06-15T13:25:21.657742+00:00
SWP-23385238,SW-LOCKOUT-HASPS-27437-578,SAFETYWARE Double End,Lockout Hasps,Safetyware catalog item from category 'Lockout Hasps'. Source: https://safetyware.com/product/safetyware-dual-jaw-aluminium-lockout-hasp/. Public catalog price was unavailable; unit_price is an estimated average for similar products in this category.,RM,377.62,164,unit,active,2026-06-15T13:25:21.657742+00:00,2026-06-15T13:25:21.657742+00:00
SWP-37838979,SW-LOCKOUT-HASPS-29221-194,SAFETYWARE 9 Holes Aluminium Lockout Hasp,Lockout Hasps,Safetyware catalog item from category 'Lockout Hasps'. Source: https://safetyware.com/product/safetyware-eight-hole-aluminium-lockout-hasp/. Public catalog price was unavailable; unit_price is an estimated average for similar products in this category.,RM,66.65,72,unit,active,2026-06-15T13:25:21.657742+00:00,2026-06-15T13:25:21.657742+00:00
SWP-27835499,SW-LOCKOUT-HASPS-32519-907,SAFETYWARE Labelled Aluminium 6 holes Lockout Hasp,Lockout Hasps,Safetyware catalog item from category 'Lockout Hasps'. Source: https://safetyware.com/product/safetyware-labelled-aluminium-6-holes-lockout-hasp/. Public catalog price was unavailable; unit_price is an estimated average for similar products in this category.,RM,398.85,397,pack,active,2026-06-15T13:25:21.657742+00:00,2026-06-15T13:25:21.657742+00:00
SWP-38302591,SW-LOCKOUT-HASPS-24991-403,SAFETYWARE Safety Lockout Hasp,Lockout Hasps,Safetyware catalog item from category 'Lockout Hasps'. Source: https://safetyware.com/product/safetyware-safety-lockout-hasp/. Public catalog price was unavailable; unit_price is an estimated average for similar products in this category.,RM,216.89,111,unit,active,2026-06-15T13:25:21.657742+00:00,2026-06-15T13:25:21.657742+00:00
SWP-32273369,SW-LOCKOUT-HASPS-25002-679,SAFETYWARE Safety Lockout Hasp,Lockout Hasps,Safetyware catalog item from category 'Lockout Hasps'. Source: https://safetyware.com/product/safetyware-safety-lockout-hasp-3/. Public catalog price was unavailable; unit_price is an estimated average for similar products in this category.,RM,264.82,92,unit,active,2026-06-15T13:25:21.657742+00:00,2026-06-15T13:25:21.657742+00:00
SWP-28130975,SW-LOCKOUT-HASPS-25000-543,SAFETYWARE Safety Lockout Hasp,Lockout Hasps,Safetyware catalog item from category 'Lockout Hasps'. Source: https://safetyware.com/product/safetyware-safety-lockout-hasp-2/. Public catalog price was unavailable; unit_price is an estimated average for similar products in this category.,RM,310.60,29,unit,active,2026-06-15T13:25:21.657742+00:00,2026-06-15T13:25:21.657742+00:00
SWP-46585974,SW-LOCKOUT-KITS-AND-STATION-25014-863,SAFETYWARE 4-Lock Advanced Lockout Station (Filled),Lockout Kits And Stations,Safetyware catalog item from category 'Lockout Kits And Stations'. Source: https://safetyware.com/product/safetyware-4-lock-advanced-lockout-station-filled/. Public catalog price was unavailable; unit_price is an estimated average for similar products in this category.,RM,171.19,305,unit,active,2026-06-15T13:25:21.657742+00:00,2026-06-15T13:25:21.657742+00:00
SWP-30227328,SW-LOCKOUT-KITS-AND-STATION-25022-675,SAFETYWARE 10-Lock Advanced Lockout Station (Filled),Lockout Kits And Stations,Safetyware catalog item from category 'Lockout Kits And Stations'. Source: https://safetyware.com/product/safetyware-10-lock-advanced-lockout-station-filled/. Public catalog price was unavailable; unit_price is an estimated average for similar products in this category.,RM,400.88,262,unit,active,2026-06-15T13:25:21.657742+00:00,2026-06-15T13:25:21.657742+00:00
SWP-52323190,SW-LOCKOUT-KITS-AND-STATION-32478-524,SAFETYWARE Combination Advanced Lockout Station LTS302,Lockout Kits And Stations,Safetyware catalog item from category 'Lockout Kits And Stations'. Source: https://safetyware.com/product/safetyware-combination-advanced-lockout-station/. Public catalog price was unavailable; unit_price is an estimated average for similar products in this category.,RM,247.78,448,unit,active,2026-06-15T13:25:21.657742+00:00,2026-06-15T13:25:21.657742+00:00
SWP-45382323,SW-LOCKOUT-KITS-AND-STATION-32491-129,SAFETYWARE Combination Advanced Lockout Station LTS304,Lockout Kits And Stations,Safetyware catalog item from category 'Lockout Kits And Stations'. Source: https://safetyware.com/product/safetyware-combination-advanced-lockout-station-lts304/. Public catalog price was unavailable; unit_price is an estimated average for similar products in this category.,RM,93.67,453,unit,active,2026-06-15T13:25:21.657742+00:00,2026-06-15T13:25:21.657742+00:00
SWP-62739245,SW-LOCKOUT-KITS-AND-STATION-32493-109,SAFETYWARE Combination Advanced Lockout Station LTS305,Lockout Kits And Stations,Safetyware catalog item from category 'Lockout Kits And Stations'. Source: https://safetyware.com/product/safetyware-combination-advanced-lockout-station-lts305/. Public catalog price was unavailable; unit_price is an estimated average for similar products in this category.,RM,343.52,329,unit,active,2026-06-15T13:25:21.657742+00:00,2026-06-15T13:25:21.657742+00:00
SWP-18343443,SW-LOCKOUT-KITS-AND-STATION-27486-463,SAFETYWARE Combination Advanced Lockout Station LTS306,Lockout Kits And Stations,Safetyware catalog item from category 'Lockout Kits And Stations'. Source: https://safetyware.com/product/safetyware-combination-advanced-lockout-station-lts303/. Public catalog price was unavailable; unit_price is an estimated average for similar products in this category.,RM,126.80,284,unit,active,2026-06-15T13:25:21.657742+00:00,2026-06-15T13:25:21.657742+00:00
SWP-70225407,SW-LOCKOUT-KITS-AND-STATION-27502-549,SAFETYWARE Advanced Lockout Station LTS308,Lockout Kits And Stations,Safetyware catalog item from category 'Lockout Kits And Stations'. Source: https://safetyware.com/product/safetyware-advanced-lockout-station-lts308/. Public catalog price was unavailable; unit_price is an estimated average for similar products in this category.,RM,116.27,90,unit,active,2026-06-15T13:25:21.657742+00:00,2026-06-15T13:25:21.657742+00:00
SWP-88060471,SW-LOCKOUT-KITS-AND-STATION-32494-887,SAFETYWARE Combination Advanced Lockout Station LTS309,Lockout Kits And Stations,Safetyware catalog item from category 'Lockout Kits And Stations'. Source: https://safetyware.com/product/safetyware-combination-advanced-lockout-station-lts309/. Public catalog price was unavailable; unit_price is an estimated average for similar products in this category.,RM,481.02,139,unit,active,2026-06-15T13:25:21.657742+00:00,2026-06-15T13:25:21.657742+00:00
SWP-93090643,SW-LOCKOUT-KITS-AND-STATION-41519-400,SAFETYWARE Combination Advanced Lockout Station with Cover,Lockout Kits And Stations,Safetyware catalog item from category 'Lockout Kits And Stations'. Source: https://safetyware.com/product/safetyware-combination-advanced-lockout-station-with-cover-2/. Public catalog price was unavailable; unit_price is an estimated average for similar products in this category.,RM,194.89,151,unit,active,2026-06-15T13:25:21.657742+00:00,2026-06-15T13:25:21.657742+00:00
SWP-27652563,SW-LOCKOUT-KITS-AND-STATION-25013-592,SAFETYWARE 4-Lock Advanced Lockout Station (Unfilled),Lockout Kits And Stations,Safetyware catalog item from category 'Lockout Kits And Stations'. Source: https://safetyware.com/product/safetyware-4-lock-advanced-lockout-station-unfilled/. Public catalog price was unavailable; unit_price is an estimated average for similar products in this category.,RM,109.35,441,unit,active,2026-06-15T13:25:21.657742+00:00,2026-06-15T13:25:21.657742+00:00
SWP-44967278,SW-LOCKOUT-PADLOCKS-AND-ACC-21575-299,SAFETYWARE Standard Steel Shackle Padlock,Lockout Padlocks And Accessories,Safetyware catalog item from category 'Lockout Padlocks And Accessories'. Source: https://safetyware.com/product/safetyware-ltp110-padlock-3/. Public catalog price was unavailable; unit_price is an estimated average for similar products in this category.,RM,385.23,102,pair,active,2026-06-15T13:25:21.657742+00:00,2026-06-15T13:25:21.657742+00:00
SWP-76940045,SW-LOCKOUT-PADLOCKS-AND-ACC-21469-971,SAFETYWARE Standard Nylon Shackle Padlock,Lockout Padlocks And Accessories,Safetyware catalog item from category 'Lockout Padlocks And Accessories'. Source: https://safetyware.com/product/safetyware-ltp210-padlock-2/. Public catalog price was unavailable; unit_price is an estimated average for similar products in this category.,RM,341.68,230,pair,active,2026-06-15T13:25:21.657742+00:00,2026-06-15T13:25:21.657742+00:00
SWP-16234204,SW-LOCKOUT-PADLOCKS-AND-ACC-21252-385,SAFETYWARE Long Steel Shackle Padlock,Lockout Padlocks And Accessories,Safetyware catalog item from category 'Lockout Padlocks And Accessories'. Source: https://safetyware.com/product/safetyware-ltp120-padlock-2/. Public catalog price was unavailable; unit_price is an estimated average for similar products in this category.,RM,147.70,177,pair,active,2026-06-15T13:25:21.657742+00:00,2026-06-15T13:25:21.657742+00:00
SWP-13751376,SW-LOCKOUT-PADLOCKS-AND-ACC-21584-384,SAFETYWARE Long Nylon Shackle Padlock,Lockout Padlocks And Accessories,Safetyware catalog item from category 'Lockout Padlocks And Accessories'. Source: https://safetyware.com/product/safetyware-long-nylon-shackle-padlock/. Public catalog price was unavailable; unit_price is an estimated average for similar products in this category.,RM,479.24,213,pair,active,2026-06-15T13:25:21.657742+00:00,2026-06-15T13:25:21.657742+00:00
SWP-58455059,SW-LOCKOUT-PADLOCKS-AND-ACC-22179-278,SAFETYWARE Stainless Steel Wire Shackle Padlock,Lockout Padlocks And Accessories,Safetyware catalog item from category 'Lockout Padlocks And Accessories'. Source: https://safetyware.com/product/safetyware-ltp310-padlock-2/. Public catalog price was unavailable; unit_price is an estimated average for similar products in this category.,RM,263.41,468,pair,active,2026-06-15T13:25:21.657742+00:00,2026-06-15T13:25:21.657742+00:00
SWP-80163829,SW-LOCKOUT-PADLOCKS-AND-ACC-22144-644,"SAFETYWARE Long Body, Standard Steel Shackle Padlock",Lockout Padlocks And Accessories,Safetyware catalog item from category 'Lockout Padlocks And Accessories'. Source: https://safetyware.com/product/safetyware-ltp410-padlock-2/. Public catalog price was unavailable; unit_price is an estimated average for similar products in this category.,RM,81.87,186,pair,active,2026-06-15T13:25:21.657742+00:00,2026-06-15T13:25:21.657742+00:00
SWP-29474802,SW-LOCKOUT-PADLOCKS-AND-ACC-32434-335,SAFETYWARE Laminated Long Steel Shackle Padlock,Lockout Padlocks And Accessories,Safetyware catalog item from category 'Lockout Padlocks And Accessories'. Source: https://safetyware.com/product/safetyware-laminated-long-steel-shackle-padlock/. Public catalog price was unavailable; unit_price is an estimated average for similar products in this category.,RM,363.81,127,pair,active,2026-06-15T13:25:21.657742+00:00,2026-06-15T13:25:21.657742+00:00
SWP-71748502,SW-LOCKOUT-TAGOUT-SIGNS-35547-311,"QUICKSIGN LOCKOUT TAGOUT Sign – LT001 CAUTION lock out to be removed by authorised personnel only (1 Side, Dual Language)",Lockout Tagout Signs,Safetyware catalog item from category 'Lockout Tagout Signs'. Source: https://safetyware.com/product/quicksign-lockout-tagout-sign-lt001-caution-lock-out-to-be-removed-by-authorised-personnel-only-1-side-dual-language/. Public catalog price was unavailable; unit_price is an estimated average for similar products in this category.,RM,45.78,207,pack,active,2026-06-15T13:25:21.657742+00:00,2026-06-15T13:25:21.657742+00:00
SWP-12662694,SW-LOCKOUT-TAGS-AND-SIGNAGE-27603-938,SAFETYWARE Scaffolding Tag,Lockout Tags And Signage,Safetyware catalog item from category 'Lockout Tags And Signage'. Source: https://safetyware.com/product/safetyware-scaffolding-tag/. Public catalog price was unavailable; unit_price is an estimated average for similar products in this category.,RM,50.04,348,pack,active,2026-06-15T13:25:21.657742+00:00,2026-06-15T13:25:21.657742+00:00
SWP-20291339,SW-LOCKOUT-TAGS-AND-SIGNAGE-41470-217,SAFETYWARE Scaffolding Tag,Lockout Tags And Signage,Safetyware catalog item from category 'Lockout Tags And Signage'. Source: https://safetyware.com/product/safetyware-scaffolding-tag-2/. Public catalog price was unavailable; unit_price is an estimated average for similar products in this category.,RM,45.35,16,pack,active,2026-06-15T13:25:21.657742+00:00,2026-06-15T13:25:21.657742+00:00
SWP-38427932,SW-LOCKOUT-TAGS-AND-SIGNAGE-41471-565,SAFETYWARE Scaffolding Tag,Lockout Tags And Signage,Safetyware catalog item from category 'Lockout Tags And Signage'. Source: https://safetyware.com/product/safetyware-scaffolding-tag-3/. Public catalog price was unavailable; unit_price is an estimated average for similar products in this category.,RM,47.13,400,pack,active,2026-06-15T13:25:21.657742+00:00,2026-06-15T13:25:21.657742+00:00
SWP-45074407,SW-MACHINERY-SIGNS-31845-421,"QUICKSIGN Machinery Sign – ML001 Bahaya Voltan Tinggi, Danger High Voltan",Machinery Signs,Safetyware catalog item from category 'Machinery Signs'. Source: https://safetyware.com/product/quicksign-machinery-sign-ml001-bahaya-voltan-tinggi-danger-high-voltan/. Public catalog price was unavailable; unit_price is an estimated average for similar products in this category.,RM,42.70,250,pack,active,2026-06-15T13:25:21.657742+00:00,2026-06-15T13:25:21.657742+00:00
SWP-40766050,SW-MACHINERY-SIGNS-37714-590,QUICKSIGN Machinery Sign – ML002 Danger Highly Flammable,Machinery Signs,Safetyware catalog item from category 'Machinery Signs'. Source: https://safetyware.com/product/quicksign-machinery-sign-ml002-danger-highly-flammable/. Public catalog price was unavailable; unit_price is an estimated average for similar products in this category.,RM,45.38,47,pack,active,2026-06-15T13:25:21.657742+00:00,2026-06-15T13:25:21.657742+00:00
SWP-94102451,SW-MACHINERY-SIGNS-37696-265,QUICKSIGN Machinery Sign – ML003 Dangerous Chemicals,Machinery Signs,Safetyware catalog item from category 'Machinery Signs'. Source: https://safetyware.com/product/quicksign-machinery-sign-ml003-dangerous-chemicals/. Public catalog price was unavailable; unit_price is an estimated average for similar products in this category.,RM,53.14,51,pack,active,2026-06-15T13:25:21.657742+00:00,2026-06-15T13:25:21.657742+00:00
SWP-58329478,SW-MACHINERY-SIGNS-38426-203,QUICKSIGN Machinery Sign – ML004 Watch Your Hand & Finger,Machinery Signs,Safetyware catalog item from category 'Machinery Signs'. Source: https://safetyware.com/product/quicksign-machinery-sign-ml004-watch-your-hand-finger/. Public catalog price was unavailable; unit_price is an estimated average for similar products in this category.,RM,50.19,383,pack,active,2026-06-15T13:25:21.657742+00:00,2026-06-15T13:25:21.657742+00:00
SWP-48167709,SW-MACHINERY-SIGNS-38695-831,QUICKSIGN Machinery Sign – ML005 Danger High Noise Area,Machinery Signs,Safetyware catalog item from category 'Machinery Signs'. Source: https://safetyware.com/product/quicksign-machinery-sign-ml005-danger-high-noise-area/. Public catalog price was unavailable; unit_price is an estimated average for similar products in this category.,RM,43.02,105,pack,active,2026-06-15T13:25:21.657742+00:00,2026-06-15T13:25:21.657742+00:00
SWP-30530747,SW-MACHINERY-SIGNS-38438-830,QUICKSIGN Machinery Sign – ML006 Hot – Do Not Touch,Machinery Signs,Safetyware catalog item from category 'Machinery Signs'. Source: https://safetyware.com/product/quicksign-machinery-sign-ml006-hot-do-not-touch/. Public catalog price was unavailable; unit_price is an estimated average for similar products in this category.,RM,50.26,482,pack,active,2026-06-15T13:25:21.657742+00:00,2026-06-15T13:25:21.657742+00:00
SWP-59007748,SW-MACHINERY-SIGNS-38716-381,QUICKSIGN Machinery Sign – ML007 Biohazard,Machinery Signs,Safetyware catalog item from category 'Machinery Signs'. Source: https://safetyware.com/product/quicksign-machinery-sign-ml007-biohazard/. Public catalog price was unavailable; unit_price is an estimated average for similar products in this category.,RM,52.37,235,pack,active,2026-06-15T13:25:21.657742+00:00,2026-06-15T13:25:21.657742+00:00
SWP-40136562,SW-MACHINERY-SIGNS-38737-371,QUICKSIGN Machinery Sign – ML008 Danger – Radioactive,Machinery Signs,Safetyware catalog item from category 'Machinery Signs'. Source: https://safetyware.com/product/quicksign-machinery-sign-ml008-danger-radioactive/. Public catalog price was unavailable; unit_price is an estimated average for similar products in this category.,RM,19.49,202,pack,active,2026-06-15T13:25:21.657742+00:00,2026-06-15T13:25:21.657742+00:00
SWP-30539136,SW-MACHINERY-SIGNS-38759-346,QUICKSIGN Machinery Sign – ML009 Danger Mind Your Head,Machinery Signs,Safetyware catalog item from category 'Machinery Signs'. Source: https://safetyware.com/product/quicksign-machinery-sign-ml009-danger-mind-your-head/. Public catalog price was unavailable; unit_price is an estimated average for similar products in this category.,RM,32.21,256,pack,active,2026-06-15T13:25:21.657742+00:00,2026-06-15T13:25:21.657742+00:00
SWP-41091461,SW-MACHINERY-SIGNS-38780-193,QUICKSIGN Machinery Sign – ML010 CCTV in Operation,Machinery Signs,Safetyware catalog item from category 'Machinery Signs'. Source: https://safetyware.com/product/quicksign-machinery-sign-ml010-cctv-in-operation/. Public catalog price was unavailable; unit_price is an estimated average for similar products in this category.,RM,32.05,135,pack,active,2026-06-15T13:25:21.657742+00:00,2026-06-15T13:25:21.657742+00:00
SWP-70922600,SW-MAINTENANCE-REPAIR-AND-O-32805-307,10L Sharp Bin,Maintenance Repair And Operations Mro,Safetyware catalog item from category 'Maintenance Repair And Operations Mro'. Source: https://safetyware.com/product/10l-sharp-bin/. Public catalog price was unavailable; unit_price is an estimated average for similar products in this category.,RM,238.56,347,unit,active,2026-06-15T13:25:21.657742+00:00,2026-06-15T13:25:21.657742+00:00
SWP-39164111,SW-MAINTENANCE-REPAIR-AND-O-30598-159,120L 3-In-1 Recycle Bin,Maintenance Repair And Operations Mro,Safetyware catalog item from category 'Maintenance Repair And Operations Mro'. Source: https://safetyware.com/product/safetyware-120l-3-in-1-recycle-bin/. Public catalog price was unavailable; unit_price is an estimated average for similar products in this category.,RM,445.08,63,unit,active,2026-06-15T13:25:21.657742+00:00,2026-06-15T13:25:21.657742+00:00
SWP-44055189,SW-MAINTENANCE-REPAIR-AND-O-30581-334,120L Recycle Bin Step On,Maintenance Repair And Operations Mro,Safetyware catalog item from category 'Maintenance Repair And Operations Mro'. Source: https://safetyware.com/product/safetyware-120l-recycle-bin-step-on/. Public catalog price was unavailable; unit_price is an estimated average for similar products in this category.,RM,339.78,101,unit,active,2026-06-15T13:25:21.657742+00:00,2026-06-15T13:25:21.657742+00:00
SWP-58702541,SW-MAINTENANCE-REPAIR-AND-O-32806-884,2.5L Sharp Bin,Maintenance Repair And Operations Mro,Safetyware catalog item from category 'Maintenance Repair And Operations Mro'. Source: https://safetyware.com/product/2-5l-sharp-bin/. Public catalog price was unavailable; unit_price is an estimated average for similar products in this category.,RM,262.29,6,unit,active,2026-06-15T13:25:21.657742+00:00,2026-06-15T13:25:21.657742+00:00
SWP-55492417,SW-MAINTENANCE-REPAIR-AND-O-30609-660,240L 3-In-1 Recycle Bin,Maintenance Repair And Operations Mro,Safetyware catalog item from category 'Maintenance Repair And Operations Mro'. Source: https://safetyware.com/product/safetyware-240l-3-in-1-recycle-bin/. Public catalog price was unavailable; unit_price is an estimated average for similar products in this category.,RM,55.75,293,unit,active,2026-06-15T13:25:21.657742+00:00,2026-06-15T13:25:21.657742+00:00
SWP-83864845,SW-MAINTENANCE-REPAIR-AND-O-30591-379,240L Recycle Bin Step On,Maintenance Repair And Operations Mro,Safetyware catalog item from category 'Maintenance Repair And Operations Mro'. Source: https://safetyware.com/product/safetyware-240l-recycle-bin-step-on/. Public catalog price was unavailable; unit_price is an estimated average for similar products in this category.,RM,499.88,308,unit,active,2026-06-15T13:25:21.657742+00:00,2026-06-15T13:25:21.657742+00:00
SWP-81060306,SW-MAINTENANCE-REPAIR-AND-O-30566-503,660L Plastic Bin,Maintenance Repair And Operations Mro,Safetyware catalog item from category 'Maintenance Repair And Operations Mro'. Source: https://safetyware.com/product/safetyware-660l-plastic-bin/. Public catalog price was unavailable; unit_price is an estimated average for similar products in this category.,RM,221.71,287,unit,active,2026-06-15T13:25:21.657742+00:00,2026-06-15T13:25:21.657742+00:00
SWP-98630456,SW-MAINTENANCE-REPAIR-AND-O-32798-945,LEADER Victoria 75 Recycle Bin Swing Opening,Maintenance Repair And Operations Mro,Safetyware catalog item from category 'Maintenance Repair And Operations Mro'. Source: https://safetyware.com/product/leader-victoria-75-recycle-bin-swing-opening/. Public catalog price was unavailable; unit_price is an estimated average for similar products in this category.,RM,145.55,446,unit,active,2026-06-15T13:25:21.657742+00:00,2026-06-15T13:25:21.657742+00:00
SWP-88708455,SW-MAINTENANCE-REPAIR-AND-O-32808-508,Mobile Garbage Bin With Foot Pedal 660L,Maintenance Repair And Operations Mro,Safetyware catalog item from category 'Maintenance Repair And Operations Mro'. Source: https://safetyware.com/product/mobile-garbage-bin-with-foot-pedal-660l/. Public catalog price was unavailable; unit_price is an estimated average for similar products in this category.,RM,87.77,368,unit,active,2026-06-15T13:25:21.657742+00:00,2026-06-15T13:25:21.657742+00:00
SWP-90005465,SW-MAINTENANCE-REPAIR-AND-O-32790-271,Recycle Everst 50 c/w Sticker,Maintenance Repair And Operations Mro,Safetyware catalog item from category 'Maintenance Repair And Operations Mro'. Source: https://safetyware.com/product/recycle-everst-50-c-w-sticker/. Public catalog price was unavailable; unit_price is an estimated average for similar products in this category.,RM,393.64,39,unit,active,2026-06-15T13:25:21.657742+00:00,2026-06-15T13:25:21.657742+00:00
SWP-36315311,SW-MANAGEMENT-AND-AUDITING--19787-163,ISO 14001:2015 Awareness and Implementation Training,Management And Auditing Training,Safetyware catalog item from category 'Management And Auditing Training'. Source: https://safetyware.com/product/iso-140012015-awareness-and-implementation-training/. Public catalog price was unavailable; unit_price is an estimated average for similar products in this category.,RM,2296.32,236,service,active,2026-06-15T13:25:21.657742+00:00,2026-06-15T13:25:21.657742+00:00
SWP-64435667,SW-MANAGEMENT-AND-AUDITING--19772-634,ISO 14001:2015 Internal Quality Audit Training,Management And Auditing Training,Safetyware catalog item from category 'Management And Auditing Training'. Source: https://safetyware.com/product/iso-140012015-internal-quality-audit-training/. Public catalog price was unavailable; unit_price is an estimated average for similar products in this category.,RM,634.62,211,service,active,2026-06-15T13:25:21.657742+00:00,2026-06-15T13:25:21.657742+00:00
SWP-39109583,SW-MANDATORY-SIGNS-LANDSCAP-11140-125,QUICKSIGN Mandatory Sign – MD001 Wear safety helmet,Mandatory Signs Landscape Style,Safetyware catalog item from category 'Mandatory Signs Landscape Style'. Source: https://safetyware.com/product/quicksign-mandatory-sign-md001-wear-safety-helmet/. Public catalog price was unavailable; unit_price is an estimated average for similar products in this category.,RM,22.64,313,pack,active,2026-06-15T13:25:21.657742+00:00,2026-06-15T13:25:21.657742+00:00
SWP-99499810,SW-MANDATORY-SIGNS-LANDSCAP-11153-677,QUICKSIGN Mandatory Sign – MD002 Safety helmet must be worn in this area,Mandatory Signs Landscape Style,Safetyware catalog item from category 'Mandatory Signs Landscape Style'. Source: https://safetyware.com/product/quicksign-mandatory-sign-md002-safety-helmet-must-be-worn-in-this-area/. Public catalog price was unavailable; unit_price is an estimated average for similar products in this category.,RM,41.33,94,pack,active,2026-06-15T13:25:21.657742+00:00,2026-06-15T13:25:21.657742+00:00
SWP-93934197,SW-MANDATORY-SIGNS-LANDSCAP-11166-218,QUICKSIGN Mandatory Sign – MD003 Wear hairnets,Mandatory Signs Landscape Style,Safetyware catalog item from category 'Mandatory Signs Landscape Style'. Source: https://safetyware.com/product/quicksign-mandatory-sign-md003-wear-hairnets/. Public catalog price was unavailable; unit_price is an estimated average for similar products in this category.,RM,19.43,449,pack,active,2026-06-15T13:25:21.657742+00:00,2026-06-15T13:25:21.657742+00:00
SWP-73116636,SW-MANDATORY-SIGNS-LANDSCAP-58066-549,QUICKSIGN Mandatory Sign – MD004 Wear Ear Protection,Mandatory Signs Landscape Style,Safetyware catalog item from category 'Mandatory Signs Landscape Style'. Source: https://safetyware.com/product/quicksign-mandatory-sign-md004-wear-ear-protection/. Public catalog price was unavailable; unit_price is an estimated average for similar products in this category.,RM,12.23,180,pack,active,2026-06-15T13:25:21.657742+00:00,2026-06-15T13:25:21.657742+00:00
SWP-91879379,SW-MANDATORY-SIGNS-LANDSCAP-58081-242,QUICKSIGN Mandatory Sign – MD005 Wear Ear Plug,Mandatory Signs Landscape Style,Safetyware catalog item from category 'Mandatory Signs Landscape Style'. Source: https://safetyware.com/product/quicksign-mandatory-sign-md005-wear-ear-plug/. Public catalog price was unavailable; unit_price is an estimated average for similar products in this category.,RM,20.99,127,pack,active,2026-06-15T13:25:21.657742+00:00,2026-06-15T13:25:21.657742+00:00
SWP-94949076,SW-MANDATORY-SIGNS-LANDSCAP-58080-298,QUICKSIGN Mandatory Sign – MD006 Wear Respirator,Mandatory Signs Landscape Style,Safetyware catalog item from category 'Mandatory Signs Landscape Style'. Source: https://safetyware.com/product/quicksign-mandatory-sign-md006-wear-respirator/. Public catalog price was unavailable; unit_price is an estimated average for similar products in this category.,RM,28.92,356,pack,active,2026-06-15T13:25:21.657742+00:00,2026-06-15T13:25:21.657742+00:00
SWP-74405496,SW-MANDATORY-SIGNS-LANDSCAP-58079-890,QUICKSIGN Mandatory Sign – MD007 Wear Eye Protection,Mandatory Signs Landscape Style,Safetyware catalog item from category 'Mandatory Signs Landscape Style'. Source: https://safetyware.com/product/quicksign-mandatory-sign-md007-wear-eye-protection/. Public catalog price was unavailable; unit_price is an estimated average for similar products in this category.,RM,15.91,438,pack,active,2026-06-15T13:25:21.657742+00:00,2026-06-15T13:25:21.657742+00:00
SWP-99309616,SW-MANDATORY-SIGNS-LANDSCAP-58122-223,QUICKSIGN Mandatory Sign – MD008 Safety Goggle Must Be Worn In This Area,Mandatory Signs Landscape Style,Safetyware catalog item from category 'Mandatory Signs Landscape Style'. Source: https://safetyware.com/product/quicksign-mandatory-sign-md008-safety-goggle-must-be-worn-in-this-area/. Public catalog price was unavailable; unit_price is an estimated average for similar products in this category.,RM,28.25,74,pack,active,2026-06-15T13:25:21.657742+00:00,2026-06-15T13:25:21.657742+00:00
SWP-44097526,SW-MANDATORY-SIGNS-LANDSCAP-58135-491,QUICKSIGN Mandatory Sign – MD009 Wear Mask,Mandatory Signs Landscape Style,Safetyware catalog item from category 'Mandatory Signs Landscape Style'. Source: https://safetyware.com/product/quicksign-mandatory-sign-md009-wear-mask/. Public catalog price was unavailable; unit_price is an estimated average for similar products in this category.,RM,51.33,278,pack,active,2026-06-15T13:25:21.657742+00:00,2026-06-15T13:25:21.657742+00:00
SWP-35442133,SW-MANDATORY-SIGNS-LANDSCAP-58148-508,QUICKSIGN Mandatory Sign – MD010 Wear Beard Cover,Mandatory Signs Landscape Style,Safetyware catalog item from category 'Mandatory Signs Landscape Style'. Source: https://safetyware.com/product/quicksign-mandatory-sign-md010-wear-beard-cover/. Public catalog price was unavailable; unit_price is an estimated average for similar products in this category.,RM,49.62,464,pack,active,2026-06-15T13:25:21.657742+00:00,2026-06-15T13:25:21.657742+00:00
SWP-44716459,SW-MANDATORY-SIGNS-2758-634,QUICKSIGN Mandatory Sign – MS001 Wear safety helmet,Mandatory Signs,Safetyware catalog item from category 'Mandatory Signs'. Source: https://safetyware.com/product/quicksign-mandatory-sign-wear-safety-helmet/. Public catalog price was unavailable; unit_price is an estimated average for similar products in this category.,RM,17.30,416,pack,active,2026-06-15T13:25:21.657742+00:00,2026-06-15T13:25:21.657742+00:00
SWP-93186377,SW-MANDATORY-SIGNS-2840-307,QUICKSIGN Mandatory Sign – MS002 Safety helmet must be worn in this area,Mandatory Signs,Safetyware catalog item from category 'Mandatory Signs'. Source: https://safetyware.com/product/quicksign-mandatory-sign-ms002-safety-helmet-must-be-worn-in-this-area/. Public catalog price was unavailable; unit_price is an estimated average for similar products in this category.,RM,34.92,5,pack,active,2026-06-15T13:25:21.657742+00:00,2026-06-15T13:25:21.657742+00:00
SWP-60524800,SW-MANDATORY-SIGNS-2853-953,QUICKSIGN Mandatory Sign – MS003 Wear hairnets,Mandatory Signs,Safetyware catalog item from category 'Mandatory Signs'. Source: https://safetyware.com/product/quicksign-mandatory-sign-ms003-wear-hairnets/. Public catalog price was unavailable; unit_price is an estimated average for similar products in this category.,RM,37.58,381,pack,active,2026-06-15T13:25:21.657742+00:00,2026-06-15T13:25:21.657742+00:00
SWP-17805524,SW-MANDATORY-SIGNS-2854-386,QUICKSIGN Mandatory Sign – MS004 Wear ear protection,Mandatory Signs,Safetyware catalog item from category 'Mandatory Signs'. Source: https://safetyware.com/product/quicksign-mandatory-sign-ms004-wear-ear-protection/. Public catalog price was unavailable; unit_price is an estimated average for similar products in this category.,RM,18.56,411,pack,active,2026-06-15T13:25:21.657742+00:00,2026-06-15T13:25:21.657742+00:00
SWP-37070495,SW-MANDATORY-SIGNS-2855-359,QUICKSIGN Mandatory Sign – MS005 Wear earplug,Mandatory Signs,Safetyware catalog item from category 'Mandatory Signs'. Source: https://safetyware.com/product/quicksign-mandatory-sign-ms005-wear-earplug/. Public catalog price was unavailable; unit_price is an estimated average for similar products in this category.,RM,49.52,493,pack,active,2026-06-15T13:25:21.657742+00:00,2026-06-15T13:25:21.657742+00:00
SWP-80788975,SW-MANDATORY-SIGNS-2856-783,QUICKSIGN Mandatory Sign – MS006 Wear eye protection,Mandatory Signs,Safetyware catalog item from category 'Mandatory Signs'. Source: https://safetyware.com/product/quicksign-mandatory-sign-ms006-wear-eye-protection/. Public catalog price was unavailable; unit_price is an estimated average for similar products in this category.,RM,28.61,182,pack,active,2026-06-15T13:25:21.657742+00:00,2026-06-15T13:25:21.657742+00:00
SWP-10515993,SW-MANDATORY-SIGNS-4908-323,QUICKSIGN Mandatory Sign – MS007 Safety goggle must be worn in this area,Mandatory Signs,Safetyware catalog item from category 'Mandatory Signs'. Source: https://safetyware.com/product/quicksign-mandatory-sign-ms007-safety-goggle-must-be-worn-in-this-area/. Public catalog price was unavailable; unit_price is an estimated average for similar products in this category.,RM,44.11,171,pack,active,2026-06-15T13:25:21.657742+00:00,2026-06-15T13:25:21.657742+00:00
SWP-27290362,SW-MANDATORY-SIGNS-4882-278,QUICKSIGN Mandatory Sign – MS008 Wear respirator,Mandatory Signs,Safetyware catalog item from category 'Mandatory Signs'. Source: https://safetyware.com/product/quicksign-mandatory-sign-ms008-wear-respirator/. Public catalog price was unavailable; unit_price is an estimated average for similar products in this category.,RM,50.25,200,pack,active,2026-06-15T13:25:21.657742+00:00,2026-06-15T13:25:21.657742+00:00
SWP-22865623,SW-MANDATORY-SIGNS-4895-871,QUICKSIGN Mandatory Sign – MS009 Wear mask,Mandatory Signs,Safetyware catalog item from category 'Mandatory Signs'. Source: https://safetyware.com/product/quicksign-mandatory-sign-ms009-wear-mask/. Public catalog price was unavailable; unit_price is an estimated average for similar products in this category.,RM,24.18,116,pack,active,2026-06-15T13:25:21.657742+00:00,2026-06-15T13:25:21.657742+00:00
SWP-42382949,SW-MANDATORY-SIGNS-4921-627,QUICKSIGN Mandatory Sign – MS010 Wear beard cover,Mandatory Signs,Safetyware catalog item from category 'Mandatory Signs'. Source: https://safetyware.com/product/quicksign-mandatory-sign-ms010-wear-beard-cover/. Public catalog price was unavailable; unit_price is an estimated average for similar products in this category.,RM,31.20,50,pack,active,2026-06-15T13:25:21.657742+00:00,2026-06-15T13:25:21.657742+00:00
SWP-92915752,SW-MECHANICS-AND-TRADESMAN--46146-978,PORTWEST A740 Powertool Pro,Mechanics And Tradesman Gloves,Safetyware catalog item from category 'Mechanics And Tradesman Gloves'. Source: https://safetyware.com/product/portwest-a740-powertool-pro/. Public catalog price was unavailable; unit_price is an estimated average for similar products in this category.,RM,27.45,469,pair,active,2026-06-15T13:25:21.657742+00:00,2026-06-15T13:25:21.657742+00:00
SWP-25781099,SW-MECHANICS-AND-TRADESMAN--2538-568,PORTWEST High Performance Tradesman Gloves,Mechanics And Tradesman Gloves,Safetyware catalog item from category 'Mechanics And Tradesman Gloves'. Source: https://safetyware.com/product/portwest-high-performance-tradesman-gloves/. Public catalog price was unavailable; unit_price is an estimated average for similar products in this category.,RM,14.68,103,pair,active,2026-06-15T13:25:21.657742+00:00,2026-06-15T13:25:21.657742+00:00
SWP-76437951,SW-MEDICAL-EQUIPMENT-18235-222,Basic Wheel Chair,Medical Equipment,Safetyware catalog item from category 'Medical Equipment'. Source: https://safetyware.com/product/basic-wheel-chair/. Public catalog price was unavailable; unit_price is an estimated average for similar products in this category.,RM,594.05,318,unit,active,2026-06-15T13:25:21.657742+00:00,2026-06-15T13:25:21.657742+00:00
SWP-57574446,SW-MERCURY-SPILL-KITS-21320-435,Safetec USA Mercury Spill Kit,Mercury Spill Kits,Safetyware catalog item from category 'Mercury Spill Kits'. Source: https://safetyware.com/product/safetec-usa-mercury-spill-kit/. Public catalog price was unavailable; unit_price is an estimated average for similar products in this category.,RM,362.32,21,unit,active,2026-06-15T13:25:21.657742+00:00,2026-06-15T13:25:21.657742+00:00
SWP-59763411,SW-MULTI-MESSAGE-SIGN-LANDS-16968-424,QUICKSIGN Multi Message Sign – MMS001 No smoking and No naked light,Multi Message Sign Landscape,Safetyware catalog item from category 'Multi Message Sign Landscape'. Source: https://safetyware.com/product/quicksign-multi-message-sign-mms001-no-smoking-and-no-naked-light/. Public catalog price was unavailable; unit_price is an estimated average for similar products in this category.,RM,25.59,167,pack,active,2026-06-15T13:25:21.657742+00:00,2026-06-15T13:25:21.657742+00:00
SWP-89743836,SW-MULTI-MESSAGE-SIGN-LANDS-16981-767,QUICKSIGN Multi Message Sign – MMS002 No smoking and No naked light,Multi Message Sign Landscape,Safetyware catalog item from category 'Multi Message Sign Landscape'. Source: https://safetyware.com/product/quicksign-multi-message-sign-mms002-no-smoking-and-no-naked-light/. Public catalog price was unavailable; unit_price is an estimated average for similar products in this category.,RM,21.10,255,pack,active,2026-06-15T13:25:21.657742+00:00,2026-06-15T13:25:21.657742+00:00
SWP-47843386,SW-MULTI-MESSAGE-SIGN-LANDS-16994-708,QUICKSIGN Multi Message Sign – MMS003 No entry,Multi Message Sign Landscape,Safetyware catalog item from category 'Multi Message Sign Landscape'. Source: https://safetyware.com/product/quicksign-multi-message-sign-mms003-no-entry/. Public catalog price was unavailable; unit_price is an estimated average for similar products in this category.,RM,23.64,136,pack,active,2026-06-15T13:25:21.657742+00:00,2026-06-15T13:25:21.657742+00:00
SWP-78628341,SW-MULTI-MESSAGE-SIGN-LANDS-17007-921,QUICKSIGN Multi Message Sign – MMS004 No access for unauthorised persons,Multi Message Sign Landscape,Safetyware catalog item from category 'Multi Message Sign Landscape'. Source: https://safetyware.com/product/quicksign-multi-message-sign-mms004-no-access-for-unauthorised-persons/. Public catalog price was unavailable; unit_price is an estimated average for similar products in this category.,RM,21.61,10,pack,active,2026-06-15T13:25:21.657742+00:00,2026-06-15T13:25:21.657742+00:00
SWP-45448989,SW-MULTI-MESSAGE-SIGN-LANDS-17020-247,QUICKSIGN Multi Message Sign – MMS005 Safety helmets & safety boots must be worn in this site all the time,Multi Message Sign Landscape,Safetyware catalog item from category 'Multi Message Sign Landscape'. Source: https://safetyware.com/product/quicksign-multi-message-sign-mms005-safety-helmets-safety-boots-must-be-worn-in-this-site-all-the-time/. Public catalog price was unavailable; unit_price is an estimated average for similar products in this category.,RM,22.98,233,pair,active,2026-06-15T13:25:21.657742+00:00,2026-06-15T13:25:21.657742+00:00
SWP-34812352,SW-MULTI-MESSAGE-SIGN-LANDS-17033-324,QUICKSIGN Multi Message Sign – MMS006 Health & Safety at Work Act 514,Multi Message Sign Landscape,Safetyware catalog item from category 'Multi Message Sign Landscape'. Source: https://safetyware.com/product/quicksign-multi-message-sign-mms006-health-safety-at-work-act-514/. Public catalog price was unavailable; unit_price is an estimated average for similar products in this category.,RM,38.06,471,pack,active,2026-06-15T13:25:21.657742+00:00,2026-06-15T13:25:21.657742+00:00
SWP-90027183,SW-MULTI-MESSAGE-SIGN-LANDS-17046-540,QUICKSIGN Multi Message Sign – MMS007 Site Safety,Multi Message Sign Landscape,Safetyware catalog item from category 'Multi Message Sign Landscape'. Source: https://safetyware.com/product/quicksign-multi-message-sign-mms007-site-safety/. Public catalog price was unavailable; unit_price is an estimated average for similar products in this category.,RM,37.91,454,pack,active,2026-06-15T13:25:21.657742+00:00,2026-06-15T13:25:21.657742+00:00
SWP-62558728,SW-MULTI-MESSAGE-SIGN-LANDS-17059-627,QUICKSIGN Multi Message Sign – MMS008 High risk task is in progress,Multi Message Sign Landscape,Safetyware catalog item from category 'Multi Message Sign Landscape'. Source: https://safetyware.com/product/quicksign-multi-message-sign-mms008-high-risk-task-is-in-progress/. Public catalog price was unavailable; unit_price is an estimated average for similar products in this category.,RM,20.12,393,pack,active,2026-06-15T13:25:21.657742+00:00,2026-06-15T13:25:21.657742+00:00
SWP-32711726,SW-MULTI-MESSAGE-SIGN-LANDS-17072-295,QUICKSIGN Multi Message Sign – MMS009 Warning Laser / Infrared / UV radiation,Multi Message Sign Landscape,Safetyware catalog item from category 'Multi Message Sign Landscape'. Source: https://safetyware.com/product/quicksign-multi-message-sign-mms009-warning-laser-infrared-uv-radiation/. Public catalog price was unavailable; unit_price is an estimated average for similar products in this category.,RM,25.02,361,pack,active,2026-06-15T13:25:21.657742+00:00,2026-06-15T13:25:21.657742+00:00
SWP-97276623,SW-MULTI-MESSAGE-SIGN-LANDS-17085-229,"QUICKSIGN Multi Message Sign – MMS010 Live test in progress, Keep away",Multi Message Sign Landscape,Safetyware catalog item from category 'Multi Message Sign Landscape'. Source: https://safetyware.com/product/quicksign-multi-message-sign-mms010-live-test-in-progress-keep-away/. Public catalog price was unavailable; unit_price is an estimated average for similar products in this category.,RM,31.23,264,pack,active,2026-06-15T13:25:21.657742+00:00,2026-06-15T13:25:21.657742+00:00
SWP-51142961,SW-OCCUPATIONAL-HEALTH-AND--31027-963,Advanced Ergonomics Assessment,Occupational Health And Safety Assessments,Safetyware catalog item from category 'Occupational Health And Safety Assessments'. Source: https://safetyware.com/product/advanced-ergonomics-assessment-for-enhancing-workplace-safety/. Public catalog price was unavailable; unit_price is an estimated average for similar products in this category.,RM,353.28,237,service,active,2026-06-15T13:25:21.657742+00:00,2026-06-15T13:25:21.657742+00:00
SWP-18392169,SW-OCCUPATIONAL-HEALTH-AND--28907-869,"HIRARC (Hazard Identification, Risk Assessment, and Risk Control) Assessment",Occupational Health And Safety Assessments,Safetyware catalog item from category 'Occupational Health And Safety Assessments'. Source: https://safetyware.com/product/hirarc-hazard-identification-risk-assessment-and-risk-control-assessment/. Public catalog price was unavailable; unit_price is an estimated average for similar products in this category.,RM,1872.13,104,service,active,2026-06-15T13:25:21.657742+00:00,2026-06-15T13:25:21.657742+00:00
SWP-88185437,SW-OCCUPATIONAL-HEALTH-AND--30545-955,Initial Ergonomic Assessment,Occupational Health And Safety Assessments,Safetyware catalog item from category 'Occupational Health And Safety Assessments'. Source: https://safetyware.com/product/initial-ergonomic-assessment/. Public catalog price was unavailable; unit_price is an estimated average for similar products in this category.,RM,2354.25,227,service,active,2026-06-15T13:25:21.657742+00:00,2026-06-15T13:25:21.657742+00:00
SWP-52847563,SW-OCCUPATIONAL-HEALTH-AND--28742-581,NRA (Noise Risk Assessment) Assessment,Occupational Health And Safety Assessments,Safetyware catalog item from category 'Occupational Health And Safety Assessments'. Source: https://safetyware.com/product/workplace-noise-risk-assessment-nra/. Public catalog price was unavailable; unit_price is an estimated average for similar products in this category.,RM,2290.03,76,service,active,2026-06-15T13:25:21.657742+00:00,2026-06-15T13:25:21.657742+00:00
SWP-98512270,SW-OCCUPATIONAL-HEALTH-AND--30543-791,WAH (Working at Height) Safety Assessment,Occupational Health And Safety Assessments,Safetyware catalog item from category 'Occupational Health And Safety Assessments'. Source: https://safetyware.com/product/wah-working-at-height-safety-assessment/. Public catalog price was unavailable; unit_price is an estimated average for similar products in this category.,RM,1034.95,338,service,active,2026-06-15T13:25:21.657742+00:00,2026-06-15T13:25:21.657742+00:00
SWP-62866569,SW-OFFICE-AND-BUSINESS-SIGN-21997-160,Standard Business Signboard without Lighting,Office And Business Signs,Safetyware catalog item from category 'Office And Business Signs'. Source: https://safetyware.com/product/standard-business-signboard-without-lighting/. Public catalog price was unavailable; unit_price is an estimated average for similar products in this category.,RM,30.74,209,pack,active,2026-06-15T13:25:21.657742+00:00,2026-06-15T13:25:21.657742+00:00
SWP-98088332,SW-OFFICE-SIGNS-35836-825,QUICKSIGN Office Sign – OS001 Male & Female Toilet Sign (Spray Printing),Office Signs,Safetyware catalog item from category 'Office Signs'. Source: https://safetyware.com/product/quicksign-office-sign-os001-male-female-toilet-sign-spray-printing/. Public catalog price was unavailable; unit_price is an estimated average for similar products in this category.,RM,32.35,220,pack,active,2026-06-15T13:25:21.657742+00:00,2026-06-15T13:25:21.657742+00:00
SWP-79646838,SW-OIL-ONLY-SORBENTS-21019-253,SAFETYWARE SOROIL-PADS Oil-Only Sorbent Pads,Oil Only Sorbents,Safetyware catalog item from category 'Oil Only Sorbents'. Source: https://safetyware.com/product/safetyware-soroil-pads-oil-only-sorbent-pads/. Public catalog price was unavailable; unit_price is an estimated average for similar products in this category.,RM,370.39,255,pair,active,2026-06-15T13:25:21.657742+00:00,2026-06-15T13:25:21.657742+00:00
SWP-26353007,SW-OIL-ONLY-SORBENTS-21020-221,SAFETYWARE SOROIL-PILLOWS Oil-Only Sorbent Pillows,Oil Only Sorbents,Safetyware catalog item from category 'Oil Only Sorbents'. Source: https://safetyware.com/product/safetyware-soroil-pillows-oil-only-sorbent-pillows/. Public catalog price was unavailable; unit_price is an estimated average for similar products in this category.,RM,486.78,158,unit,active,2026-06-15T13:25:21.657742+00:00,2026-06-15T13:25:21.657742+00:00
SWP-42447375,SW-OIL-ONLY-SORBENTS-21005-153,SAFETYWARE SOROIL-ROLLS Oil-Only Sorbent Rolls,Oil Only Sorbents,Safetyware catalog item from category 'Oil Only Sorbents'. Source: https://safetyware.com/product/safetyware-soroil-rolls-oil-only-sorbent-rolls/. Public catalog price was unavailable; unit_price is an estimated average for similar products in this category.,RM,387.66,297,unit,active,2026-06-15T13:25:21.657742+00:00,2026-06-15T13:25:21.657742+00:00
SWP-60818936,SW-OIL-ONLY-SORBENTS-59170-352,SAFETYWARE SOROIL-SOCKS Oil-Only Sorbent Socks,Oil Only Sorbents,Safetyware catalog item from category 'Oil Only Sorbents'. Source: https://safetyware.com/product/safetyware-soroil-booms-oil-only-sorbent-socks/. Public catalog price was unavailable; unit_price is an estimated average for similar products in this category.,RM,219.94,110,pair,active,2026-06-15T13:25:21.657742+00:00,2026-06-15T13:25:21.657742+00:00
SWP-12133903,SW-OIL-ONLY-SORBENTS-21022-926,SAFETYWARE SOROIL-BOOMS Oil-Only Sorbent Booms,Oil Only Sorbents,Safetyware catalog item from category 'Oil Only Sorbents'. Source: https://safetyware.com/product/safetyware-soroil-booms-oil-only-sorbent-booms/. Public catalog price was unavailable; unit_price is an estimated average for similar products in this category.,RM,485.32,328,unit,active,2026-06-15T13:25:21.657742+00:00,2026-06-15T13:25:21.657742+00:00
SWP-72289630,SW-OIL-ONLY-SPILL-KITS-20996-866,SAFETYWARE SORKIT-O-15L Oil-Only Sorbent Spill Kit (15 Liters),Oil Only Spill Kits,Safetyware catalog item from category 'Oil Only Spill Kits'. Source: https://safetyware.com/product/safetyware-sorhaz-socks-chemical-sorbent-socks/. Public catalog price was unavailable; unit_price is an estimated average for similar products in this category.,RM,475.39,129,unit,active,2026-06-15T13:25:21.657742+00:00,2026-06-15T13:25:21.657742+00:00
SWP-43977681,SW-OIL-ONLY-SPILL-KITS-21052-248,SAFETYWARE SORKIT-O-30L Oil-Only Sorbent Spill Kit (30 Liters),Oil Only Spill Kits,Safetyware catalog item from category 'Oil Only Spill Kits'. Source: https://safetyware.com/product/safetyware-sorkit-o-30l-oil-only-sorbent-spill-kit-30-liters/. Public catalog price was unavailable; unit_price is an estimated average for similar products in this category.,RM,187.78,87,unit,active,2026-06-15T13:25:21.657742+00:00,2026-06-15T13:25:21.657742+00:00
SWP-53966401,SW-OIL-ONLY-SPILL-KITS-21085-328,SAFETYWARE SORKIT-O-50L Oil-Only Sorbent Spill Kit (50 Liters),Oil Only Spill Kits,Safetyware catalog item from category 'Oil Only Spill Kits'. Source: https://safetyware.com/product/safetyware-sorkit-o-50l-oil-only-sorbent-spill-kit-50-liters/. Public catalog price was unavailable; unit_price is an estimated average for similar products in this category.,RM,386.09,20,unit,active,2026-06-15T13:25:21.657742+00:00,2026-06-15T13:25:21.657742+00:00
SWP-58571201,SW-OIL-ONLY-SPILL-KITS-21037-645,SAFETYWARE SORKIT-O-120L Oil-Only Sorbent Spill Kit (120 Liters),Oil Only Spill Kits,Safetyware catalog item from category 'Oil Only Spill Kits'. Source: https://safetyware.com/product/safetyware-sorkit-c-120l-chemical-sorbent-spill-kit-120-liters/. Public catalog price was unavailable; unit_price is an estimated average for similar products in this category.,RM,124.83,45,unit,active,2026-06-15T13:25:21.657742+00:00,2026-06-15T13:25:21.657742+00:00
SWP-23929138,SW-OIL-ONLY-SPILL-KITS-21090-606,SAFETYWARE SORKIT-O-240L Oil-Only Sorbent Spill Kit (240 Liters),Oil Only Spill Kits,Safetyware catalog item from category 'Oil Only Spill Kits'. Source: https://safetyware.com/product/safetyware-sorkit-o-240l-oil-only-sorbent-spill-kit-240-liters/. Public catalog price was unavailable; unit_price is an estimated average for similar products in this category.,RM,278.62,485,unit,active,2026-06-15T13:25:21.657742+00:00,2026-06-15T13:25:21.657742+00:00
SWP-85742270,SW-OIL-ONLY-SPILL-KITS-21092-994,SAFETYWARE SORKIT-O-660L Oil-Only Sorbent Spill Kit (660 Liters),Oil Only Spill Kits,Safetyware catalog item from category 'Oil Only Spill Kits'. Source: https://safetyware.com/product/safetyware-sorkit-o-660l-oil-only-sorbent-spill-kit-660-liters/. Public catalog price was unavailable; unit_price is an estimated average for similar products in this category.,RM,383.27,399,unit,active,2026-06-15T13:25:21.657742+00:00,2026-06-15T13:25:21.657742+00:00
SWP-70731854,SW-OIL-ONLY-SPILL-KITS-21096-441,"SAFETYWARE SORKIT-O-1100L Oil-Only Sorbent Spill Kit (1,100 Liters)",Oil Only Spill Kits,Safetyware catalog item from category 'Oil Only Spill Kits'. Source: https://safetyware.com/product/safetyware-sorkit-o-1100l-oil-only-sorbent-spill-kit-1100-liters/. Public catalog price was unavailable; unit_price is an estimated average for similar products in this category.,RM,217.33,8,unit,active,2026-06-15T13:25:21.657742+00:00,2026-06-15T13:25:21.657742+00:00
SWP-92010602,SW-OPEN-PATH-GAS-DETECTORS-21907-572,SAFETYWARE Open Path Laser Gas Detector,Open Path Gas Detectors,Safetyware catalog item from category 'Open Path Gas Detectors'. Source: https://safetyware.com/product/safetyware-open-path-laser-gas-detector/. Public catalog price was unavailable; unit_price is an estimated average for similar products in this category.,RM,1948.04,113,unit,active,2026-06-15T13:25:21.657742+00:00,2026-06-15T13:25:21.657742+00:00
SWP-21068312,SW-OSH-CERTIFICATION-TRAINI-18808-948,Occupational Safety and Health Coordinator (3 Days),Osh Certification Training,Safetyware catalog item from category 'Osh Certification Training'. Source: https://safetyware.com/product/occupational-safety-and-health-coordinator-3-days-training/. Public catalog price was unavailable; unit_price is an estimated average for similar products in this category.,RM,407.10,444,service,active,2026-06-15T13:25:21.657742+00:00,2026-06-15T13:25:21.657742+00:00
SWP-43183641,SW-PROTECTIVE-OVERBOOTS-OVE-13492-981,TIGER GRIP EASY GRIP Anti-slip Overshoe,Protective Overboots Overshoes,Safetyware catalog item from category 'Protective Overboots Overshoes'. Source: https://safetyware.com/product/tiger-grip-easy-grip-anti-slip-overshoe/. Public catalog price was unavailable; unit_price is an estimated average for similar products in this category.,RM,272.46,225,pair,active,2026-06-15T13:25:21.657742+00:00,2026-06-15T13:25:21.657742+00:00
SWP-65694208,SW-PROTECTIVE-OVERBOOTS-OVE-13497-418,TIGER GRIP EASY MAX Anti-slip Overshoe,Protective Overboots Overshoes,Safetyware catalog item from category 'Protective Overboots Overshoes'. Source: https://safetyware.com/product/tiger-grip-easy-max-anti-slip-overshoe-for-safety-oversized-shoes/. Public catalog price was unavailable; unit_price is an estimated average for similar products in this category.,RM,205.68,191,pair,active,2026-06-15T13:25:21.657742+00:00,2026-06-15T13:25:21.657742+00:00
SWP-49828274,SW-PROTECTIVE-OVERBOOTS-OVE-13511-661,TIGER GRIP TOTAL PROTECT PLUS Anti-slip Overshoe,Protective Overboots Overshoes,Safetyware catalog item from category 'Protective Overboots Overshoes'. Source: https://safetyware.com/product/tiger-grip-total-protect-plus-anti-slip-overshoe-2/. Public catalog price was unavailable; unit_price is an estimated average for similar products in this category.,RM,179.33,20,pair,active,2026-06-15T13:25:21.657742+00:00,2026-06-15T13:25:21.657742+00:00
SWP-12971848,SW-PROTECTIVE-OVERBOOTS-OVE-13504-898,TIGER GRIP VISITOR Anti-slip Safety Cap Overshoe,Protective Overboots Overshoes,Safetyware catalog item from category 'Protective Overboots Overshoes'. Source: https://safetyware.com/product/tiger-grip-total-protect-plus-anti-slip-overshoe/. Public catalog price was unavailable; unit_price is an estimated average for similar products in this category.,RM,249.17,63,pair,active,2026-06-15T13:25:21.657742+00:00,2026-06-15T13:25:21.657742+00:00
SWP-36651603,SW-PROTECTIVE-OVERBOOTS-OVE-13517-465,TIGER GRIP VISITOR INTEGRAL Anti-slip Overshoe,Protective Overboots Overshoes,Safetyware catalog item from category 'Protective Overboots Overshoes'. Source: https://safetyware.com/product/tiger-grip-visitor-integral-anti-slip-overshoe/. Public catalog price was unavailable; unit_price is an estimated average for similar products in this category.,RM,86.05,157,pair,active,2026-06-15T13:25:21.657742+00:00,2026-06-15T13:25:21.657742+00:00
SWP-68682439,SW-PROTECTIVE-OVERBOOTS-OVE-13402-269,RESPIREX WORKMASTER Class 1 Dielectric Maxi Overboots,Protective Overboots Overshoes,Safetyware catalog item from category 'Protective Overboots Overshoes'. Source: https://safetyware.com/product/respirex-workmaster-class-1-dielectric-maxi-overboots/. Public catalog price was unavailable; unit_price is an estimated average for similar products in this category.,RM,268.77,365,pair,active,2026-06-15T13:25:21.657742+00:00,2026-06-15T13:25:21.657742+00:00
SWP-51743667,SW-PROTECTIVE-OVERBOOTS-OVE-13383-255,RESPIREX WORKMASTER Class 2 Dielectric Compact Overboots,Protective Overboots Overshoes,Safetyware catalog item from category 'Protective Overboots Overshoes'. Source: https://safetyware.com/product/respirex-workmaster-class-2-dielectric-compact-overboot/. Public catalog price was unavailable; unit_price is an estimated average for similar products in this category.,RM,157.26,29,pair,active,2026-06-15T13:25:21.657742+00:00,2026-06-15T13:25:21.657742+00:00
SWP-76642176,SW-PROTECTIVE-OVERBOOTS-OVE-13388-397,RESPIREX WORKMASTER Dielectric HV3 Maxi Overboots,Protective Overboots Overshoes,Safetyware catalog item from category 'Protective Overboots Overshoes'. Source: https://safetyware.com/product/respirex-workmaster-dielectric-hv3-maxi-overboots/. Public catalog price was unavailable; unit_price is an estimated average for similar products in this category.,RM,249.91,326,pair,active,2026-06-15T13:25:21.657742+00:00,2026-06-15T13:25:21.657742+00:00
SWP-71622383,SW-PROTECTIVE-OVERBOOTS-OVE-13379-146,RESPIREX WORKMASTER Hazmax Compact Chemical Overboots,Protective Overboots Overshoes,Safetyware catalog item from category 'Protective Overboots Overshoes'. Source: https://safetyware.com/product/respirex-workmaster-hazmax-compact-chemical-overboots/. Public catalog price was unavailable; unit_price is an estimated average for similar products in this category.,RM,115.73,492,pair,active,2026-06-15T13:25:21.657742+00:00,2026-06-15T13:25:21.657742+00:00
SWP-43976579,SW-PROTECTIVE-OVERBOOTS-OVE-13490-185,SAFETYWARE ULTITEC 4000 Boot Cover with Anti-slip Sole,Protective Overboots Overshoes,Safetyware catalog item from category 'Protective Overboots Overshoes'. Source: https://safetyware.com/product/safetyware-ultitec-4000-boot-cover-with-anti-slip-sole/. Public catalog price was unavailable; unit_price is an estimated average for similar products in this category.,RM,257.55,217,pair,active,2026-06-15T13:25:21.657742+00:00,2026-06-15T13:25:21.657742+00:00
SWP-23923108,SW-PARKING-SIGN-25642-160,QUICKSIGN Parking Sign – PK001 No Parking,Parking Sign,Safetyware catalog item from category 'Parking Sign'. Source: https://safetyware.com/product/quicksign-parking-sign-pk001-no-parking/. Public catalog price was unavailable; unit_price is an estimated average for similar products in this category.,RM,18.02,357,pack,active,2026-06-15T13:25:21.657742+00:00,2026-06-15T13:25:21.657742+00:00
SWP-40607223,SW-PARKING-SIGN-26473-645,QUICKSIGN Parking Sign – PK002 REVERSE PARKING ZONE,Parking Sign,Safetyware catalog item from category 'Parking Sign'. Source: https://safetyware.com/product/quicksign-parking-sign-pk002-reverse-parking-zone/. Public catalog price was unavailable; unit_price is an estimated average for similar products in this category.,RM,23.58,138,pack,active,2026-06-15T13:25:21.657742+00:00,2026-06-15T13:25:21.657742+00:00
SWP-63175485,SW-PARKING-SIGN-26494-573,QUICKSIGN Parking Sign – PK003 Vehicles Only,Parking Sign,Safetyware catalog item from category 'Parking Sign'. Source: https://safetyware.com/product/quicksign-parking-sign-pk003-vehicles-only/. Public catalog price was unavailable; unit_price is an estimated average for similar products in this category.,RM,25.34,465,pack,active,2026-06-15T13:25:21.657742+00:00,2026-06-15T13:25:21.657742+00:00
SWP-91738977,SW-PARKING-SIGN-26515-296,QUICKSIGN Parking Sign – PK004 SMALL CAR ONLY,Parking Sign,Safetyware catalog item from category 'Parking Sign'. Source: https://safetyware.com/product/quicksign-parking-sign-pk004-small-car-only/. Public catalog price was unavailable; unit_price is an estimated average for similar products in this category.,RM,25.77,204,pack,active,2026-06-15T13:25:21.657742+00:00,2026-06-15T13:25:21.657742+00:00
SWP-16700412,SW-PARKING-SIGN-26536-749,QUICKSIGN Parking Sign – PK005 PARKING ONLY,Parking Sign,Safetyware catalog item from category 'Parking Sign'. Source: https://safetyware.com/product/quicksign-parking-sign-pk005-parking-only/. Public catalog price was unavailable; unit_price is an estimated average for similar products in this category.,RM,35.59,406,pack,active,2026-06-15T13:25:21.657742+00:00,2026-06-15T13:25:21.657742+00:00
SWP-12027703,SW-PARKING-SIGN-26557-138,QUICKSIGN Parking Sign – PK006 STOP PARKING LOT IS FULL,Parking Sign,Safetyware catalog item from category 'Parking Sign'. Source: https://safetyware.com/product/quicksign-parking-sign-pk006-stop-parking-lot-is-full/. Public catalog price was unavailable; unit_price is an estimated average for similar products in this category.,RM,22.84,61,pack,active,2026-06-15T13:25:21.657742+00:00,2026-06-15T13:25:21.657742+00:00
SWP-41234339,SW-PARKING-SIGN-26578-321,QUICKSIGN Parking Sign – PK007 NO PARKING,Parking Sign,Safetyware catalog item from category 'Parking Sign'. Source: https://safetyware.com/product/quicksign-parking-sign-pk007-no-parking/. Public catalog price was unavailable; unit_price is an estimated average for similar products in this category.,RM,13.62,228,pack,active,2026-06-15T13:25:21.657742+00:00,2026-06-15T13:25:21.657742+00:00
SWP-72293210,SW-PARKING-SIGN-26599-503,QUICKSIGN Parking Sign – PK008 NO PARKING Dilarang Meletak Kenderaan Disini,Parking Sign,Safetyware catalog item from category 'Parking Sign'. Source: https://safetyware.com/product/quicksign-parking-sign-pk008-no-parking-dilarang-meletak-kenderaan-disini/. Public catalog price was unavailable; unit_price is an estimated average for similar products in this category.,RM,29.50,340,pack,active,2026-06-15T13:25:21.657742+00:00,2026-06-15T13:25:21.657742+00:00
SWP-76598176,SW-PARKING-SIGN-26620-148,QUICKSIGN Parking Sign – PK009 Reverse parking only,Parking Sign,Safetyware catalog item from category 'Parking Sign'. Source: https://safetyware.com/product/quicksign-parking-sign-pk009-reverse-parking-only/. Public catalog price was unavailable; unit_price is an estimated average for similar products in this category.,RM,35.68,45,pack,active,2026-06-15T13:25:21.657742+00:00,2026-06-15T13:25:21.657742+00:00
SWP-28338368,SW-PARKING-SIGN-26641-225,"QUICKSIGN Parking Sign – PK010 DILARANG MELETAK KENDERAAN , NO PARKING",Parking Sign,Safetyware catalog item from category 'Parking Sign'. Source: https://safetyware.com/product/quicksign-parking-sign-pk010-dilarang-meletak-kenderaan-no-parking/. Public catalog price was unavailable; unit_price is an estimated average for similar products in this category.,RM,52.79,133,pack,active,2026-06-15T13:25:21.657742+00:00,2026-06-15T13:25:21.657742+00:00
SWP-77936419,SW-PARTICULATE-RESPIRATORS-2085-342,SAFETYWARE 4802 Particulate Respirator,Particulate Respirators,Safetyware catalog item from category 'Particulate Respirators'. Source: https://safetyware.com/product/safetyware-4802-particulate-respirator/. Public catalog price was unavailable; unit_price is an estimated average for similar products in this category.,RM,64.56,157,unit,active,2026-06-15T13:25:21.657742+00:00,2026-06-15T13:25:21.657742+00:00
SWP-84232846,SW-PARTICULATE-RESPIRATORS-2086-796,SAFETYWARE 4802V Particulate Respirator,Particulate Respirators,Safetyware catalog item from category 'Particulate Respirators'. Source: https://safetyware.com/product/safetyware-4802v-particulate-respirator/. Public catalog price was unavailable; unit_price is an estimated average for similar products in this category.,RM,109.93,69,unit,active,2026-06-15T13:25:21.657742+00:00,2026-06-15T13:25:21.657742+00:00
SWP-31869376,SW-PARTICULATE-RESPIRATORS-2087-392,SAFETYWARE 4802AV Particulate Respirator,Particulate Respirators,Safetyware catalog item from category 'Particulate Respirators'. Source: https://safetyware.com/product/safetyware-4802av-particulate-respirator/. Public catalog price was unavailable; unit_price is an estimated average for similar products in this category.,RM,25.40,440,unit,active,2026-06-15T13:25:21.657742+00:00,2026-06-15T13:25:21.657742+00:00
SWP-71968813,SW-PARTICULATE-RESPIRATORS-2088-416,SAFETYWARE 8200 Particulate Respirator,Particulate Respirators,Safetyware catalog item from category 'Particulate Respirators'. Source: https://safetyware.com/product/safetyware-8200-particulate-respirator/. Public catalog price was unavailable; unit_price is an estimated average for similar products in this category.,RM,59.44,383,unit,active,2026-06-15T13:25:21.657742+00:00,2026-06-15T13:25:21.657742+00:00
SWP-60830674,SW-PARTICULATE-RESPIRATORS-2089-939,SAFETYWARE 8200V Particulate Respirator,Particulate Respirators,Safetyware catalog item from category 'Particulate Respirators'. Source: https://safetyware.com/product/safetyware-8200v-particulate-respirator/. Public catalog price was unavailable; unit_price is an estimated average for similar products in this category.,RM,36.67,438,unit,active,2026-06-15T13:25:21.657742+00:00,2026-06-15T13:25:21.657742+00:00
SWP-81675399,SW-PARTICULATE-RESPIRATORS-2090-871,SAFETYWARE 8200AV Particulate Respirator,Particulate Respirators,Safetyware catalog item from category 'Particulate Respirators'. Source: https://safetyware.com/product/safetyware-8200av-particulate-respirator/. Public catalog price was unavailable; unit_price is an estimated average for similar products in this category.,RM,105.94,292,unit,active,2026-06-15T13:25:21.657742+00:00,2026-06-15T13:25:21.657742+00:00
SWP-52933194,SW-PARTICULATE-RESPIRATORS-2091-826,3M 8210 Particulate Respirator,Particulate Respirators,Safetyware catalog item from category 'Particulate Respirators'. Source: https://safetyware.com/product/3m-8210-particulate-respirator/. Public catalog price was unavailable; unit_price is an estimated average for similar products in this category.,RM,30.63,204,unit,active,2026-06-15T13:25:21.657742+00:00,2026-06-15T13:25:21.657742+00:00
SWP-12123469,SW-PERSONAL-AND-DECORATIVE-12612-783,Canvas Print,Personal And Decorative,Safetyware catalog item from category 'Personal And Decorative'. Source: https://safetyware.com/product/canvas-print/. Public catalog price was unavailable; unit_price is an estimated average for similar products in this category.,RM,206.70,355,unit,active,2026-06-15T13:25:21.657742+00:00,2026-06-15T13:25:21.657742+00:00
SWP-66429133,SW-PERSONAL-AND-DECORATIVE-12613-793,Greeting Cards,Personal And Decorative,Safetyware catalog item from category 'Personal And Decorative'. Source: https://safetyware.com/product/greeting-cards/. Public catalog price was unavailable; unit_price is an estimated average for similar products in this category.,RM,419.34,184,unit,active,2026-06-15T13:25:21.657742+00:00,2026-06-15T13:25:21.657742+00:00
SWP-60076602,SW-PERSONAL-AND-DECORATIVE-12614-683,Postcards,Personal And Decorative,Safetyware catalog item from category 'Personal And Decorative'. Source: https://safetyware.com/product/postcards/. Public catalog price was unavailable; unit_price is an estimated average for similar products in this category.,RM,65.52,69,unit,active,2026-06-15T13:25:21.657742+00:00,2026-06-15T13:25:21.657742+00:00
SWP-78415999,SW-PERSONAL-AND-DECORATIVE-12615-517,Vehicle Wrapping,Personal And Decorative,Safetyware catalog item from category 'Personal And Decorative'. Source: https://safetyware.com/product/vehicle-wrapping/. Public catalog price was unavailable; unit_price is an estimated average for similar products in this category.,RM,121.25,181,unit,active,2026-06-15T13:25:21.657742+00:00,2026-06-15T13:25:21.657742+00:00
SWP-34589768,SW-PERSONAL-AND-DECORATIVE-12616-913,Wall Stickers,Personal And Decorative,Safetyware catalog item from category 'Personal And Decorative'. Source: https://safetyware.com/product/wall-stickers/. Public catalog price was unavailable; unit_price is an estimated average for similar products in this category.,RM,89.90,14,unit,active,2026-06-15T13:25:21.657742+00:00,2026-06-15T13:25:21.657742+00:00
SWP-81073608,SW-PHOTOLUMINESCENT-SIGN-LA-70823-703,QUICKSIGN Prohibition Sign – PD060 No dogs,Photoluminescent Sign Landscape,Safetyware catalog item from category 'Photoluminescent Sign Landscape'. Source: https://safetyware.com/product/quicksign-prohibition-sign-pd060-no-dogs/. Public catalog price was unavailable; unit_price is an estimated average for similar products in this category.,RM,33.39,397,pack,active,2026-06-15T13:25:21.657742+00:00,2026-06-15T13:25:21.657742+00:00
SWP-46675147,SW-PHOTOLUMINESCENT-SIGN-PO-18824-587,QUICKSIGN Photoluminescent Sign – PLS001 Arrow Up,Photoluminescent Sign Portrait,Safetyware catalog item from category 'Photoluminescent Sign Portrait'. Source: https://safetyware.com/product/quicksign-photoluminescent-sign-pls001-arrow-up/. Public catalog price was unavailable; unit_price is an estimated average for similar products in this category.,RM,21.13,150,pack,active,2026-06-15T13:25:21.657742+00:00,2026-06-15T13:25:21.657742+00:00
SWP-61700508,SW-PHOTOLUMINESCENT-SIGN-PO-18845-383,QUICKSIGN Photoluminescent Sign – PLS002 Arrow Down,Photoluminescent Sign Portrait,Safetyware catalog item from category 'Photoluminescent Sign Portrait'. Source: https://safetyware.com/product/quicksign-photoluminescent-sign-pls002-arrow-down/. Public catalog price was unavailable; unit_price is an estimated average for similar products in this category.,RM,51.59,194,pack,active,2026-06-15T13:25:21.657742+00:00,2026-06-15T13:25:21.657742+00:00
SWP-53470984,SW-PHOTOLUMINESCENT-SIGN-PO-18866-820,QUICKSIGN Photoluminescent Sign – PLS003 Arrow Left,Photoluminescent Sign Portrait,Safetyware catalog item from category 'Photoluminescent Sign Portrait'. Source: https://safetyware.com/product/quicksign-photoluminescent-sign-pls003-arrow-left/. Public catalog price was unavailable; unit_price is an estimated average for similar products in this category.,RM,17.73,102,pack,active,2026-06-15T13:25:21.657742+00:00,2026-06-15T13:25:21.657742+00:00
SWP-17057250,SW-PHOTOLUMINESCENT-SIGN-PO-18887-201,QUICKSIGN Photoluminescent Sign – PLS004 Arrow Right,Photoluminescent Sign Portrait,Safetyware catalog item from category 'Photoluminescent Sign Portrait'. Source: https://safetyware.com/product/quicksign-photoluminescent-sign-pls004-arrow-right/. Public catalog price was unavailable; unit_price is an estimated average for similar products in this category.,RM,25.98,261,pack,active,2026-06-15T13:25:21.657742+00:00,2026-06-15T13:25:21.657742+00:00
SWP-66664060,SW-PHOTOLUMINESCENT-SIGN-PO-18908-223,QUICKSIGN Photoluminescent Sign – PLS005 Arrow Up Left,Photoluminescent Sign Portrait,Safetyware catalog item from category 'Photoluminescent Sign Portrait'. Source: https://safetyware.com/product/quicksign-photoluminescent-sign-pls005-arrow-up-left/. Public catalog price was unavailable; unit_price is an estimated average for similar products in this category.,RM,22.85,408,pack,active,2026-06-15T13:25:21.657742+00:00,2026-06-15T13:25:21.657742+00:00
SWP-38572678,SW-PHOTOLUMINESCENT-SIGN-PO-18929-937,QUICKSIGN Photoluminescent Sign – PLS006 Arrow Up Right,Photoluminescent Sign Portrait,Safetyware catalog item from category 'Photoluminescent Sign Portrait'. Source: https://safetyware.com/product/quicksign-photoluminescent-sign-pls006-arrow-up-right/. Public catalog price was unavailable; unit_price is an estimated average for similar products in this category.,RM,43.72,471,pack,active,2026-06-15T13:25:21.657742+00:00,2026-06-15T13:25:21.657742+00:00
SWP-98260634,SW-PHOTOLUMINESCENT-SIGN-PO-18950-339,QUICKSIGN Photoluminescent Sign – PLS007 Arrow Left Down,Photoluminescent Sign Portrait,Safetyware catalog item from category 'Photoluminescent Sign Portrait'. Source: https://safetyware.com/product/quicksign-photoluminescent-sign-pls007-arrow-left-down/. Public catalog price was unavailable; unit_price is an estimated average for similar products in this category.,RM,27.76,174,pack,active,2026-06-15T13:25:21.657742+00:00,2026-06-15T13:25:21.657742+00:00
SWP-61150584,SW-PHOTOLUMINESCENT-SIGN-PO-18971-631,QUICKSIGN Photoluminescent Sign – PLS008 Arrow Right Down,Photoluminescent Sign Portrait,Safetyware catalog item from category 'Photoluminescent Sign Portrait'. Source: https://safetyware.com/product/quicksign-photoluminescent-sign-pls008-arrow-right-down/. Public catalog price was unavailable; unit_price is an estimated average for similar products in this category.,RM,52.77,486,pack,active,2026-06-15T13:25:21.657742+00:00,2026-06-15T13:25:21.657742+00:00
SWP-86016114,SW-PHOTOLUMINESCENT-SIGN-PO-18992-255,QUICKSIGN Photoluminescent Sign – PLS009 Use Stairs in the Event of a Fire – Arrow Down,Photoluminescent Sign Portrait,Safetyware catalog item from category 'Photoluminescent Sign Portrait'. Source: https://safetyware.com/product/quicksign-photoluminescent-sign-pls009-use-stairs-in-the-event-of-a-fire-arrow-down/. Public catalog price was unavailable; unit_price is an estimated average for similar products in this category.,RM,18.40,365,pack,active,2026-06-15T13:25:21.657742+00:00,2026-06-15T13:25:21.657742+00:00
SWP-73135354,SW-PHOTOLUMINESCENT-SIGN-PO-19013-505,QUICKSIGN Photoluminescent Sign – PLS010 Use Stairs in the Event of a Fire – Arrow Down,Photoluminescent Sign Portrait,Safetyware catalog item from category 'Photoluminescent Sign Portrait'. Source: https://safetyware.com/product/quicksign-photoluminescent-sign-pls010-use-stairs-in-the-event-of-a-fire-arrow-down/. Public catalog price was unavailable; unit_price is an estimated average for similar products in this category.,RM,21.85,155,pack,active,2026-06-15T13:25:21.657742+00:00,2026-06-15T13:25:21.657742+00:00
SWP-89697065,SW-PNEUMATIC-LOCKOUT-41497-711,SAFETYWARE Cylinder Tank Lockout,Pneumatic Lockout,Safetyware catalog item from category 'Pneumatic Lockout'. Source: https://safetyware.com/product/safetyware-cylinder-tank/. Public catalog price was unavailable; unit_price is an estimated average for similar products in this category.,RM,80.26,382,unit,active,2026-06-15T13:25:21.657742+00:00,2026-06-15T13:25:21.657742+00:00
SWP-50404252,SW-PNEUMATIC-LOCKOUT-27467-404,SAFETYWARE Pneumatic Quick-Disconnect Lockout,Pneumatic Lockout,Safetyware catalog item from category 'Pneumatic Lockout'. Source: https://safetyware.com/product/safetyware-pneumatic-quick-disconnect-lockout/. Public catalog price was unavailable; unit_price is an estimated average for similar products in this category.,RM,106.75,255,unit,active,2026-06-15T13:25:21.657742+00:00,2026-06-15T13:25:21.657742+00:00
SWP-69664964,SW-PNEUMATIC-LOCKOUT-30615-649,SAFETYWARE Stainless Steel Air Source Lockout,Pneumatic Lockout,Safetyware catalog item from category 'Pneumatic Lockout'. Source: https://safetyware.com/product/safetyware-stainless-steel-air-source-lockout/. Public catalog price was unavailable; unit_price is an estimated average for similar products in this category.,RM,113.94,167,unit,active,2026-06-15T13:25:21.657742+00:00,2026-06-15T13:25:21.657742+00:00
SWP-24937177,SW-PNEUMATIC-LOCKOUT-30617-836,SAFETYWARE Valve Rod Lockout,Pneumatic Lockout,Safetyware catalog item from category 'Pneumatic Lockout'. Source: https://safetyware.com/product/safetyware-valve-rod-lockout/. Public catalog price was unavailable; unit_price is an estimated average for similar products in this category.,RM,210.93,127,unit,active,2026-06-15T13:25:21.657742+00:00,2026-06-15T13:25:21.657742+00:00
SWP-55469058,SW-PORTABLE-EYE-WASH-18579-961,SAFETYWARE EPE08 Portable Emergency Eyewash,Portable Eye Wash,Safetyware catalog item from category 'Portable Eye Wash'. Source: https://safetyware.com/product/safetyware-portable-emergency-eyewash-9-gallons-34l/. Public catalog price was unavailable; unit_price is an estimated average for similar products in this category.,RM,312.42,328,unit,active,2026-06-15T13:25:21.657742+00:00,2026-06-15T13:25:21.657742+00:00
SWP-30672443,SW-PORTABLE-EYE-WASH-18580-173,SAFETYWARE EPE16 Portable Emergency Eyewash 16 Gallons (60.5L),Portable Eye Wash,Safetyware catalog item from category 'Portable Eye Wash'. Source: https://safetyware.com/product/safetyware-epe16-portable-emergency-eyewash-16-gallons-60-5l/. Public catalog price was unavailable; unit_price is an estimated average for similar products in this category.,RM,353.05,192,unit,active,2026-06-15T13:25:21.657742+00:00,2026-06-15T13:25:21.657742+00:00
SWP-33831609,SW-PORTABLE-EYE-WASH-18771-441,"SYSBEL WG6000AD Mobile Eye Wash Station with Waste Cart, 16 Gallons (60L)",Portable Eye Wash,Safetyware catalog item from category 'Portable Eye Wash'. Source: https://safetyware.com/product/sysbel-wg6000ad-mobile-eye-wash-station-with-waste-cart-16-gallons-60l/. Public catalog price was unavailable; unit_price is an estimated average for similar products in this category.,RM,282.83,86,unit,active,2026-06-15T13:25:21.657742+00:00,2026-06-15T13:25:21.657742+00:00
SWP-10996552,SW-PORTABLE-GAS-DETECTORS-15480-333,SAFETYWARE MicroSense GDP15 Portable Single Gas Detector,Portable Gas Detectors,Safetyware catalog item from category 'Portable Gas Detectors'. Source: https://safetyware.com/product/safetyware-microsense-gdp15-portable-2-year-maintenance-free-single-gas-detector/. Public catalog price was unavailable; unit_price is an estimated average for similar products in this category.,RM,900.39,159,unit,active,2026-06-15T13:25:21.657742+00:00,2026-06-15T13:25:21.657742+00:00
SWP-57221198,SW-PORTABLE-GAS-DETECTORS-15453-472,SAFETYWARE AlphaSense GDP10 Portable Single Gas Detector,Portable Gas Detectors,Safetyware catalog item from category 'Portable Gas Detectors'. Source: https://safetyware.com/product/safetyware-alphasense-gdp10-portable-single-gas-detector/. Public catalog price was unavailable; unit_price is an estimated average for similar products in this category.,RM,1449.87,48,unit,active,2026-06-15T13:25:21.657742+00:00,2026-06-15T13:25:21.657742+00:00
SWP-89554149,SW-PORTABLE-GAS-DETECTORS-15526-912,SAFETYWARE PrimeSense GDP40 Portable Multi-Gas Detector,Portable Gas Detectors,Safetyware catalog item from category 'Portable Gas Detectors'. Source: https://safetyware.com/product/safetyware-primesense-gdp40-portable-multi-gas-detector/. Public catalog price was unavailable; unit_price is an estimated average for similar products in this category.,RM,2919.11,490,unit,active,2026-06-15T13:25:21.657742+00:00,2026-06-15T13:25:21.657742+00:00
SWP-40310879,SW-PORTABLE-GAS-DETECTORS-15527-227,SAFETYWARE VersaSense GDP50 Portable Multi-Gas Detector,Portable Gas Detectors,Safetyware catalog item from category 'Portable Gas Detectors'. Source: https://safetyware.com/product/safetyware-versasense-gdp50-portable-multi-gas-detector/. Public catalog price was unavailable; unit_price is an estimated average for similar products in this category.,RM,2972.08,124,unit,active,2026-06-15T13:25:21.657742+00:00,2026-06-15T13:25:21.657742+00:00
SWP-92453802,SW-PORTABLE-GAS-DETECTORS-15528-164,SAFETYWARE VersaSense GDP60 Portable Multi-Gas Detector,Portable Gas Detectors,Safetyware catalog item from category 'Portable Gas Detectors'. Source: https://safetyware.com/product/safetyware-versasense-gdp60-portable-multi-gas-detector/. Public catalog price was unavailable; unit_price is an estimated average for similar products in this category.,RM,1629.04,88,unit,active,2026-06-15T13:25:21.657742+00:00,2026-06-15T13:25:21.657742+00:00
SWP-15400828,SW-PORTABLE-GAS-DETECTORS-20872-854,MSA ALTAIR Single-Gas Detector,Portable Gas Detectors,Safetyware catalog item from category 'Portable Gas Detectors'. Source: https://safetyware.com/product/msa-altair-single-gas-detector/. Public catalog price was unavailable; unit_price is an estimated average for similar products in this category.,RM,519.05,410,unit,active,2026-06-15T13:25:21.657742+00:00,2026-06-15T13:25:21.657742+00:00
SWP-43102857,SW-PORTABLE-GAS-DETECTORS-20873-307,MSA ALTAIR 4XR Multigas Detector,Portable Gas Detectors,Safetyware catalog item from category 'Portable Gas Detectors'. Source: https://safetyware.com/product/msa-altair-4xr-multigas-detector/. Public catalog price was unavailable; unit_price is an estimated average for similar products in this category.,RM,3443.84,410,unit,active,2026-06-15T13:25:21.657742+00:00,2026-06-15T13:25:21.657742+00:00
SWP-97222436,SW-PORTABLE-GAS-DETECTORS-21634-577,MSA ALTAIR 5X Advanced Multigas Detector,Portable Gas Detectors,Safetyware catalog item from category 'Portable Gas Detectors'. Source: https://safetyware.com/product/msa-altair-5x-advanced-multigas-detector/. Public catalog price was unavailable; unit_price is an estimated average for similar products in this category.,RM,984.00,348,unit,active,2026-06-15T13:25:21.657742+00:00,2026-06-15T13:25:21.657742+00:00
SWP-37018125,SW-PRESCRIPTION-SAFETY-EYEW-31894-535,PORTWEST PA13 RX Focus Support,Prescription Safety Eyewear,Safetyware catalog item from category 'Prescription Safety Eyewear'. Source: https://safetyware.com/product/portwest-pa13-rx-focus-support/. Public catalog price was unavailable; unit_price is an estimated average for similar products in this category.,RM,411.24,257,unit,active,2026-06-15T13:25:21.657742+00:00,2026-06-15T13:25:21.657742+00:00
SWP-54456754,SW-PRESCRIPTION-SAFETY-EYEW-48510-102,PORTWEST PS03 Smoke Focus Spectacle,Prescription Safety Eyewear,Safetyware catalog item from category 'Prescription Safety Eyewear'. Source: https://safetyware.com/product/portwest-ps03-focus-spectacle-2/. Public catalog price was unavailable; unit_price is an estimated average for similar products in this category.,RM,156.24,423,unit,active,2026-06-15T13:25:21.657742+00:00,2026-06-15T13:25:21.657742+00:00
SWP-10324070,SW-PRESCRIPTION-SAFETY-EYEW-13804-894,WORKSafe® STEDA II E3055 Safety Precription Eyewear Frames,Prescription Safety Eyewear,Safetyware catalog item from category 'Prescription Safety Eyewear'. Source: https://safetyware.com/product/worksafe-steda-ii-e3055-safety-precription-eyewear-frames/. Public catalog price was unavailable; unit_price is an estimated average for similar products in this category.,RM,335.56,33,unit,active,2026-06-15T13:25:21.657742+00:00,2026-06-15T13:25:21.657742+00:00
SWP-20509152,SW-PRESCRIPTION-SAFETY-EYEW-13801-944,PORTWEST Over Spectacle,Prescription Safety Eyewear,Safetyware catalog item from category 'Prescription Safety Eyewear'. Source: https://safetyware.com/product/portwest-over-spectacle/. Public catalog price was unavailable; unit_price is an estimated average for similar products in this category.,RM,336.56,309,unit,active,2026-06-15T13:25:21.657742+00:00,2026-06-15T13:25:21.657742+00:00
SWP-16101076,SW-PROFESSIONAL-TRAUMA-KITS-18247-722,Professional Trauma Kit (PM-04-TK),Professional Trauma Kits,Safetyware catalog item from category 'Professional Trauma Kits'. Source: https://safetyware.com/product/professional-trauma-kit-pm-04-tk/. Public catalog price was unavailable; unit_price is an estimated average for similar products in this category.,RM,183.83,493,unit,active,2026-06-15T13:25:21.657742+00:00,2026-06-15T13:25:21.657742+00:00
SWP-40046624,SW-PROFESSIONAL-TRAUMA-KITS-20771-850,Professional Trauma Kit (PM-08-TK),Professional Trauma Kits,Safetyware catalog item from category 'Professional Trauma Kits'. Source: https://safetyware.com/product/professional-trauma-kit-pm-08-tk/. Public catalog price was unavailable; unit_price is an estimated average for similar products in this category.,RM,403.97,82,unit,active,2026-06-15T13:25:21.657742+00:00,2026-06-15T13:25:21.657742+00:00
SWP-56882843,SW-PROFESSIONAL-TRAUMA-KITS-20772-272,Professional Trauma Kit (PM-09-TK),Professional Trauma Kits,Safetyware catalog item from category 'Professional Trauma Kits'. Source: https://safetyware.com/product/professional-trauma-kit-emergency-medical-backpack-pm-09-tk/. Public catalog price was unavailable; unit_price is an estimated average for similar products in this category.,RM,146.57,488,unit,active,2026-06-15T13:25:21.657742+00:00,2026-06-15T13:25:21.657742+00:00
SWP-68014644,SW-PROFESSIONAL-TRAUMA-KITS-20773-774,Professional Trauma Kit ALS,Professional Trauma Kits,Safetyware catalog item from category 'Professional Trauma Kits'. Source: https://safetyware.com/product/professional-trauma-kit-als-advanced-life-support-backpack/. Public catalog price was unavailable; unit_price is an estimated average for similar products in this category.,RM,267.92,13,unit,active,2026-06-15T13:25:21.657742+00:00,2026-06-15T13:25:21.657742+00:00
SWP-54730575,SW-PROFESSIONAL-WIPES-27413-816,CLEANWARE Lint-Free ESD Microfiber Wipe (180 GSM),Professional Wipes,Safetyware catalog item from category 'Professional Wipes'. Source: https://safetyware.com/product/cleanware-lint-free-esd-microfiber-wipe/. Public catalog price was unavailable; unit_price is an estimated average for similar products in this category.,RM,96.19,270,pack,active,2026-06-15T13:25:21.657742+00:00,2026-06-15T13:25:21.657742+00:00
SWP-83036327,SW-PROFESSIONAL-WIPES-27418-280,CLEANWARE Cleanroom ESD Polyester Wipers (110 GSM),Professional Wipes,Safetyware catalog item from category 'Professional Wipes'. Source: https://safetyware.com/product/cleanware-cleanroom-esd-polyester-wipers/. Public catalog price was unavailable; unit_price is an estimated average for similar products in this category.,RM,40.79,149,pack,active,2026-06-15T13:25:21.657742+00:00,2026-06-15T13:25:21.657742+00:00
SWP-43725660,SW-PROFESSIONAL-WIPES-27423-278,CLEANWARE Cleanroom ESD Polyester Wipers (130 GSM),Professional Wipes,Safetyware catalog item from category 'Professional Wipes'. Source: https://safetyware.com/product/cleanware-cleanroom-esd-polyester-wipers-2/. Public catalog price was unavailable; unit_price is an estimated average for similar products in this category.,RM,78.99,495,pack,active,2026-06-15T13:25:21.657742+00:00,2026-06-15T13:25:21.657742+00:00
SWP-17947072,SW-PROHIBITION-SIGNS-LANDSC-12451-941,QUICKSIGN Prohibition Sign – PD001 No Smoking,Prohibition Signs Landscape,Safetyware catalog item from category 'Prohibition Signs Landscape'. Source: https://safetyware.com/product/quicksign-prohibition-sign-pd001-no-smoking/. Public catalog price was unavailable; unit_price is an estimated average for similar products in this category.,RM,19.03,349,pack,active,2026-06-15T13:25:21.657742+00:00,2026-06-15T13:25:21.657742+00:00
SWP-32489023,SW-PROHIBITION-SIGNS-LANDSC-12464-646,QUICKSIGN Prohibition Sign – PD002 This is a no smoking area,Prohibition Signs Landscape,Safetyware catalog item from category 'Prohibition Signs Landscape'. Source: https://safetyware.com/product/quicksign-prohibition-sign-pd002-this-is-a-no-smoking-area/. Public catalog price was unavailable; unit_price is an estimated average for similar products in this category.,RM,49.70,485,pack,active,2026-06-15T13:25:21.657742+00:00,2026-06-15T13:25:21.657742+00:00
SWP-66824956,SW-PROHIBITION-SIGNS-LANDSC-12477-377,QUICKSIGN Prohibition Sign – PD003 You are entering a no smoking area,Prohibition Signs Landscape,Safetyware catalog item from category 'Prohibition Signs Landscape'. Source: https://safetyware.com/product/quicksign-prohibition-sign-pd003-you-are-entering-a-no-smoking-area/. Public catalog price was unavailable; unit_price is an estimated average for similar products in this category.,RM,12.85,485,pack,active,2026-06-15T13:25:21.657742+00:00,2026-06-15T13:25:21.657742+00:00
SWP-34020862,SW-PROHIBITION-SIGNS-LANDSC-15598-827,QUICKSIGN Prohibition Sign – PD004 No smoking in the toilet,Prohibition Signs Landscape,Safetyware catalog item from category 'Prohibition Signs Landscape'. Source: https://safetyware.com/product/quicksign-prohibition-sign-pd004-no-smoking-in-the-toilet/. Public catalog price was unavailable; unit_price is an estimated average for similar products in this category.,RM,36.13,222,pack,active,2026-06-15T13:25:21.657742+00:00,2026-06-15T13:25:21.657742+00:00
SWP-80331721,SW-PROHIBITION-SIGNS-LANDSC-15611-285,"QUICKSIGN Prohibition Sign – PD005 No Smoking Zone. No lingering around, No rubbish on the floor",Prohibition Signs Landscape,Safetyware catalog item from category 'Prohibition Signs Landscape'. Source: https://safetyware.com/product/quicksign-prohibition-sign-pd005-no-smoking-zone-no-lingering-around-no-rubbish-on-the-floor/. Public catalog price was unavailable; unit_price is an estimated average for similar products in this category.,RM,42.41,468,pack,active,2026-06-15T13:25:21.657742+00:00,2026-06-15T13:25:21.657742+00:00
SWP-77835487,SW-PROHIBITION-SIGNS-LANDSC-15624-628,QUICKSIGN Prohibition Sign – PD006 DILARANG MEROKOK (4 Language),Prohibition Signs Landscape,Safetyware catalog item from category 'Prohibition Signs Landscape'. Source: https://safetyware.com/product/quicksign-prohibition-sign-pd006-dilarang-merokok-4-language/. Public catalog price was unavailable; unit_price is an estimated average for similar products in this category.,RM,37.06,500,pack,active,2026-06-15T13:25:21.657742+00:00,2026-06-15T13:25:21.657742+00:00
SWP-64386827,SW-PROHIBITION-SIGNS-LANDSC-15637-741,QUICKSIGN Prohibition Sign – PD007 STRICTLY NO SMOKING BEYOND THIS POINT,Prohibition Signs Landscape,Safetyware catalog item from category 'Prohibition Signs Landscape'. Source: https://safetyware.com/product/quicksign-prohibition-sign-pd007-strictly-no-smoking-beyond-this-point/. Public catalog price was unavailable; unit_price is an estimated average for similar products in this category.,RM,45.76,325,pack,active,2026-06-15T13:25:21.657742+00:00,2026-06-15T13:25:21.657742+00:00
SWP-64742779,SW-PROHIBITION-SIGNS-LANDSC-15650-336,QUICKSIGN Prohibition Sign – PD008 Smoking area,Prohibition Signs Landscape,Safetyware catalog item from category 'Prohibition Signs Landscape'. Source: https://safetyware.com/product/quicksign-prohibition-sign-pd008-smoking-area/. Public catalog price was unavailable; unit_price is an estimated average for similar products in this category.,RM,20.51,146,pack,active,2026-06-15T13:25:21.657742+00:00,2026-06-15T13:25:21.657742+00:00
SWP-33261297,SW-PROHIBITION-SIGNS-LANDSC-15663-398,QUICKSIGN Prohibition Sign – PD009 Smoking zone,Prohibition Signs Landscape,Safetyware catalog item from category 'Prohibition Signs Landscape'. Source: https://safetyware.com/product/quicksign-prohibition-sign-pd009-smoking-zone/. Public catalog price was unavailable; unit_price is an estimated average for similar products in this category.,RM,20.10,24,pack,active,2026-06-15T13:25:21.657742+00:00,2026-06-15T13:25:21.657742+00:00
SWP-56441563,SW-PROHIBITION-SIGNS-LANDSC-15676-281,QUICKSIGN Prohibition Sign – PD010 SMOKING PERMITTED IN THIS AREA,Prohibition Signs Landscape,Safetyware catalog item from category 'Prohibition Signs Landscape'. Source: https://safetyware.com/product/quicksign-prohibition-sign-pd010-smoking-permitted-in-this-area/. Public catalog price was unavailable; unit_price is an estimated average for similar products in this category.,RM,54.52,308,pack,active,2026-06-15T13:25:21.657742+00:00,2026-06-15T13:25:21.657742+00:00
SWP-39560786,SW-PROHIBITION-SIGNS-11179-814,QUICKSIGN Prohibition Sign – PS001 No smoking,Prohibition Signs,Safetyware catalog item from category 'Prohibition Signs'. Source: https://safetyware.com/product/quicksign-prohibition-sign-ps001-no-smoking/. Public catalog price was unavailable; unit_price is an estimated average for similar products in this category.,RM,53.65,293,pack,active,2026-06-15T13:25:21.657742+00:00,2026-06-15T13:25:21.657742+00:00
SWP-16093519,SW-PROHIBITION-SIGNS-11192-242,QUICKSIGN Prohibition Sign – PS002 This is a no smoking area,Prohibition Signs,Safetyware catalog item from category 'Prohibition Signs'. Source: https://safetyware.com/product/quicksign-prohibition-sign-ps002-this-is-a-no-smoking-area/. Public catalog price was unavailable; unit_price is an estimated average for similar products in this category.,RM,43.54,219,pack,active,2026-06-15T13:25:21.657742+00:00,2026-06-15T13:25:21.657742+00:00
SWP-83206706,SW-PROHIBITION-SIGNS-11205-806,QUICKSIGN Prohibition Sign – PS003 You are entering a no smoking area,Prohibition Signs,Safetyware catalog item from category 'Prohibition Signs'. Source: https://safetyware.com/product/quicksign-prohibition-sign-ps003-you-are-entering-a-no-smoking-area/. Public catalog price was unavailable; unit_price is an estimated average for similar products in this category.,RM,46.81,82,pack,active,2026-06-15T13:25:21.657742+00:00,2026-06-15T13:25:21.657742+00:00
SWP-59206027,SW-PROHIBITION-SIGNS-11218-356,QUICKSIGN Prohibition Sign – PS004 No smoking in the toilet,Prohibition Signs,Safetyware catalog item from category 'Prohibition Signs'. Source: https://safetyware.com/product/quicksign-prohibition-sign-ps004-no-smoking-in-the-toilet/. Public catalog price was unavailable; unit_price is an estimated average for similar products in this category.,RM,41.57,100,pack,active,2026-06-15T13:25:21.657742+00:00,2026-06-15T13:25:21.657742+00:00
SWP-34339707,SW-PROHIBITION-SIGNS-11231-327,"QUICKSIGN Prohibition Sign – PS005 No lingering around, No rubbish on the floor",Prohibition Signs,Safetyware catalog item from category 'Prohibition Signs'. Source: https://safetyware.com/product/quicksign-prohibition-sign-ps005-no-lingering-around-no-rubbish-on-the-floor/. Public catalog price was unavailable; unit_price is an estimated average for similar products in this category.,RM,20.77,473,pack,active,2026-06-15T13:25:21.657742+00:00,2026-06-15T13:25:21.657742+00:00
SWP-64769258,SW-PROHIBITION-SIGNS-11244-977,QUICKSIGN Prohibition Sign – PS006 DILARANG MEROKOK (4 Language),Prohibition Signs,Safetyware catalog item from category 'Prohibition Signs'. Source: https://safetyware.com/product/quicksign-prohibition-sign-ps006-dilarang-merokok-4-language/. Public catalog price was unavailable; unit_price is an estimated average for similar products in this category.,RM,16.88,448,pack,active,2026-06-15T13:25:21.657742+00:00,2026-06-15T13:25:21.657742+00:00
SWP-25839367,SW-PROHIBITION-SIGNS-11257-478,QUICKSIGN Prohibition Sign – PS007 STRICTLY NO SMOKING BEYOND THIS POINT,Prohibition Signs,Safetyware catalog item from category 'Prohibition Signs'. Source: https://safetyware.com/product/quicksign-prohibition-sign-ps007-strictly-no-smoking-beyond-this-point/. Public catalog price was unavailable; unit_price is an estimated average for similar products in this category.,RM,23.70,451,pack,active,2026-06-15T13:25:21.657742+00:00,2026-06-15T13:25:21.657742+00:00
SWP-57102279,SW-PROHIBITION-SIGNS-11270-162,QUICKSIGN Prohibition Sign – PS008 Smoking area,Prohibition Signs,Safetyware catalog item from category 'Prohibition Signs'. Source: https://safetyware.com/product/quicksign-prohibition-sign-ps008-smoking-area/. Public catalog price was unavailable; unit_price is an estimated average for similar products in this category.,RM,29.04,24,pack,active,2026-06-15T13:25:21.657742+00:00,2026-06-15T13:25:21.657742+00:00
SWP-84474308,SW-PROHIBITION-SIGNS-11283-586,QUICKSIGN Prohibition Sign – PS009 Smoking zone,Prohibition Signs,Safetyware catalog item from category 'Prohibition Signs'. Source: https://safetyware.com/product/quicksign-prohibition-sign-ps009-smoking-zone/. Public catalog price was unavailable; unit_price is an estimated average for similar products in this category.,RM,46.14,144,pack,active,2026-06-15T13:25:21.657742+00:00,2026-06-15T13:25:21.657742+00:00
SWP-98837134,SW-PROHIBITION-SIGNS-11296-611,QUICKSIGN Prohibition Sign – PS010 SMOKING PERMITTED IN THIS AREA,Prohibition Signs,Safetyware catalog item from category 'Prohibition Signs'. Source: https://safetyware.com/product/quicksign-prohibition-sign-ps010-smoking-permitted-in-this-area/. Public catalog price was unavailable; unit_price is an estimated average for similar products in this category.,RM,49.03,148,pack,active,2026-06-15T13:25:21.657742+00:00,2026-06-15T13:25:21.657742+00:00
SWP-41663436,SW-PVC-WELLINGTON-BOOTS-7186-998,RHINO SHOE ValueMax Series WB300-OB Waterproof Wellington Boots,Pvc Wellington Boots,Safetyware catalog item from category 'Pvc Wellington Boots'. Source: https://safetyware.com/product/rhino-shoe-valuemax-series-wb300-ob-wellington-boots/. Public catalog price was unavailable; unit_price is an estimated average for similar products in this category.,RM,86.90,292,pair,active,2026-06-15T13:25:21.657742+00:00,2026-06-15T13:25:21.657742+00:00
SWP-37390303,SW-PVC-WELLINGTON-BOOTS-7201-831,RHINO SHOE ValueMax Series WB300-SBP Wellington Boots,Pvc Wellington Boots,Safetyware catalog item from category 'Pvc Wellington Boots'. Source: https://safetyware.com/product/rhino-shoe-valuemax-series-wb300-sbp-wellington-boots/. Public catalog price was unavailable; unit_price is an estimated average for similar products in this category.,RM,188.46,473,pair,active,2026-06-15T13:25:21.657742+00:00,2026-06-15T13:25:21.657742+00:00
SWP-92295291,SW-PVC-WELLINGTON-BOOTS-7848-605,RHINO SHOE AquaMax Series WB400-O4 Wellington Boots,Pvc Wellington Boots,Safetyware catalog item from category 'Pvc Wellington Boots'. Source: https://safetyware.com/product/rhino-shoe-aquamax-series-wb400-o4-wellington-boots/. Public catalog price was unavailable; unit_price is an estimated average for similar products in this category.,RM,94.20,406,pair,active,2026-06-15T13:25:21.657742+00:00,2026-06-15T13:25:21.657742+00:00
SWP-44194564,SW-PVC-WELLINGTON-BOOTS-7951-558,RHINO SHOE UltraMax Series WB500-S4 Wellington Boots,Pvc Wellington Boots,Safetyware catalog item from category 'Pvc Wellington Boots'. Source: https://safetyware.com/product/rhino-shoe-ultramax-series-wb500-s4-wellington-boots/. Public catalog price was unavailable; unit_price is an estimated average for similar products in this category.,RM,117.71,422,pair,active,2026-06-15T13:25:21.657742+00:00,2026-06-15T13:25:21.657742+00:00
SWP-87691244,SW-PVC-WELLINGTON-BOOTS-6314-927,RHINO SHOE UltraMax Series WB500-S5 Wellington Boots,Pvc Wellington Boots,Safetyware catalog item from category 'Pvc Wellington Boots'. Source: https://safetyware.com/product/rhino-shoe-ultramax-series-wb500-s5-wellington-boots/. Public catalog price was unavailable; unit_price is an estimated average for similar products in this category.,RM,109.94,107,pair,active,2026-06-15T13:25:21.657742+00:00,2026-06-15T13:25:21.657742+00:00
SWP-99356433,SW-PVC-WELLINGTON-BOOTS-13379-886,RESPIREX WORKMASTER Hazmax Compact Chemical Overboots,Pvc Wellington Boots,Safetyware catalog item from category 'Pvc Wellington Boots'. Source: https://safetyware.com/product/respirex-workmaster-hazmax-compact-chemical-overboots/. Public catalog price was unavailable; unit_price is an estimated average for similar products in this category.,RM,244.58,35,pair,active,2026-06-15T13:25:21.657742+00:00,2026-06-15T13:25:21.657742+00:00
SWP-56336328,SW-PVC-WELLINGTON-BOOTS-13455-835,RESPIREX WORKMASTER Chemical Hazmax Boots,Pvc Wellington Boots,Safetyware catalog item from category 'Pvc Wellington Boots'. Source: https://safetyware.com/product/respirex-workmaster-hazmax-chemical-protective-anti-static-boots/. Public catalog price was unavailable; unit_price is an estimated average for similar products in this category.,RM,109.39,295,pair,active,2026-06-15T13:25:21.657742+00:00,2026-06-15T13:25:21.657742+00:00
SWP-44649716,SW-RAINWEAR-24288-621,SAFETYWARE Polyester Rain Suit with Silver Reflective,Rainwear,Safetyware catalog item from category 'Rainwear'. Source: https://safetyware.com/product/safetyware-polyester-rain-suit-with-silver-reflective/. Public catalog price was unavailable; unit_price is an estimated average for similar products in this category.,RM,238.00,319,unit,active,2026-06-15T13:25:21.657742+00:00,2026-06-15T13:25:21.657742+00:00
SWP-75038420,SW-RAINWEAR-24287-617,DELTA PLUS 305 Rain Coat,Rainwear,Safetyware catalog item from category 'Rainwear'. Source: https://safetyware.com/product/delta-plus-305-rain-coat/. Public catalog price was unavailable; unit_price is an estimated average for similar products in this category.,RM,180.09,448,unit,active,2026-06-15T13:25:21.657742+00:00,2026-06-15T13:25:21.657742+00:00
SWP-97737567,SW-RAINWEAR-39297-334,PORTWEST S433 Iona Lite Jacket,Rainwear,Safetyware catalog item from category 'Rainwear'. Source: https://safetyware.com/product/portwest-s433-iona-lite-jacket/. Public catalog price was unavailable; unit_price is an estimated average for similar products in this category.,RM,125.73,495,unit,active,2026-06-15T13:25:21.657742+00:00,2026-06-15T13:25:21.657742+00:00
SWP-59757908,SW-RECYCLE-SIGNS-35675-526,QUICKSIGN Recycle Sign – RCS001 PLASTIK / PLASTIC,Recycle Signs,Safetyware catalog item from category 'Recycle Signs'. Source: https://safetyware.com/product/quicksign-recycle-sign-plastik-plastic/. Public catalog price was unavailable; unit_price is an estimated average for similar products in this category.,RM,22.12,346,pack,active,2026-06-15T13:25:21.657742+00:00,2026-06-15T13:25:21.657742+00:00
SWP-67886909,SW-RECYCLE-SIGNS-47703-113,QUICKSIGN Recycle Sign – RCS002 Glass / Kaca,Recycle Signs,Safetyware catalog item from category 'Recycle Signs'. Source: https://safetyware.com/product/quicksign-recycle-sign-rcs002-glass-kaca/. Public catalog price was unavailable; unit_price is an estimated average for similar products in this category.,RM,45.40,190,pack,active,2026-06-15T13:25:21.657742+00:00,2026-06-15T13:25:21.657742+00:00
SWP-24032504,SW-RECYCLE-SIGNS-48265-730,QUICKSIGN Recycle Sign – RCS003 Paper / Kertas,Recycle Signs,Safetyware catalog item from category 'Recycle Signs'. Source: https://safetyware.com/product/quicksign-recycle-sign-rcs003-paper-kertas/. Public catalog price was unavailable; unit_price is an estimated average for similar products in this category.,RM,48.50,482,pack,active,2026-06-15T13:25:21.657742+00:00,2026-06-15T13:25:21.657742+00:00
SWP-54551811,SW-RECYCLE-SIGNS-48286-325,QUICKSIGN Recycle Sign – RCS004 Metal / Besi,Recycle Signs,Safetyware catalog item from category 'Recycle Signs'. Source: https://safetyware.com/product/quicksign-recycle-sign-rcs004-metal-besi/. Public catalog price was unavailable; unit_price is an estimated average for similar products in this category.,RM,39.61,343,pack,active,2026-06-15T13:25:21.657742+00:00,2026-06-15T13:25:21.657742+00:00
SWP-56406111,SW-RECYCLE-SIGNS-48513-522,QUICKSIGN Recycle Sign – RCS005 Electrical / Elektrik,Recycle Signs,Safetyware catalog item from category 'Recycle Signs'. Source: https://safetyware.com/product/quicksign-recycle-sign-rcs005-electrical-elektrik/. Public catalog price was unavailable; unit_price is an estimated average for similar products in this category.,RM,14.89,497,pack,active,2026-06-15T13:25:21.657742+00:00,2026-06-15T13:25:21.657742+00:00
SWP-23190897,SW-RECYCLE-SIGNS-48534-777,QUICKSIGN Recycle Sign – RCS006 Kitar Semula / Recycle- Plastic,Recycle Signs,Safetyware catalog item from category 'Recycle Signs'. Source: https://safetyware.com/product/quicksign-recycle-sign-rcs006-kitar-semula-recycle-plastic/. Public catalog price was unavailable; unit_price is an estimated average for similar products in this category.,RM,24.80,26,pack,active,2026-06-15T13:25:21.657742+00:00,2026-06-15T13:25:21.657742+00:00
SWP-71989854,SW-RECYCLE-SIGNS-48555-698,QUICKSIGN Recycle Sign – RCS007 Kitar Semula/ Recycle- Glass,Recycle Signs,Safetyware catalog item from category 'Recycle Signs'. Source: https://safetyware.com/product/quicksign-recycle-sign-rcs007-kitar-semula-recycle-glass/. Public catalog price was unavailable; unit_price is an estimated average for similar products in this category.,RM,37.57,100,pack,active,2026-06-15T13:25:21.657742+00:00,2026-06-15T13:25:21.657742+00:00
SWP-95549347,SW-RECYCLE-SIGNS-48591-285,QUICKSIGN Recycle Sign – RCS008 Kitar Semula/ Recycle- Paper,Recycle Signs,Safetyware catalog item from category 'Recycle Signs'. Source: https://safetyware.com/product/quicksign-recycle-sign-rcs008-kitar-semula-recycle-paper/. Public catalog price was unavailable; unit_price is an estimated average for similar products in this category.,RM,29.40,34,pack,active,2026-06-15T13:25:21.657742+00:00,2026-06-15T13:25:21.657742+00:00
SWP-68970999,SW-RECYCLE-SIGNS-48612-349,QUICKSIGN Recycle Sign – RCS009 Kitar Semula/ Recycle- Metal,Recycle Signs,Safetyware catalog item from category 'Recycle Signs'. Source: https://safetyware.com/product/quicksign-recycle-sign-rcs009-kitar-semula-recycle-metal/. Public catalog price was unavailable; unit_price is an estimated average for similar products in this category.,RM,30.65,371,pack,active,2026-06-15T13:25:21.657742+00:00,2026-06-15T13:25:21.657742+00:00
SWP-29108525,SW-RECYCLE-SIGNS-48633-193,QUICKSIGN Recycle Sign – RCS010 Kitar Semula/ Recycle- Electrical,Recycle Signs,Safetyware catalog item from category 'Recycle Signs'. Source: https://safetyware.com/product/quicksign-recycle-sign-rcs010-kitar-semula-recycle-electrical/. Public catalog price was unavailable; unit_price is an estimated average for similar products in this category.,RM,39.33,114,pack,active,2026-06-15T13:25:21.657742+00:00,2026-06-15T13:25:21.657742+00:00
SWP-53074140,SW-REFLECTIVE-SIGN-18550-772,QUICKSIGN Reflective Sign – RS001 Danger High Voltage,Reflective Sign,Safetyware catalog item from category 'Reflective Sign'. Source: https://safetyware.com/product/quicksign-reflective-sign-rs001-danger-high-voltage/. Public catalog price was unavailable; unit_price is an estimated average for similar products in this category.,RM,53.21,199,pack,active,2026-06-15T13:25:21.657742+00:00,2026-06-15T13:25:21.657742+00:00
SWP-63248913,SW-REFLECTIVE-SIGN-18581-906,QUICKSIGN Reflective Sign – RS002 Highly Flammable,Reflective Sign,Safetyware catalog item from category 'Reflective Sign'. Source: https://safetyware.com/product/quicksign-reflective-sign-rs002-highly-flammable/. Public catalog price was unavailable; unit_price is an estimated average for similar products in this category.,RM,40.34,319,pack,active,2026-06-15T13:25:21.657742+00:00,2026-06-15T13:25:21.657742+00:00
SWP-38513147,SW-REFLECTIVE-SIGN-18602-792,QUICKSIGN Reflective Sign – RS003 Dangerous Chemical,Reflective Sign,Safetyware catalog item from category 'Reflective Sign'. Source: https://safetyware.com/product/quicksign-reflective-sign-rs003-dangerous-chemical/. Public catalog price was unavailable; unit_price is an estimated average for similar products in this category.,RM,28.69,261,pack,active,2026-06-15T13:25:21.657742+00:00,2026-06-15T13:25:21.657742+00:00
SWP-34164645,SW-REFLECTIVE-SIGN-18623-635,QUICKSIGN Reflective Sign – RS004 Caution Slippery Surface,Reflective Sign,Safetyware catalog item from category 'Reflective Sign'. Source: https://safetyware.com/product/quicksign-reflective-sign-rs004-caution-slippery-surface/. Public catalog price was unavailable; unit_price is an estimated average for similar products in this category.,RM,38.40,411,pack,active,2026-06-15T13:25:21.657742+00:00,2026-06-15T13:25:21.657742+00:00
SWP-95239570,SW-REFLECTIVE-SIGN-18644-364,QUICKSIGN Reflective Sign – RS005 Caution Forklift Truck,Reflective Sign,Safetyware catalog item from category 'Reflective Sign'. Source: https://safetyware.com/product/quicksign-reflective-sign-rs005-caution-forklift-truck/. Public catalog price was unavailable; unit_price is an estimated average for similar products in this category.,RM,45.35,137,pack,active,2026-06-15T13:25:21.657742+00:00,2026-06-15T13:25:21.657742+00:00
SWP-45298635,SW-REFLECTIVE-SIGN-18665-985,QUICKSIGN Reflective Sign – RS006 Danger High Noise Area,Reflective Sign,Safetyware catalog item from category 'Reflective Sign'. Source: https://safetyware.com/product/quicksign-reflective-sign-rs006-danger-high-noise-area/. Public catalog price was unavailable; unit_price is an estimated average for similar products in this category.,RM,14.96,337,pack,active,2026-06-15T13:25:21.657742+00:00,2026-06-15T13:25:21.657742+00:00
SWP-19569388,SW-REFLECTIVE-SIGN-18686-364,QUICKSIGN Reflective Sign – RS007 Danger Overhead Crane,Reflective Sign,Safetyware catalog item from category 'Reflective Sign'. Source: https://safetyware.com/product/quicksign-reflective-sign-rs007-danger-overhead-crane/. Public catalog price was unavailable; unit_price is an estimated average for similar products in this category.,RM,53.03,153,pack,active,2026-06-15T13:25:21.657742+00:00,2026-06-15T13:25:21.657742+00:00
SWP-66532547,SW-REFLECTIVE-SIGN-18707-801,QUICKSIGN Reflective Sign – RS008 Caution Falling Objects From Height,Reflective Sign,Safetyware catalog item from category 'Reflective Sign'. Source: https://safetyware.com/product/quicksign-reflective-sign-rs008-caution-falling-objects-from-height/. Public catalog price was unavailable; unit_price is an estimated average for similar products in this category.,RM,51.08,287,pack,active,2026-06-15T13:25:21.657742+00:00,2026-06-15T13:25:21.657742+00:00
SWP-77948950,SW-REFLECTIVE-SIGN-18728-782,QUICKSIGN Reflective Sign – RS009 Caution Watch Your Hands And Fingers,Reflective Sign,Safetyware catalog item from category 'Reflective Sign'. Source: https://safetyware.com/product/quicksign-reflective-sign-rs009-caution-watch-your-hands-and-fingers/. Public catalog price was unavailable; unit_price is an estimated average for similar products in this category.,RM,12.32,367,pack,active,2026-06-15T13:25:21.657742+00:00,2026-06-15T13:25:21.657742+00:00
SWP-38586239,SW-REFLECTIVE-SIGN-18749-599,"QUICKSIGN Reflective Sign – RS010 Danger Hot, Do Not Touch",Reflective Sign,Safetyware catalog item from category 'Reflective Sign'. Source: https://safetyware.com/product/quicksign-reflective-sign-rs010-danger-hot-do-not-touch/. Public catalog price was unavailable; unit_price is an estimated average for similar products in this category.,RM,43.26,344,pack,active,2026-06-15T13:25:21.657742+00:00,2026-06-15T13:25:21.657742+00:00
SWP-60243487,SW-REPLACEMENT-BLADES-AND-A-9276-819,PHC SP-017 Safety Point Utility Blades,Replacement Blades And Accessories,Safetyware catalog item from category 'Replacement Blades And Accessories'. Source: https://safetyware.com/product/phc-sp-017-safety-point-utility-blades/. Public catalog price was unavailable; unit_price is an estimated average for similar products in this category.,RM,487.43,326,unit,active,2026-06-15T13:25:21.657742+00:00,2026-06-15T13:25:21.657742+00:00
SWP-71850618,SW-REPLACEMENT-BLADES-AND-A-7792-218,PHC SPD-017 QuickBlade® Dispenser with SP-017 Safety Point Utility Blades,Replacement Blades And Accessories,Safetyware catalog item from category 'Replacement Blades And Accessories'. Source: https://safetyware.com/product/phc-spd-017-quickblade-dispenser-with-safety-point-utility-blades/. Public catalog price was unavailable; unit_price is an estimated average for similar products in this category.,RM,476.00,311,unit,active,2026-06-15T13:25:21.657742+00:00,2026-06-15T13:25:21.657742+00:00
SWP-80441499,SW-REPLACEMENT-BLADES-AND-A-9287-905,PHC SPS-92 DuraTip Safety Point Utility Blade,Replacement Blades And Accessories,Safetyware catalog item from category 'Replacement Blades And Accessories'. Source: https://safetyware.com/product/phc-sps-92-duratip-safety-point-utility-blade/. Public catalog price was unavailable; unit_price is an estimated average for similar products in this category.,RM,307.02,161,unit,active,2026-06-15T13:25:21.657742+00:00,2026-06-15T13:25:21.657742+00:00
SWP-81984679,SW-REPLACEMENT-BLADES-AND-A-7795-626,PHC QBD-379 QuickBlade® Dispenser with SPS-92 DuraTip Safety Point Blades,Replacement Blades And Accessories,Safetyware catalog item from category 'Replacement Blades And Accessories'. Source: https://safetyware.com/product/phc-qbd-379-quickblade-dispenser-with-sps-92-duratip-safety-point-blades/. Public catalog price was unavailable; unit_price is an estimated average for similar products in this category.,RM,376.89,84,unit,active,2026-06-15T13:25:21.657742+00:00,2026-06-15T13:25:21.657742+00:00
SWP-34748908,SW-REPLACEMENT-BLADES-AND-A-7794-664,PHC INJ-010 Replacement Injector Blade,Replacement Blades And Accessories,Safetyware catalog item from category 'Replacement Blades And Accessories'. Source: https://safetyware.com/product/phc-inj-010-replacement-injector-blade/. Public catalog price was unavailable; unit_price is an estimated average for similar products in this category.,RM,341.96,322,unit,active,2026-06-15T13:25:21.657742+00:00,2026-06-15T13:25:21.657742+00:00
SWP-71336288,SW-REPLACEMENT-BLADES-AND-A-7793-755,PHC S7FC Replacement Film Cutter for S7 Safety Knives (Bag of 3 pcs),Replacement Blades And Accessories,Safetyware catalog item from category 'Replacement Blades And Accessories'. Source: https://safetyware.com/product/phc-s7fc-replacement-film-cutter-for-s7-safety-knives-bag-of-3-pcs/. Public catalog price was unavailable; unit_price is an estimated average for similar products in this category.,RM,471.66,11,unit,active,2026-06-15T13:25:21.657742+00:00,2026-06-15T13:25:21.657742+00:00
SWP-15914424,SW-REPLACEMENT-BLADES-AND-A-9270-157,PHC BB00205 Blade Bank,Replacement Blades And Accessories,Safetyware catalog item from category 'Replacement Blades And Accessories'. Source: https://safetyware.com/product/phc-bb00205-blade-bank/. Public catalog price was unavailable; unit_price is an estimated average for similar products in this category.,RM,360.44,250,unit,active,2026-06-15T13:25:21.657742+00:00,2026-06-15T13:25:21.657742+00:00
SWP-98360045,SW-REPLACEMENT-BLADES-AND-A-9298-458,PHC UKH-324 Universal Nylon Knife Holster,Replacement Blades And Accessories,Safetyware catalog item from category 'Replacement Blades And Accessories'. Source: https://safetyware.com/product/phc-ukh-324-universal-nylon-knife-holster/. Public catalog price was unavailable; unit_price is an estimated average for similar products in this category.,RM,102.55,245,unit,active,2026-06-15T13:25:21.657742+00:00,2026-06-15T13:25:21.657742+00:00
SWP-26764916,SW-REPLACEMENT-BLADES-AND-A-9299-655,PHC UKH-443 Clip-on Plastic Holster for RSC-432,Replacement Blades And Accessories,Safetyware catalog item from category 'Replacement Blades And Accessories'. Source: https://safetyware.com/product/phc-ukh-443-clip-on-plastic-holster-for-rsc-432/. Public catalog price was unavailable; unit_price is an estimated average for similar products in this category.,RM,227.51,385,unit,active,2026-06-15T13:25:21.657742+00:00,2026-06-15T13:25:21.657742+00:00
SWP-74673969,SW-REPLACEMENT-BLADES-AND-A-9300-595,PHC UKH-545 Clip-on Swivel Holster for S7 Safety Knife,Replacement Blades And Accessories,Safetyware catalog item from category 'Replacement Blades And Accessories'. Source: https://safetyware.com/product/phc-ukh-545-clip-on-swivel-holster-for-s7-safety-knife/. Public catalog price was unavailable; unit_price is an estimated average for similar products in this category.,RM,407.36,337,unit,active,2026-06-15T13:25:21.657742+00:00,2026-06-15T13:25:21.657742+00:00
SWP-22457123,SW-ROAD-DELINEATOR-49935-658,3M Raised Pavement Markers,Road Delineator,Safetyware catalog item from category 'Road Delineator'. Source: https://safetyware.com/product/3m-raised-pavement-markers/. Public catalog price was unavailable; unit_price is an estimated average for similar products in this category.,RM,188.61,45,unit,active,2026-06-15T13:25:21.657742+00:00,2026-06-15T13:25:21.657742+00:00
SWP-16890569,SW-ROAD-DELINEATOR-48988-811,SAFETYWARE 30” Soft EVA,Road Delineator,Safetyware catalog item from category 'Road Delineator'. Source: https://safetyware.com/product/safetyware-30-soft-eva/. Public catalog price was unavailable; unit_price is an estimated average for similar products in this category.,RM,273.86,470,unit,active,2026-06-15T13:25:21.657742+00:00,2026-06-15T13:25:21.657742+00:00
SWP-88302506,SW-ROAD-DELINEATOR-49060-543,SAFETYWARE 43in T-Top Delineator Post,Road Delineator,Safetyware catalog item from category 'Road Delineator'. Source: https://safetyware.com/product/safetyware-43in-t-top-delineator-post/. Public catalog price was unavailable; unit_price is an estimated average for similar products in this category.,RM,92.72,40,unit,active,2026-06-15T13:25:21.657742+00:00,2026-06-15T13:25:21.657742+00:00
SWP-85432378,SW-ROAD-DELINEATOR-49078-792,SAFETYWARE Reflective Delineator Rope,Road Delineator,Safetyware catalog item from category 'Road Delineator'. Source: https://safetyware.com/product/safetyware-reflective-delineator-rope/. Public catalog price was unavailable; unit_price is an estimated average for similar products in this category.,RM,356.81,116,unit,active,2026-06-15T13:25:21.657742+00:00,2026-06-15T13:25:21.657742+00:00
SWP-69509512,SW-ROAD-SIGN-PORTRAIT-24231-773,QUICKSIGN Road Sign – TS001 HAD LAJU 5km/j,Road Sign Portrait,Safetyware catalog item from category 'Road Sign Portrait'. Source: https://safetyware.com/product/quicksign-road-sign-ts001-had-laju-5km-j/. Public catalog price was unavailable; unit_price is an estimated average for similar products in this category.,RM,13.08,106,pack,active,2026-06-15T13:25:21.657742+00:00,2026-06-15T13:25:21.657742+00:00
SWP-57623609,SW-ROAD-SIGN-PORTRAIT-25453-825,QUICKSIGN Road Sign – TS002 HAD Laju 10km/j,Road Sign Portrait,Safetyware catalog item from category 'Road Sign Portrait'. Source: https://safetyware.com/product/quicksign-road-sign-ts002-had-laju-10km-j/. Public catalog price was unavailable; unit_price is an estimated average for similar products in this category.,RM,51.74,283,pack,active,2026-06-15T13:25:21.657742+00:00,2026-06-15T13:25:21.657742+00:00
SWP-79407404,SW-ROAD-SIGN-PORTRAIT-25474-250,QUICKSIGN Road Sign – TS003 SLOW 10km/h SPEED LIMIT,Road Sign Portrait,Safetyware catalog item from category 'Road Sign Portrait'. Source: https://safetyware.com/product/quicksign-road-sign-ts003-slow-10km-h-speed-limit/. Public catalog price was unavailable; unit_price is an estimated average for similar products in this category.,RM,19.31,13,pack,active,2026-06-15T13:25:21.657742+00:00,2026-06-15T13:25:21.657742+00:00
SWP-37714057,SW-ROAD-SIGN-PORTRAIT-25495-907,QUICKSIGN Road Sign – TS004 NO LEFT TURN,Road Sign Portrait,Safetyware catalog item from category 'Road Sign Portrait'. Source: https://safetyware.com/product/quicksign-road-sign-ts004-no-left-turn/. Public catalog price was unavailable; unit_price is an estimated average for similar products in this category.,RM,31.71,89,pack,active,2026-06-15T13:25:21.657742+00:00,2026-06-15T13:25:21.657742+00:00
SWP-88959331,SW-ROAD-SIGN-PORTRAIT-25516-304,QUICKSIGN Road Sign – TS005 NO RIGHT TURN,Road Sign Portrait,Safetyware catalog item from category 'Road Sign Portrait'. Source: https://safetyware.com/product/quicksign-road-sign-ts005-no-right-turn/. Public catalog price was unavailable; unit_price is an estimated average for similar products in this category.,RM,32.35,282,pack,active,2026-06-15T13:25:21.657742+00:00,2026-06-15T13:25:21.657742+00:00
SWP-13689239,SW-ROAD-SIGN-PORTRAIT-25537-790,QUICKSIGN Road Sign – TS006 NO U-TURN,Road Sign Portrait,Safetyware catalog item from category 'Road Sign Portrait'. Source: https://safetyware.com/product/quicksign-road-sign-ts006-no-u-turn/. Public catalog price was unavailable; unit_price is an estimated average for similar products in this category.,RM,29.95,21,pack,active,2026-06-15T13:25:21.657742+00:00,2026-06-15T13:25:21.657742+00:00
SWP-27183088,SW-ROAD-SIGN-PORTRAIT-25558-668,QUICKSIGN Road Sign – TS007 NO ENTRY,Road Sign Portrait,Safetyware catalog item from category 'Road Sign Portrait'. Source: https://safetyware.com/product/quicksign-road-sign-ts007-no-entry/. Public catalog price was unavailable; unit_price is an estimated average for similar products in this category.,RM,12.40,346,pack,active,2026-06-15T13:25:21.657742+00:00,2026-06-15T13:25:21.657742+00:00
SWP-95344724,SW-ROAD-SIGN-PORTRAIT-25579-167,QUICKSIGN Road Sign – TS008 ONE WAY,Road Sign Portrait,Safetyware catalog item from category 'Road Sign Portrait'. Source: https://safetyware.com/product/quicksign-road-sign-ts008-one-way/. Public catalog price was unavailable; unit_price is an estimated average for similar products in this category.,RM,20.51,217,pack,active,2026-06-15T13:25:21.657742+00:00,2026-06-15T13:25:21.657742+00:00
SWP-56338192,SW-ROAD-SIGN-PORTRAIT-25600-581,QUICKSIGN Road Sign – TS009 Slow People Crossing 20KM/H,Road Sign Portrait,Safetyware catalog item from category 'Road Sign Portrait'. Source: https://safetyware.com/product/quicksign-road-sign-ts009-slow-people-crossing-20km-h/. Public catalog price was unavailable; unit_price is an estimated average for similar products in this category.,RM,53.53,368,pack,active,2026-06-15T13:25:21.657742+00:00,2026-06-15T13:25:21.657742+00:00
SWP-96869854,SW-ROAD-SIGN-PORTRAIT-25621-952,QUICKSIGN Road Sign – TS010 Stop Security Check Point,Road Sign Portrait,Safetyware catalog item from category 'Road Sign Portrait'. Source: https://safetyware.com/product/quicksign-road-sign-ts010-stop-security-check-point/. Public catalog price was unavailable; unit_price is an estimated average for similar products in this category.,RM,14.25,73,pack,active,2026-06-15T13:25:21.657742+00:00,2026-06-15T13:25:21.657742+00:00
SWP-55798825,SW-ROPE-ACCESS-AND-RESCUE-24191-551,KSTRONG 10.5mm Kernmantle Semi Static Rope (200M),Rope Access And Rescue,Safetyware catalog item from category 'Rope Access And Rescue'. Source: https://safetyware.com/product/kstrong-10-5mm-kernmantle-semi-static-rope-200m/. Public catalog price was unavailable; unit_price is an estimated average for similar products in this category.,RM,621.54,444,unit,active,2026-06-15T13:25:21.657742+00:00,2026-06-15T13:25:21.657742+00:00
SWP-28017435,SW-ROPE-ACCESS-AND-RESCUE-24185-111,KSTRONG 11mm Kernmantle Semi Static Rope (200M),Rope Access And Rescue,Safetyware catalog item from category 'Rope Access And Rescue'. Source: https://safetyware.com/product/kstrong-11mm-kernmantle-semi-static-rope-200m/. Public catalog price was unavailable; unit_price is an estimated average for similar products in this category.,RM,382.18,390,unit,active,2026-06-15T13:25:21.657742+00:00,2026-06-15T13:25:21.657742+00:00
SWP-46096477,SW-ROPE-ACCESS-AND-RESCUE-24179-686,KSTRONG 12mm Kernmantle Semi Static Rope (200M),Rope Access And Rescue,Safetyware catalog item from category 'Rope Access And Rescue'. Source: https://safetyware.com/product/kstrong-12mm-kernmantle-semi-static-rope-200m/. Public catalog price was unavailable; unit_price is an estimated average for similar products in this category.,RM,426.86,364,unit,active,2026-06-15T13:25:21.657742+00:00,2026-06-15T13:25:21.657742+00:00
SWP-78139021,SW-ROPE-ACCESS-AND-RESCUE-24132-753,KSTRONG Ascender Handle (R),Rope Access And Rescue,Safetyware catalog item from category 'Rope Access And Rescue'. Source: https://safetyware.com/product/kstrong-ascender-handle-r/. Public catalog price was unavailable; unit_price is an estimated average for similar products in this category.,RM,127.30,315,unit,active,2026-06-15T13:25:21.657742+00:00,2026-06-15T13:25:21.657742+00:00
SWP-57139854,SW-ROPE-ACCESS-AND-RESCUE-24173-426,KSTRONG Easy Seat,Rope Access And Rescue,Safetyware catalog item from category 'Rope Access And Rescue'. Source: https://safetyware.com/product/kstrong-easy-seat/. Public catalog price was unavailable; unit_price is an estimated average for similar products in this category.,RM,491.55,494,unit,active,2026-06-15T13:25:21.657742+00:00,2026-06-15T13:25:21.657742+00:00
SWP-83002504,SW-ROPE-ACCESS-AND-RESCUE-23817-447,KSTRONG EVAC-R 100M Rescue Kit,Rope Access And Rescue,Safetyware catalog item from category 'Rope Access And Rescue'. Source: https://safetyware.com/product/kstrong-evac-r-100m-rescue-kit/. Public catalog price was unavailable; unit_price is an estimated average for similar products in this category.,RM,456.83,404,unit,active,2026-06-15T13:25:21.657742+00:00,2026-06-15T13:25:21.657742+00:00
SWP-80328050,SW-ROPE-ACCESS-AND-RESCUE-23809-429,KSTRONG EVAC-R 40M Rescue Kit,Rope Access And Rescue,Safetyware catalog item from category 'Rope Access And Rescue'. Source: https://safetyware.com/product/kstrong-evac-r-40m-rescue-kit/. Public catalog price was unavailable; unit_price is an estimated average for similar products in this category.,RM,26.34,220,unit,active,2026-06-15T13:25:21.657742+00:00,2026-06-15T13:25:21.657742+00:00
SWP-61458335,SW-ROPE-ACCESS-AND-RESCUE-23848-151,KSTRONG Figure of 8,Rope Access And Rescue,Safetyware catalog item from category 'Rope Access And Rescue'. Source: https://safetyware.com/product/kstrong-figure-of-8/. Public catalog price was unavailable; unit_price is an estimated average for similar products in this category.,RM,491.57,375,unit,active,2026-06-15T13:25:21.657742+00:00,2026-06-15T13:25:21.657742+00:00
SWP-18442149,SW-ROPE-ACCESS-AND-RESCUE-23842-666,KSTRONG IRSQ 50M Rescue Kit,Rope Access And Rescue,Safetyware catalog item from category 'Rope Access And Rescue'. Source: https://safetyware.com/product/kstrong-irsq-50m-rescue-kit/. Public catalog price was unavailable; unit_price is an estimated average for similar products in this category.,RM,528.93,301,unit,active,2026-06-15T13:25:21.657742+00:00,2026-06-15T13:25:21.657742+00:00
SWP-35154853,SW-ROPE-ACCESS-AND-RESCUE-23836-684,KSTRONG IRSQ 75M Rescue Kit,Rope Access And Rescue,Safetyware catalog item from category 'Rope Access And Rescue'. Source: https://safetyware.com/product/kstrong-irsq-75m-rescue-kit/. Public catalog price was unavailable; unit_price is an estimated average for similar products in this category.,RM,191.10,337,unit,active,2026-06-15T13:25:21.657742+00:00,2026-06-15T13:25:21.657742+00:00
SWP-91177517,SW-SAFETY-CABINETS-AND-STOR-30944-868,SAFETYWARE Blue Safety Cabinet for Corrosive Liquid,Safety Cabinets And Storage,Safetyware catalog item from category 'Safety Cabinets And Storage'. Source: https://safetyware.com/product/safetyware-blue-safety-cabinet/. Public catalog price was unavailable; unit_price is an estimated average for similar products in this category.,RM,309.91,184,unit,active,2026-06-15T13:25:21.657742+00:00,2026-06-15T13:25:21.657742+00:00
SWP-45702085,SW-SAFETY-CABINETS-AND-STOR-30943-686,SAFETYWARE Yellow Safety Cabinet for Flammable Liquid,Safety Cabinets And Storage,Safetyware catalog item from category 'Safety Cabinets And Storage'. Source: https://safetyware.com/product/safetyware-ylw-safety-cabinet/. Public catalog price was unavailable; unit_price is an estimated average for similar products in this category.,RM,316.00,312,unit,active,2026-06-15T13:25:21.657742+00:00,2026-06-15T13:25:21.657742+00:00
SWP-76621345,SW-SAFETY-CABINETS-AND-STOR-27870-493,SAFETYWARE PPES200 Emergency Equipment Storage Cabinet (PPE Cabinet),Safety Cabinets And Storage,Safetyware catalog item from category 'Safety Cabinets And Storage'. Source: https://safetyware.com/product/safetyware-ppes200-emergency-equipment-storage-cabinet-ppe-cabinet/. Public catalog price was unavailable; unit_price is an estimated average for similar products in this category.,RM,304.18,228,unit,active,2026-06-15T13:25:21.657742+00:00,2026-06-15T13:25:21.657742+00:00
SWP-53156513,SW-SAFETY-CABINETS-AND-STOR-30955-849,SAFETYWARE Storage Cabinet come with Roller,Safety Cabinets And Storage,Safetyware catalog item from category 'Safety Cabinets And Storage'. Source: https://safetyware.com/product/safetyware-storage-cabinet-for-single-drum-c-w-roller/. Public catalog price was unavailable; unit_price is an estimated average for similar products in this category.,RM,297.88,355,unit,active,2026-06-15T13:25:21.657742+00:00,2026-06-15T13:25:21.657742+00:00
SWP-89341140,SW-SAFETY-CABINETS-AND-STOR-32112-337,SPILL STATION 340L Overpack,Safety Cabinets And Storage,Safetyware catalog item from category 'Safety Cabinets And Storage'. Source: https://safetyware.com/product/spill-station-340l-overpack/. Public catalog price was unavailable; unit_price is an estimated average for similar products in this category.,RM,255.09,70,unit,active,2026-06-15T13:25:21.657742+00:00,2026-06-15T13:25:21.657742+00:00
SWP-91097272,SW-SAFETY-CABINETS-AND-STOR-31940-958,SPILL STATION Poly Storage Bin,Safety Cabinets And Storage,Safetyware catalog item from category 'Safety Cabinets And Storage'. Source: https://safetyware.com/product/spill-station-poly-storage-bin/. Public catalog price was unavailable; unit_price is an estimated average for similar products in this category.,RM,280.40,391,unit,active,2026-06-15T13:25:21.657742+00:00,2026-06-15T13:25:21.657742+00:00
SWP-37274490,SW-SAFETY-CABINETS-AND-STOR-42412-938,SAFETYWARE PP Tray for Acid & Corrosive Safety Cabinet,Safety Cabinets And Storage,Safetyware catalog item from category 'Safety Cabinets And Storage'. Source: https://safetyware.com/product/safetyware-pp-tray-for-acid-corrosive-safety-cabinet/. Public catalog price was unavailable; unit_price is an estimated average for similar products in this category.,RM,181.50,444,unit,active,2026-06-15T13:25:21.657742+00:00,2026-06-15T13:25:21.657742+00:00
SWP-33409646,SW-SAFETY-CANS-AND-CONTAINE-30979-509,SAFETYWARE Red Oily Waste Can,Safety Cans And Containers,Safetyware catalog item from category 'Safety Cans And Containers'. Source: https://safetyware.com/product/safetyware-red-oily-waste-can/. Public catalog price was unavailable; unit_price is an estimated average for similar products in this category.,RM,230.52,400,unit,active,2026-06-15T13:25:21.657742+00:00,2026-06-15T13:25:21.657742+00:00
SWP-99171968,SW-SAFETY-CANS-AND-CONTAINE-42439-716,JUSTRITE Steel Plunger Can & Dispensing Cans,Safety Cans And Containers,Safetyware catalog item from category 'Safety Cans And Containers'. Source: https://safetyware.com/product/justrite-steel-plunger-can-dispensing-cans/. Public catalog price was unavailable; unit_price is an estimated average for similar products in this category.,RM,203.38,10,unit,active,2026-06-15T13:25:21.657742+00:00,2026-06-15T13:25:21.657742+00:00
SWP-68312631,SW-SAFETY-CANS-AND-CONTAINE-42459-703,JUSTRITE Oil Waste Can,Safety Cans And Containers,Safetyware catalog item from category 'Safety Cans And Containers'. Source: https://safetyware.com/product/justrite-oil-waste-can/. Public catalog price was unavailable; unit_price is an estimated average for similar products in this category.,RM,56.57,151,unit,active,2026-06-15T13:25:21.657742+00:00,2026-06-15T13:25:21.657742+00:00
SWP-17557712,SW-SAFETY-CANS-AND-CONTAINE-42466-638,JUSTRITE Waste Disposal Safety Container,Safety Cans And Containers,Safetyware catalog item from category 'Safety Cans And Containers'. Source: https://safetyware.com/product/justrite-waste-disposable-safety-container/. Public catalog price was unavailable; unit_price is an estimated average for similar products in this category.,RM,360.24,336,unit,active,2026-06-15T13:25:21.657742+00:00,2026-06-15T13:25:21.657742+00:00
SWP-51733512,SW-SAFETY-FLOOR-SIGNS-34565-736,QUICKSIGN Safety Floor Sign – FES001 Emergency Exist,Safety Floor Signs,Safetyware catalog item from category 'Safety Floor Signs'. Source: https://safetyware.com/product/quicksign-safety-floor-sign-fes001-emergency-exist/. Public catalog price was unavailable; unit_price is an estimated average for similar products in this category.,RM,14.11,384,pack,active,2026-06-15T13:25:21.657742+00:00,2026-06-15T13:25:21.657742+00:00
SWP-32505426,SW-SAFETY-FLOOR-SIGNS-34899-218,QUICKSIGN Safety Floor Sign – FMS001 ATTENTION Safety Helmets Must Be Worn,Safety Floor Signs,Safetyware catalog item from category 'Safety Floor Signs'. Source: https://safetyware.com/product/quicksign-safety-floor-sign-fms001-attention-safety-helmets-must-be-worn/. Public catalog price was unavailable; unit_price is an estimated average for similar products in this category.,RM,39.39,481,pack,active,2026-06-15T13:25:21.657742+00:00,2026-06-15T13:25:21.657742+00:00
SWP-30633232,SW-SAFETY-FLOOR-SIGNS-35173-860,QUICKSIGN Safety Floor Sign – FPLS010 Photoluminescent Circle with Arrow,Safety Floor Signs,Safetyware catalog item from category 'Safety Floor Signs'. Source: https://safetyware.com/product/quicksign-safety-floor-sign-fpls010-photoluminescent-circle-with-arrow/. Public catalog price was unavailable; unit_price is an estimated average for similar products in this category.,RM,50.90,32,pack,active,2026-06-15T13:25:21.657742+00:00,2026-06-15T13:25:21.657742+00:00
SWP-91090893,SW-SAFETY-FLOOR-SIGNS-35321-573,QUICKSIGN Safety Floor Sign – FWM001-YLW Cross Marking,Safety Floor Signs,Safetyware catalog item from category 'Safety Floor Signs'. Source: https://safetyware.com/product/quicksign-safety-floor-sign-fwm001-ylw-cross-marking/. Public catalog price was unavailable; unit_price is an estimated average for similar products in this category.,RM,51.58,223,pack,active,2026-06-15T13:25:21.657742+00:00,2026-06-15T13:25:21.657742+00:00
SWP-86571125,SW-SAFETY-FLOOR-SIGNS-34462-105,"QUICKSIGN Safety Floor Sign – SFS001 AWAS Pembersihan sedang dijalankan, CAUTION Cleaning in Progress",Safety Floor Signs,Safetyware catalog item from category 'Safety Floor Signs'. Source: https://safetyware.com/product/quicksign-safety-floor-sign-sfs001-awas-pembersihan-sedang-dijalankan-caution-cleaning-in-progress/. Public catalog price was unavailable; unit_price is an estimated average for similar products in this category.,RM,36.37,93,pack,active,2026-06-15T13:25:21.657742+00:00,2026-06-15T13:25:21.657742+00:00
SWP-94696104,SW-SAFETY-FLOOR-SIGNS-62556-682,QUICKSIGN Safety Floor Sign – SFS002 CAUTION Slippery Surface,Safety Floor Signs,Safetyware catalog item from category 'Safety Floor Signs'. Source: https://safetyware.com/product/quicksign-safety-floor-sign-sfs002-caution-slippery-surface/. Public catalog price was unavailable; unit_price is an estimated average for similar products in this category.,RM,20.64,185,pack,active,2026-06-15T13:25:21.657742+00:00,2026-06-15T13:25:21.657742+00:00
SWP-52486962,SW-SAFETY-FLOOR-SIGNS-62577-784,QUICKSIGN Safety Floor Sign – SFS003 BAHAYA/DANGER,Safety Floor Signs,Safetyware catalog item from category 'Safety Floor Signs'. Source: https://safetyware.com/product/quicksign-safety-floor-sign-sfs003-bahaya-danger/. Public catalog price was unavailable; unit_price is an estimated average for similar products in this category.,RM,31.04,462,pack,active,2026-06-15T13:25:21.657742+00:00,2026-06-15T13:25:21.657742+00:00
SWP-28901756,SW-SAFETY-FLOOR-SIGNS-62598-365,QUICKSIGN Safety Floor Sign – SFS004 AWAS/ CAUTION,Safety Floor Signs,Safetyware catalog item from category 'Safety Floor Signs'. Source: https://safetyware.com/product/quicksign-safety-floor-sign-sfs004-awas-caution/. Public catalog price was unavailable; unit_price is an estimated average for similar products in this category.,RM,18.10,202,pack,active,2026-06-15T13:25:21.657742+00:00,2026-06-15T13:25:21.657742+00:00
SWP-81644708,SW-SAFETY-GLASSES-13799-595,SAFETYWARE SG100C CLASSIK™ Safety Glasses,Safety Glasses,Safetyware catalog item from category 'Safety Glasses'. Source: https://safetyware.com/product/safetyware-sg100c-classik-safety-glasses/. Public catalog price was unavailable; unit_price is an estimated average for similar products in this category.,RM,173.93,381,unit,active,2026-06-15T13:25:21.657742+00:00,2026-06-15T13:25:21.657742+00:00
SWP-20126831,SW-SAFETY-GLASSES-13798-332,SAFETYWARE SG100CAF CLASSIK™ Safety Glasses,Safety Glasses,Safetyware catalog item from category 'Safety Glasses'. Source: https://safetyware.com/product/safetyware-sg100caf-classik-safety-glasses/. Public catalog price was unavailable; unit_price is an estimated average for similar products in this category.,RM,65.54,162,unit,active,2026-06-15T13:25:21.657742+00:00,2026-06-15T13:25:21.657742+00:00
SWP-30730121,SW-SAFETY-GLASSES-13795-592,SAFETYWARE SG100G Classik™ Safety Glasses,Safety Glasses,Safetyware catalog item from category 'Safety Glasses'. Source: https://safetyware.com/product/safetyware-sg100g-classik-safety-glasses/. Public catalog price was unavailable; unit_price is an estimated average for similar products in this category.,RM,403.49,377,unit,active,2026-06-15T13:25:21.657742+00:00,2026-06-15T13:25:21.657742+00:00
SWP-20370724,SW-SAFETY-GLASSES-13794-256,SAFETYWARE SG200CAF ATLAS™ Safety Glasses,Safety Glasses,Safetyware catalog item from category 'Safety Glasses'. Source: https://safetyware.com/product/safetyware-sg200caf-atlas-safety-glasses/. Public catalog price was unavailable; unit_price is an estimated average for similar products in this category.,RM,120.99,482,unit,active,2026-06-15T13:25:21.657742+00:00,2026-06-15T13:25:21.657742+00:00
SWP-44754175,SW-SAFETY-GLASSES-13792-857,SAFETYWARE SG200IO Atlas™ Safety Glasses,Safety Glasses,Safetyware catalog item from category 'Safety Glasses'. Source: https://safetyware.com/product/safetyware-sg200io-atlas-safety-glasses/. Public catalog price was unavailable; unit_price is an estimated average for similar products in this category.,RM,188.04,470,unit,active,2026-06-15T13:25:21.657742+00:00,2026-06-15T13:25:21.657742+00:00
SWP-99615366,SW-SAFETY-GLASSES-13793-895,SAFETYWARE SG200G Atlas™ Safety Glasses,Safety Glasses,Safetyware catalog item from category 'Safety Glasses'. Source: https://safetyware.com/product/safetyware-sg200g-atlas-safety-glasses/. Public catalog price was unavailable; unit_price is an estimated average for similar products in this category.,RM,95.36,11,unit,active,2026-06-15T13:25:21.657742+00:00,2026-06-15T13:25:21.657742+00:00
SWP-43698603,SW-SAFETY-GLASSES-13791-888,SAFETYWARE SG210CAF SCOTT-X™ SAFETY GLASSES,Safety Glasses,Safetyware catalog item from category 'Safety Glasses'. Source: https://safetyware.com/product/safetyware-sg210caf-scott-x-safety-glasses/. Public catalog price was unavailable; unit_price is an estimated average for similar products in this category.,RM,133.32,46,unit,active,2026-06-15T13:25:21.657742+00:00,2026-06-15T13:25:21.657742+00:00
SWP-34185983,SW-SAFETY-GLASSES-13790-313,SAFETYWARE SG210G SCOTT-X™ Safety Glasses,Safety Glasses,Safetyware catalog item from category 'Safety Glasses'. Source: https://safetyware.com/product/safetyware-sg210g-scott-x-safety-glasses/. Public catalog price was unavailable; unit_price is an estimated average for similar products in this category.,RM,123.86,178,unit,active,2026-06-15T13:25:21.657742+00:00,2026-06-15T13:25:21.657742+00:00
SWP-56383575,SW-SAFETY-GLASSES-13789-248,SAFETYWARE SG210M Scott-X Safety Glasses,Safety Glasses,Safetyware catalog item from category 'Safety Glasses'. Source: https://safetyware.com/product/safetyware-sg210m-scott-x-safety-glasses/. Public catalog price was unavailable; unit_price is an estimated average for similar products in this category.,RM,418.76,418,unit,active,2026-06-15T13:25:21.657742+00:00,2026-06-15T13:25:21.657742+00:00
SWP-49257782,SW-SAFETY-GLASSES-13788-946,SAFETYWARE Safety Overglass,Safety Glasses,Safetyware catalog item from category 'Safety Glasses'. Source: https://safetyware.com/product/safetyware-safety-overglass/. Public catalog price was unavailable; unit_price is an estimated average for similar products in this category.,RM,102.20,98,unit,active,2026-06-15T13:25:21.657742+00:00,2026-06-15T13:25:21.657742+00:00
SWP-40881815,SW-CHEMICAL-RESISTANT-SAFET-13607-145,SAFETYWARE Safety Goggle,Chemical Resistant Safety Goggles,Safetyware catalog item from category 'Chemical Resistant Safety Goggles'. Source: https://safetyware.com/product/safetyware-safety-goggle/. Public catalog price was unavailable; unit_price is an estimated average for similar products in this category.,RM,436.38,365,unit,active,2026-06-15T13:25:21.657742+00:00,2026-06-15T13:25:21.657742+00:00
SWP-84973462,SW-CHEMICAL-RESISTANT-SAFET-13810-188,DELTA PLUS Chemical Splash Goggle,Chemical Resistant Safety Goggles,Safetyware catalog item from category 'Chemical Resistant Safety Goggles'. Source: https://safetyware.com/product/delta-plus-chemical-splash-goggle/. Public catalog price was unavailable; unit_price is an estimated average for similar products in this category.,RM,248.02,465,unit,active,2026-06-15T13:25:21.657742+00:00,2026-06-15T13:25:21.657742+00:00
SWP-68899488,SW-SAFETY-HELMETS-7772-188,SAFETYWARE Explorer I Non-Vented Safety Helmet w/ Plastic Harness,Safety Helmets,Safetyware catalog item from category 'Safety Helmets'. Source: https://safetyware.com/product/safetyware-explorer-i-non-vented-safety-helmet-w-plastic-harness/. Public catalog price was unavailable; unit_price is an estimated average for similar products in this category.,RM,40.82,364,unit,active,2026-06-15T13:25:21.657742+00:00,2026-06-15T13:25:21.657742+00:00
SWP-31790247,SW-SAFETY-HELMETS-7782-332,SAFETYWARE Explorer I Non-Vented Safety Helmet w/ Webbing Harness,Safety Helmets,Safetyware catalog item from category 'Safety Helmets'. Source: https://safetyware.com/product/safetyware-explorer-i-non-vented-safety-helmet-w-webbing-harness/. Public catalog price was unavailable; unit_price is an estimated average for similar products in this category.,RM,50.70,412,unit,active,2026-06-15T13:25:21.657742+00:00,2026-06-15T13:25:21.657742+00:00
SWP-38108612,SW-SAFETY-HELMETS-7753-997,SAFETYWARE Explorer I Vented Safety Helmet – with Chin Strap and Plastic Harness,Safety Helmets,Safetyware catalog item from category 'Safety Helmets'. Source: https://safetyware.com/product/vented-helmet-with-chin-strap/. Public catalog price was unavailable; unit_price is an estimated average for similar products in this category.,RM,82.71,436,unit,active,2026-06-15T13:25:21.657742+00:00,2026-06-15T13:25:21.657742+00:00
SWP-84544622,SW-SAFETY-HELMETS-7755-774,SAFETYWARE Explorer I Vented Safety Helmet w/ Webbing Harness,Safety Helmets,Safetyware catalog item from category 'Safety Helmets'. Source: https://safetyware.com/product/safetyware-explorer-i-vented-safety-helmet-webbing-harness/. Public catalog price was unavailable; unit_price is an estimated average for similar products in this category.,RM,96.34,43,unit,active,2026-06-15T13:25:21.657742+00:00,2026-06-15T13:25:21.657742+00:00
SWP-92725727,SW-SAFETY-HELMETS-53243-543,PROGUARD Advanlite 2 ABS Vented Shell,Safety Helmets,Safetyware catalog item from category 'Safety Helmets'. Source: https://safetyware.com/product/proguard-advanlite-2-abs-vented-shell/. Public catalog price was unavailable; unit_price is an estimated average for similar products in this category.,RM,106.23,407,unit,active,2026-06-15T13:25:21.657742+00:00,2026-06-15T13:25:21.657742+00:00
SWP-13972121,SW-SAFETY-HELMETS-56235-443,PROGUARD Advantage I Slide Lock Helmet,Safety Helmets,Safetyware catalog item from category 'Safety Helmets'. Source: https://safetyware.com/product/proguard-advantage-i-slide-lock-helmet-2/. Public catalog price was unavailable; unit_price is an estimated average for similar products in this category.,RM,94.59,486,unit,active,2026-06-15T13:25:21.657742+00:00,2026-06-15T13:25:21.657742+00:00
SWP-30595495,SW-SAFETY-HELMETS-56249-307,PROGUARD Advantage I Stealth Lock Helmet,Safety Helmets,Safetyware catalog item from category 'Safety Helmets'. Source: https://safetyware.com/product/proguard-advantage-i-stealth-lock-helmet/. Public catalog price was unavailable; unit_price is an estimated average for similar products in this category.,RM,112.46,102,unit,active,2026-06-15T13:25:21.657742+00:00,2026-06-15T13:25:21.657742+00:00
SWP-38329671,SW-SAFETY-HELMETS-56302-971,PROGUARD Advantage II Pin Lock Safety Helmet,Safety Helmets,Safetyware catalog item from category 'Safety Helmets'. Source: https://safetyware.com/product/proguard-advantage-ii-pin-lock-safety-helmet/. Public catalog price was unavailable; unit_price is an estimated average for similar products in this category.,RM,101.67,432,unit,active,2026-06-15T13:25:21.657742+00:00,2026-06-15T13:25:21.657742+00:00
SWP-16777471,SW-SAFETY-HELMETS-53335-532,PROGUARD Advantage II Safety Helmet (Ratchet System),Safety Helmets,Safetyware catalog item from category 'Safety Helmets'. Source: https://safetyware.com/product/proguard-advantage-ii/. Public catalog price was unavailable; unit_price is an estimated average for similar products in this category.,RM,71.12,258,unit,active,2026-06-15T13:25:21.657742+00:00,2026-06-15T13:25:21.657742+00:00
SWP-43115815,SW-SAFETY-HELMETS-56271-861,PROGUARD Advantage II Slide Lock Safety Helmet,Safety Helmets,Safetyware catalog item from category 'Safety Helmets'. Source: https://safetyware.com/product/proguard-advantage-ii-slide-lock-safety-helmet/. Public catalog price was unavailable; unit_price is an estimated average for similar products in this category.,RM,34.55,108,unit,active,2026-06-15T13:25:21.657742+00:00,2026-06-15T13:25:21.657742+00:00
SWP-40941773,SW-SAFETY-KNIVES-6097-176,PHC RSC-432 Disposable Restaurant Safety Cutter,Safety Knives,Safetyware catalog item from category 'Safety Knives'. Source: https://safetyware.com/product/phc-rsc-432-disposable-restaurant-safety-cutter/. Public catalog price was unavailable; unit_price is an estimated average for similar products in this category.,RM,293.51,9,unit,active,2026-06-15T13:25:21.657742+00:00,2026-06-15T13:25:21.657742+00:00
SWP-70791995,SW-SAFETY-KNIVES-6212-565,PHC EZ4™ Guarded Auto-Retract Safety Knife with Extendable Metal Guard,Safety Knives,Safetyware catalog item from category 'Safety Knives'. Source: https://safetyware.com/product/phc-ez4-guarded-auto-retract-safety-knife-with-extendable-metal-guard/. Public catalog price was unavailable; unit_price is an estimated average for similar products in this category.,RM,161.20,106,unit,active,2026-06-15T13:25:21.657742+00:00,2026-06-15T13:25:21.657742+00:00
SWP-73961181,SW-SAFETY-KNIVES-6289-624,PHC S8 Ambidextrous Safety Cutter with Fixed Metal Guards,Safety Knives,Safetyware catalog item from category 'Safety Knives'. Source: https://safetyware.com/product/phc-s8-ambidextrous-safety-cutter-with-fixed-metal-guards/. Public catalog price was unavailable; unit_price is an estimated average for similar products in this category.,RM,334.37,453,unit,active,2026-06-15T13:25:21.657742+00:00,2026-06-15T13:25:21.657742+00:00
SWP-43314021,SW-SAFETY-KNIVES-6233-184,PHC S7 Auto-Retract Ambidextrous Safety Knife with Film Cutter,Safety Knives,Safetyware catalog item from category 'Safety Knives'. Source: https://safetyware.com/product/phc-s7-auto-retract-ambidextrous-safety-knife-with-film-cutter/. Public catalog price was unavailable; unit_price is an estimated average for similar products in this category.,RM,124.74,54,unit,active,2026-06-15T13:25:21.657742+00:00,2026-06-15T13:25:21.657742+00:00
SWP-98380481,SW-SAFETY-KNIVES-6290-516,PHC QBS-20 Quickblade® Auto-Retract Utility Knife,Safety Knives,Safetyware catalog item from category 'Safety Knives'. Source: https://safetyware.com/product/phc-qbs-20-quickblade-auto-retract-utility-knife/. Public catalog price was unavailable; unit_price is an estimated average for similar products in this category.,RM,444.25,255,unit,active,2026-06-15T13:25:21.657742+00:00,2026-06-15T13:25:21.657742+00:00
SWP-75202461,SW-SAFETY-KNIVES-7577-357,PHC BC-347 Raze Bag Cutter (Box of 12 pcs),Safety Knives,Safetyware catalog item from category 'Safety Knives'. Source: https://safetyware.com/product/phc-bc-347-raze-bag-cutter/. Public catalog price was unavailable; unit_price is an estimated average for similar products in this category.,RM,90.60,249,unit,active,2026-06-15T13:25:21.657742+00:00,2026-06-15T13:25:21.657742+00:00
SWP-16348805,SW-SAFETY-KNIVES-7578-168,PHC PSC2-300 Auto-Retract Pocket Safety Knife (Box of 12 pcs),Safety Knives,Safetyware catalog item from category 'Safety Knives'. Source: https://safetyware.com/product/phc-psc2-300-auto-retract-pocket-safety-knife/. Public catalog price was unavailable; unit_price is an estimated average for similar products in this category.,RM,324.21,140,unit,active,2026-06-15T13:25:21.657742+00:00,2026-06-15T13:25:21.657742+00:00
SWP-77273726,SW-SAFETY-KNIVES-7576-133,PHC EBC1 Enclosed Blade Safety Cutter,Safety Knives,Safetyware catalog item from category 'Safety Knives'. Source: https://safetyware.com/product/phc-ebc1-enclosed-blade-safety-cutter/. Public catalog price was unavailable; unit_price is an estimated average for similar products in this category.,RM,275.86,424,unit,active,2026-06-15T13:25:21.657742+00:00,2026-06-15T13:25:21.657742+00:00
SWP-89234544,SW-SAFETY-KNIVES-7575-208,PHC SH-701 Film & Foam Safety Cutter,Safety Knives,Safetyware catalog item from category 'Safety Knives'. Source: https://safetyware.com/product/phc-sh-701-film-foam-safety-cutter/. Public catalog price was unavailable; unit_price is an estimated average for similar products in this category.,RM,431.39,170,unit,active,2026-06-15T13:25:21.657742+00:00,2026-06-15T13:25:21.657742+00:00
SWP-15896467,SW-SAFETY-KNIVES-79300-936,KLEVER Kleen™ Xchange 65 XD Extra Durable Wide Antimicrobial Safety Cutter.,Safety Knives,Safetyware catalog item from category 'Safety Knives'. Source: https://safetyware.com/product/klever-kleen-xchange-65-xd-extra-durable-wide-antimicrobial-safety-cutter/. Public catalog price was unavailable; unit_price is an estimated average for similar products in this category.,RM,344.80,317,unit,active,2026-06-15T13:25:21.657742+00:00,2026-06-15T13:25:21.657742+00:00
SWP-81087092,SW-SAFETY-POSTER-35955-667,"QUICKSIGN Safety Poster – P001 Work Safely , Kerja dengan Selamat",Safety Poster,Safetyware catalog item from category 'Safety Poster'. Source: https://safetyware.com/product/quicksign-safety-poster-p001-work-safely-kerja-dengan-selamat/. Public catalog price was unavailable; unit_price is an estimated average for similar products in this category.,RM,20.91,87,pack,active,2026-06-15T13:25:21.657742+00:00,2026-06-15T13:25:21.657742+00:00
SWP-34067332,SW-SAFETY-PROCEDURE-SIGN-PO-17980-451,QUICKSIGN Safety Procedure Sign – SP001 Emergency shower,Safety Procedure Sign Portrait,Safetyware catalog item from category 'Safety Procedure Sign Portrait'. Source: https://safetyware.com/product/quicksign-safety-procedure-sign-sp001-emergency-shower/. Public catalog price was unavailable; unit_price is an estimated average for similar products in this category.,RM,35.62,462,pack,active,2026-06-15T13:25:21.657742+00:00,2026-06-15T13:25:21.657742+00:00
SWP-48070436,SW-SAFETY-PROCEDURE-SIGN-PO-18003-343,QUICKSIGN Safety Procedure Sign – SP002 Eye wash,Safety Procedure Sign Portrait,Safetyware catalog item from category 'Safety Procedure Sign Portrait'. Source: https://safetyware.com/product/quicksign-safety-procedure-sign-sp002-eye-wash/. Public catalog price was unavailable; unit_price is an estimated average for similar products in this category.,RM,17.64,108,pack,active,2026-06-15T13:25:21.657742+00:00,2026-06-15T13:25:21.657742+00:00
SWP-24188221,SW-SAFETY-PROCEDURE-SIGN-PO-18024-189,QUICKSIGN Safety Procedure Sign – SP003 Emergency Eyewash Station,Safety Procedure Sign Portrait,Safetyware catalog item from category 'Safety Procedure Sign Portrait'. Source: https://safetyware.com/product/quicksign-safety-procedure-sign-sp003-emergency-eyewash-station/. Public catalog price was unavailable; unit_price is an estimated average for similar products in this category.,RM,18.42,20,pack,active,2026-06-15T13:25:21.657742+00:00,2026-06-15T13:25:21.657742+00:00
SWP-96121423,SW-SAFETY-PROCEDURE-SIGN-PO-18045-262,QUICKSIGN Safety Procedure Sign – SP004 EMERGENCY EYE WASH,Safety Procedure Sign Portrait,Safetyware catalog item from category 'Safety Procedure Sign Portrait'. Source: https://safetyware.com/product/quicksign-safety-procedure-sign-sp004-emergency-eye-wash/. Public catalog price was unavailable; unit_price is an estimated average for similar products in this category.,RM,40.44,232,pack,active,2026-06-15T13:25:21.657742+00:00,2026-06-15T13:25:21.657742+00:00
SWP-68074179,SW-SAFETY-PROCEDURE-SIGN-PO-18066-976,"QUICKSIGN Safety Procedure Sign – SP005 Eye Wash, Emergency Shower",Safety Procedure Sign Portrait,Safetyware catalog item from category 'Safety Procedure Sign Portrait'. Source: https://safetyware.com/product/quicksign-safety-procedure-sign-sp005-eye-wash-emergency-shower/. Public catalog price was unavailable; unit_price is an estimated average for similar products in this category.,RM,14.97,244,pack,active,2026-06-15T13:25:21.657742+00:00,2026-06-15T13:25:21.657742+00:00
SWP-40393605,SW-SAFETY-PROCEDURE-SIGN-PO-18087-288,QUICKSIGN Safety Procedure Sign – SP006 Safety First Emergency shower Eye Wash,Safety Procedure Sign Portrait,Safetyware catalog item from category 'Safety Procedure Sign Portrait'. Source: https://safetyware.com/product/quicksign-safety-procedure-sign-sp006-safety-first-emergency-shower-eye-wash/. Public catalog price was unavailable; unit_price is an estimated average for similar products in this category.,RM,52.20,448,pack,active,2026-06-15T13:25:21.657742+00:00,2026-06-15T13:25:21.657742+00:00
SWP-19644233,SW-SAFETY-PROCEDURE-SIGN-PO-18108-651,QUICKSIGN Safety Procedure Sign – SP007 First Aid,Safety Procedure Sign Portrait,Safetyware catalog item from category 'Safety Procedure Sign Portrait'. Source: https://safetyware.com/product/quicksign-safety-procedure-sign-sp001-emergency-shower-copy/. Public catalog price was unavailable; unit_price is an estimated average for similar products in this category.,RM,46.16,200,pack,active,2026-06-15T13:25:21.657742+00:00,2026-06-15T13:25:21.657742+00:00
SWP-94501575,SW-SAFETY-PROCEDURE-SIGN-PO-18129-786,QUICKSIGN Safety Procedure Sign – SP008 Safety first,Safety Procedure Sign Portrait,Safetyware catalog item from category 'Safety Procedure Sign Portrait'. Source: https://safetyware.com/product/quicksign-safety-procedure-sign-sp008-safety-first/. Public catalog price was unavailable; unit_price is an estimated average for similar products in this category.,RM,30.23,294,pack,active,2026-06-15T13:25:21.657742+00:00,2026-06-15T13:25:21.657742+00:00
SWP-97140978,SW-SAFETY-PROCEDURE-SIGN-PO-18150-403,QUICKSIGN Safety Procedure Sign – SP009 Safety First,Safety Procedure Sign Portrait,Safetyware catalog item from category 'Safety Procedure Sign Portrait'. Source: https://safetyware.com/product/quicksign-safety-procedure-sign-sp009-safety-first/. Public catalog price was unavailable; unit_price is an estimated average for similar products in this category.,RM,16.12,292,pack,active,2026-06-15T13:25:21.657742+00:00,2026-06-15T13:25:21.657742+00:00
SWP-44761716,SW-SAFETY-PROCEDURE-SIGN-PO-18171-285,QUICKSIGN Safety Procedure Sign – SP010 Emergency telephone,Safety Procedure Sign Portrait,Safetyware catalog item from category 'Safety Procedure Sign Portrait'. Source: https://safetyware.com/product/quicksign-safety-procedure-sign-sp010-emergency-telephone/. Public catalog price was unavailable; unit_price is an estimated average for similar products in this category.,RM,45.74,89,pack,active,2026-06-15T13:25:21.657742+00:00,2026-06-15T13:25:21.657742+00:00
SWP-83715587,SW-SAFETY-RATED-FLASHLIGHTS-9731-844,SAFETYWARE SP-3 EX Waterproof Flashlight,Safety Rated Flashlights,Safetyware catalog item from category 'Safety Rated Flashlights'. Source: https://safetyware.com/product/safetyware-sp-3-ex-waterproof-flashlight/. Public catalog price was unavailable; unit_price is an estimated average for similar products in this category.,RM,56.53,462,unit,active,2026-06-15T13:25:21.657742+00:00,2026-06-15T13:25:21.657742+00:00
SWP-83756387,SW-SAFETY-RATED-FLASHLIGHTS-9732-743,SAFETYWARE SP-4 EX Waterproof Flashlight,Safety Rated Flashlights,Safetyware catalog item from category 'Safety Rated Flashlights'. Source: https://safetyware.com/product/safetyware-sp-4-ex-waterproof-flashlight/. Public catalog price was unavailable; unit_price is an estimated average for similar products in this category.,RM,487.00,383,unit,active,2026-06-15T13:25:21.657742+00:00,2026-06-15T13:25:21.657742+00:00
SWP-56109613,SW-SAFETY-RATED-FLASHLIGHTS-9733-408,SAFETYWARE SP-1 EX Rechargeable LED Flashlight,Safety Rated Flashlights,Safetyware catalog item from category 'Safety Rated Flashlights'. Source: https://safetyware.com/product/safetyware-sp-1-ex-rechargeable-led-flashlight/. Public catalog price was unavailable; unit_price is an estimated average for similar products in this category.,RM,407.29,213,unit,active,2026-06-15T13:25:21.657742+00:00,2026-06-15T13:25:21.657742+00:00
SWP-79449732,SW-SAFETY-RATED-FLASHLIGHTS-9734-764,SAFETYWARE SP-2 EX Rechargeable LED Flashlight,Safety Rated Flashlights,Safetyware catalog item from category 'Safety Rated Flashlights'. Source: https://safetyware.com/product/safetyware-sp-2-ex-rechargeable-led-flashlight/. Public catalog price was unavailable; unit_price is an estimated average for similar products in this category.,RM,436.16,283,unit,active,2026-06-15T13:25:21.657742+00:00,2026-06-15T13:25:21.657742+00:00
SWP-40490071,SW-SAFETY-RATED-FLASHLIGHTS-9496-208,BRIGHTSTAR WorkSAFE 2217 LED Flashlight,Safety Rated Flashlights,Safetyware catalog item from category 'Safety Rated Flashlights'. Source: https://safetyware.com/product/brightstar-worksafe-2217-led-flashlight/. Public catalog price was unavailable; unit_price is an estimated average for similar products in this category.,RM,100.03,434,unit,active,2026-06-15T13:25:21.657742+00:00,2026-06-15T13:25:21.657742+00:00
SWP-98717566,SW-SAFETY-RATED-FLASHLIGHTS-9569-236,BRIGHTSTAR WorkSAFE 2206 LED Lantern,Safety Rated Flashlights,Safetyware catalog item from category 'Safety Rated Flashlights'. Source: https://safetyware.com/product/brightstar-worksafe-2206-led-lantern/. Public catalog price was unavailable; unit_price is an estimated average for similar products in this category.,RM,225.22,424,unit,active,2026-06-15T13:25:21.657742+00:00,2026-06-15T13:25:21.657742+00:00
SWP-54836661,SW-SAFETY-RATED-FLASHLIGHTS-9625-556,BRIGHTSTAR Razor 60160 LED Flashlight,Safety Rated Flashlights,Safetyware catalog item from category 'Safety Rated Flashlights'. Source: https://safetyware.com/product/brightstar-razor-60160-led-flashlight/. Public catalog price was unavailable; unit_price is an estimated average for similar products in this category.,RM,415.04,113,unit,active,2026-06-15T13:25:21.657742+00:00,2026-06-15T13:25:21.657742+00:00
SWP-30619775,SW-SCHEDULE-WASTE-SIGNS-28455-644,QUICKSIGN Schedule Waste Sign – SW001 INFLAMMABLE LIQUIDS (WASTE),Schedule Waste Signs,Safetyware catalog item from category 'Schedule Waste Signs'. Source: https://safetyware.com/product/quicksign-schedule-waste-sign-sw001-inflammable-liquids-waste/. Public catalog price was unavailable; unit_price is an estimated average for similar products in this category.,RM,33.87,427,pack,active,2026-06-15T13:25:21.657742+00:00,2026-06-15T13:25:21.657742+00:00
SWP-23024011,SW-SCHEDULE-WASTE-SIGNS-36473-192,QUICKSIGN Schedule Waste Sign – SW002 ORGANIC PEROXIDES (WASTE),Schedule Waste Signs,Safetyware catalog item from category 'Schedule Waste Signs'. Source: https://safetyware.com/product/quicksign-schedule-waste-sign-sw002-organic-peroxides-waste/. Public catalog price was unavailable; unit_price is an estimated average for similar products in this category.,RM,35.42,219,pack,active,2026-06-15T13:25:21.657742+00:00,2026-06-15T13:25:21.657742+00:00
SWP-81168236,SW-SCHEDULE-WASTE-SIGNS-36595-338,QUICKSIGN Schedule Waste Sign – SW003 EXPLOSIVE SUBSTANCES (WASTE),Schedule Waste Signs,Safetyware catalog item from category 'Schedule Waste Signs'. Source: https://safetyware.com/product/quicksign-schedule-waste-sign-sw003-explosive-substances-waste/. Public catalog price was unavailable; unit_price is an estimated average for similar products in this category.,RM,41.78,194,pack,active,2026-06-15T13:25:21.657742+00:00,2026-06-15T13:25:21.657742+00:00
SWP-48089126,SW-SCHEDULE-WASTE-SIGNS-36616-161,QUICKSIGN Schedule Waste Sign – SW004 CORROSIVE (WASTE),Schedule Waste Signs,Safetyware catalog item from category 'Schedule Waste Signs'. Source: https://safetyware.com/product/quicksign-schedule-waste-sign-sw004-corrosive-waste/. Public catalog price was unavailable; unit_price is an estimated average for similar products in this category.,RM,33.79,11,pack,active,2026-06-15T13:25:21.657742+00:00,2026-06-15T13:25:21.657742+00:00
SWP-33738012,SW-SCHEDULE-WASTE-SIGNS-36658-342,QUICKSIGN Schedule Waste Sign – SW005 TOXIC SUBSTANCES (WASTE),Schedule Waste Signs,Safetyware catalog item from category 'Schedule Waste Signs'. Source: https://safetyware.com/product/quicksign-schedule-waste-sign-sw005-toxic-substances-waste/. Public catalog price was unavailable; unit_price is an estimated average for similar products in this category.,RM,44.41,133,pack,active,2026-06-15T13:25:21.657742+00:00,2026-06-15T13:25:21.657742+00:00
SWP-71636396,SW-SCHEDULE-WASTE-SIGNS-36709-948,QUICKSIGN Schedule Waste Sign – SW006 BAHAN TOKSIK (BUANGAN) SW 305,Schedule Waste Signs,Safetyware catalog item from category 'Schedule Waste Signs'. Source: https://safetyware.com/product/quicksign-schedule-waste-sign-sw006-bahan-toksik-buangan-sw-305/. Public catalog price was unavailable; unit_price is an estimated average for similar products in this category.,RM,49.15,254,pack,active,2026-06-15T13:25:21.657742+00:00,2026-06-15T13:25:21.657742+00:00
SWP-88854387,SW-SCHEDULE-WASTE-SIGNS-36730-473,QUICKSIGN Schedule Waste Sign – SW007 TOXIC SUBSTANCES (WASTE) MICROWAVE RESIDUE SW501,Schedule Waste Signs,Safetyware catalog item from category 'Schedule Waste Signs'. Source: https://safetyware.com/product/quicksign-schedule-waste-sign-sw007-toxic-substances-waste-microwave-residue-sw501/. Public catalog price was unavailable; unit_price is an estimated average for similar products in this category.,RM,33.20,404,pack,active,2026-06-15T13:25:21.657742+00:00,2026-06-15T13:25:21.657742+00:00
SWP-18838301,SW-SCHEDULE-WASTE-SIGNS-36760-281,QUICKSIGN Schedule Waste Sign – SW008 FLAMMABLE MUDAH TERBAKAR (Waste) SW 322 Waste Solvent,Schedule Waste Signs,Safetyware catalog item from category 'Schedule Waste Signs'. Source: https://safetyware.com/product/quicksign-schedule-waste-sign-sw008-flammable-mudah-terbakar-waste-sw-322-waste-solvent/. Public catalog price was unavailable; unit_price is an estimated average for similar products in this category.,RM,31.40,297,pack,active,2026-06-15T13:25:21.657742+00:00,2026-06-15T13:25:21.657742+00:00
SWP-34952031,SW-SCHEDULE-WASTE-SIGNS-36808-907,QUICKSIGN Schedule Waste Sign – SW009 TOXIC EMPTY CHEMICAL CONTAINER SW 409,Schedule Waste Signs,Safetyware catalog item from category 'Schedule Waste Signs'. Source: https://safetyware.com/product/quicksign-schedule-waste-sign-sw009-toxic-empty-chemical-container-sw-409/. Public catalog price was unavailable; unit_price is an estimated average for similar products in this category.,RM,21.57,131,pack,active,2026-06-15T13:25:21.657742+00:00,2026-06-15T13:25:21.657742+00:00
SWP-27130096,SW-SCHEDULE-WASTE-SIGNS-37147-725,QUICKSIGN Schedule Waste Sign – SW010 TOXIC SUBSTANCES (WASTE) SW 409,Schedule Waste Signs,Safetyware catalog item from category 'Schedule Waste Signs'. Source: https://safetyware.com/product/quicksign-schedule-waste-sign-sw010-toxic-substances-waste-sw-409/. Public catalog price was unavailable; unit_price is an estimated average for similar products in this category.,RM,46.09,449,pack,active,2026-06-15T13:25:21.657742+00:00,2026-06-15T13:25:21.657742+00:00
SWP-45898051,SW-SECONDARY-CONTAINMENT-30526-240,"SAFETYWARE HDPE 2 Drums,Yellow",Secondary Containment,Safetyware catalog item from category 'Secondary Containment'. Source: https://safetyware.com/product/safetyware-hdpe-2-drumsyellow/. Public catalog price was unavailable; unit_price is an estimated average for similar products in this category.,RM,239.86,269,unit,active,2026-06-15T13:25:21.657742+00:00,2026-06-15T13:25:21.657742+00:00
SWP-90784565,SW-SECONDARY-CONTAINMENT-30528-249,"SAFETYWARE HDPE 4 Drums,Yellow",Secondary Containment,Safetyware catalog item from category 'Secondary Containment'. Source: https://safetyware.com/product/safetyware-hdpe-4-drums-yellow/. Public catalog price was unavailable; unit_price is an estimated average for similar products in this category.,RM,74.26,9,unit,active,2026-06-15T13:25:21.657742+00:00,2026-06-15T13:25:21.657742+00:00
SWP-91396474,SW-SECONDARY-CONTAINMENT-30525-671,SAFETYWARE Chemical Resistant Polyethylene Tray,Secondary Containment,Safetyware catalog item from category 'Secondary Containment'. Source: https://safetyware.com/product/safetyware-chemical-resistant-polyethylene-tray/. Public catalog price was unavailable; unit_price is an estimated average for similar products in this category.,RM,233.59,165,unit,active,2026-06-15T13:25:21.657742+00:00,2026-06-15T13:25:21.657742+00:00
SWP-19941920,SW-SECONDARY-CONTAINMENT-30529-668,SAFETYWARE IBC Spill Pallet,Secondary Containment,Safetyware catalog item from category 'Secondary Containment'. Source: https://safetyware.com/product/safetyware-ibc-spill-pallet/. Public catalog price was unavailable; unit_price is an estimated average for similar products in this category.,RM,471.77,158,unit,active,2026-06-15T13:25:21.657742+00:00,2026-06-15T13:25:21.657742+00:00
SWP-80280758,SW-SECONDARY-CONTAINMENT-42362-184,SAFETYWARE Single IBC Spill Pallet with Black Drain Cover,Secondary Containment,Safetyware catalog item from category 'Secondary Containment'. Source: https://safetyware.com/product/safetyware-single-ibc-spill-pallet-with-black-drain-cover/. Public catalog price was unavailable; unit_price is an estimated average for similar products in this category.,RM,197.61,305,unit,active,2026-06-15T13:25:21.657742+00:00,2026-06-15T13:25:21.657742+00:00
SWP-48849995,SW-SECONDARY-CONTAINMENT-32692-523,SAFETYWARE Double IBC Spill Pallet with Black Drain Cover,Secondary Containment,Safetyware catalog item from category 'Secondary Containment'. Source: https://safetyware.com/product/safetyware-double-ibc-spill-pallet/. Public catalog price was unavailable; unit_price is an estimated average for similar products in this category.,RM,307.61,65,unit,active,2026-06-15T13:25:21.657742+00:00,2026-06-15T13:25:21.657742+00:00
SWP-39514882,SW-SECONDARY-CONTAINMENT-31936-400,SPILL STATION Pallet Racking Bund,Secondary Containment,Safetyware catalog item from category 'Secondary Containment'. Source: https://safetyware.com/product/spill-station-pallet-racking-bund/. Public catalog price was unavailable; unit_price is an estimated average for similar products in this category.,RM,423.88,126,unit,active,2026-06-15T13:25:21.657742+00:00,2026-06-15T13:25:21.657742+00:00
SWP-23291530,SW-SECONDARY-CONTAINMENT-31172-640,SPILL STATION Double IBC Spill Containment Pallet Four Way Entry without Drain Plug,Secondary Containment,Safetyware catalog item from category 'Secondary Containment'. Source: https://safetyware.com/product/spill-staion-double-ibc-spill-containment-pallet-four-way-entry-without-drain-plug/. Public catalog price was unavailable; unit_price is an estimated average for similar products in this category.,RM,384.45,330,unit,active,2026-06-15T13:25:21.657742+00:00,2026-06-15T13:25:21.657742+00:00
SWP-96132026,SW-SECONDARY-CONTAINMENT-31238-836,SPILL STATION Roll-Top Spill Pallet,Secondary Containment,Safetyware catalog item from category 'Secondary Containment'. Source: https://safetyware.com/product/spill-station-2-drum-roll-top/. Public catalog price was unavailable; unit_price is an estimated average for similar products in this category.,RM,379.47,472,unit,active,2026-06-15T13:25:21.657742+00:00,2026-06-15T13:25:21.657742+00:00
SWP-18959531,SW-SECONDARY-CONTAINMENT-31933-539,SPILL STATION Bunded Trolley,Secondary Containment,Safetyware catalog item from category 'Secondary Containment'. Source: https://safetyware.com/product/spill-station-bunded-trolley/. Public catalog price was unavailable; unit_price is an estimated average for similar products in this category.,RM,348.82,368,unit,active,2026-06-15T13:25:21.657742+00:00,2026-06-15T13:25:21.657742+00:00
SWP-94248659,SW-SELF-CONTAINED-BREATHING-2443-339,SAFETYWARE AirGuard 6.8L SCBA Breathing Apparatus,Self Contained Breathing Apparatus Scba,Safetyware catalog item from category 'Self Contained Breathing Apparatus Scba'. Source: https://safetyware.com/product/safetyware-malaysia-airguard-scba/. Public catalog price was unavailable; unit_price is an estimated average for similar products in this category.,RM,136.58,126,unit,active,2026-06-15T13:25:21.657742+00:00,2026-06-15T13:25:21.657742+00:00
SWP-45997380,SW-SELF-CONTAINED-BREATHING-2444-396,SAFETYWARE Premium SCBA,Self Contained Breathing Apparatus Scba,Safetyware catalog item from category 'Self Contained Breathing Apparatus Scba'. Source: https://safetyware.com/product/safetyware-abs-2-scba/. Public catalog price was unavailable; unit_price is an estimated average for similar products in this category.,RM,298.95,177,unit,active,2026-06-15T13:25:21.657742+00:00,2026-06-15T13:25:21.657742+00:00
SWP-62284175,SW-SELF-RETRACTING-LIFELINE-5411-379,KSTRONG Micron SRL 2 Meter with Aluminum Scaffold Hook,Self Retracting Lifelines Srl,Safetyware catalog item from category 'Self Retracting Lifelines Srl'. Source: https://safetyware.com/product/kstrong-micron-srl-2-meter-with-aluminum-scaffold-hook/. Public catalog price was unavailable; unit_price is an estimated average for similar products in this category.,RM,137.67,425,unit,active,2026-06-15T13:25:21.657742+00:00,2026-06-15T13:25:21.657742+00:00
SWP-94866161,SW-SELF-RETRACTING-LIFELINE-5418-415,KSTRONG Micron Twin SRL 2 Meter with Aluminum Scaffold Hook,Self Retracting Lifelines Srl,Safetyware catalog item from category 'Self Retracting Lifelines Srl'. Source: https://safetyware.com/product/kstrong-twin-micron-srl-2-meter-with-aluminum-scaffold-hook/. Public catalog price was unavailable; unit_price is an estimated average for similar products in this category.,RM,167.98,113,unit,active,2026-06-15T13:25:21.657742+00:00,2026-06-15T13:25:21.657742+00:00
SWP-28051944,SW-SELF-RETRACTING-LIFELINE-21043-588,KSTRONG Brute Sharp Edge SRL (Wire Rope) 3.5 Meter with Steel Snap Hook,Self Retracting Lifelines Srl,Safetyware catalog item from category 'Self Retracting Lifelines Srl'. Source: https://safetyware.com/product/kstrong-brute-sharp-edge-srl-wire-rope-3-5-meter-with-steel-snap-hook/. Public catalog price was unavailable; unit_price is an estimated average for similar products in this category.,RM,51.83,475,unit,active,2026-06-15T13:25:21.657742+00:00,2026-06-15T13:25:21.657742+00:00
SWP-49868520,SW-SELF-RETRACTING-LIFELINE-21058-785,KSTRONG Brute Sharp Edge SRL (Wire Rope) 6 Meter with Steel Snap Hook,Self Retracting Lifelines Srl,Safetyware catalog item from category 'Self Retracting Lifelines Srl'. Source: https://safetyware.com/product/kstrong-brute-sharp-edge-srl-wire-rope-6-meter-with-steel-snap-hook/. Public catalog price was unavailable; unit_price is an estimated average for similar products in this category.,RM,437.97,357,unit,active,2026-06-15T13:25:21.657742+00:00,2026-06-15T13:25:21.657742+00:00
SWP-14013603,SW-SELF-RETRACTING-LIFELINE-21065-991,KSTRONG Brute Sharp Edge SRL (Wire Rope) 10 Meter with Steel Snap Hook,Self Retracting Lifelines Srl,Safetyware catalog item from category 'Self Retracting Lifelines Srl'. Source: https://safetyware.com/product/kstrong-brute-sharp-edge-srl-wire-rope-10-meter-with-steel-snap-hook/. Public catalog price was unavailable; unit_price is an estimated average for similar products in this category.,RM,260.27,249,unit,active,2026-06-15T13:25:21.657742+00:00,2026-06-15T13:25:21.657742+00:00
SWP-45993563,SW-SELF-RETRACTING-LIFELINE-5436-409,KSTRONG Brute SRL Block (Wire Rope) 3.5 Meter with Steel Snap Hook,Self Retracting Lifelines Srl,Safetyware catalog item from category 'Self Retracting Lifelines Srl'. Source: https://safetyware.com/product/kstrong-brute-srl-block-wire-rope-3-5-meter-with-steel-snap-hook/. Public catalog price was unavailable; unit_price is an estimated average for similar products in this category.,RM,307.66,494,unit,active,2026-06-15T13:25:21.657742+00:00,2026-06-15T13:25:21.657742+00:00
SWP-81115422,SW-SELF-RETRACTING-LIFELINE-5369-945,KSTRONG Brute SRL Block (Wire Rope) 6 Meter with Steel Snap Hook,Self Retracting Lifelines Srl,Safetyware catalog item from category 'Self Retracting Lifelines Srl'. Source: https://safetyware.com/product/kstrong-brute-srl-block-wire-rope-6-meter-with-steel-snap-hook/. Public catalog price was unavailable; unit_price is an estimated average for similar products in this category.,RM,416.24,65,unit,active,2026-06-15T13:25:21.657742+00:00,2026-06-15T13:25:21.657742+00:00
SWP-33395709,SW-SELF-RETRACTING-LIFELINE-5377-989,KSTRONG Brute SRL Block (Wire Rope) 10 Meter with Steel Snap Hook,Self Retracting Lifelines Srl,Safetyware catalog item from category 'Self Retracting Lifelines Srl'. Source: https://safetyware.com/product/kstrong-brute-srl-block-wire-rope-10-meter-with-steel-snap-hook/. Public catalog price was unavailable; unit_price is an estimated average for similar products in this category.,RM,312.71,298,unit,active,2026-06-15T13:25:21.657742+00:00,2026-06-15T13:25:21.657742+00:00
SWP-12858708,SW-SELF-RETRACTING-LIFELINE-5384-556,KSTRONG Brute SRL Block (Wire Rope) 15 Meter with Steel Snap Hook,Self Retracting Lifelines Srl,Safetyware catalog item from category 'Self Retracting Lifelines Srl'. Source: https://safetyware.com/product/kstrong-brute-srl-block-wire-rope-15-meter-with-steel-snap-hook/. Public catalog price was unavailable; unit_price is an estimated average for similar products in this category.,RM,95.45,248,unit,active,2026-06-15T13:25:21.657742+00:00,2026-06-15T13:25:21.657742+00:00
SWP-86422962,SW-SELF-RETRACTING-LIFELINE-5391-254,KSTRONG Brute SRL Block (Wire Rope) 20 Meter with Steel Snap Hook,Self Retracting Lifelines Srl,Safetyware catalog item from category 'Self Retracting Lifelines Srl'. Source: https://safetyware.com/product/kstrong-brute-srl-block-wire-rope-20-meter-with-steel-snap-hook/. Public catalog price was unavailable; unit_price is an estimated average for similar products in this category.,RM,310.31,350,unit,active,2026-06-15T13:25:21.657742+00:00,2026-06-15T13:25:21.657742+00:00
SWP-66079388,SW-SOUND-VIBRATION-21952-949,EXTECH(USA) Personal Noise Dosimeter,Sound Vibration,Safetyware catalog item from category 'Sound Vibration'. Source: https://safetyware.com/product/quest-edge-4-personal-noise-dosimeter/. Public catalog price was unavailable; unit_price is an estimated average for similar products in this category.,RM,252.08,491,unit,active,2026-06-15T13:25:21.657742+00:00,2026-06-15T13:25:21.657742+00:00
SWP-40330804,SW-SPECIALTY-BOOTS-13347-338,HARVIK 9687L Fire Fighting Boots,Specialty Boots,Safetyware catalog item from category 'Specialty Boots'. Source: https://safetyware.com/product/harvik-9687l-fire-fighting-boots/. Public catalog price was unavailable; unit_price is an estimated average for similar products in this category.,RM,142.16,158,pair,active,2026-06-15T13:25:21.657742+00:00,2026-06-15T13:25:21.657742+00:00
SWP-78956110,SW-SPECIALTY-BOOTS-13413-343,RESPIREX WORKMASTER Dielectric Boots,Specialty Boots,Safetyware catalog item from category 'Specialty Boots'. Source: https://safetyware.com/product/respirex-workmaster-insulating-dielectric-class-2-boots/. Public catalog price was unavailable; unit_price is an estimated average for similar products in this category.,RM,242.37,44,pair,active,2026-06-15T13:25:21.657742+00:00,2026-06-15T13:25:21.657742+00:00
SWP-76785773,SW-SPECIALTY-BOOTS-13455-989,RESPIREX WORKMASTER Chemical Hazmax Boots,Specialty Boots,Safetyware catalog item from category 'Specialty Boots'. Source: https://safetyware.com/product/respirex-workmaster-hazmax-chemical-protective-anti-static-boots/. Public catalog price was unavailable; unit_price is an estimated average for similar products in this category.,RM,106.23,187,pair,active,2026-06-15T13:25:21.657742+00:00,2026-06-15T13:25:21.657742+00:00
SWP-48720008,SW-SPECIALTY-GLOVES-2526-845,PORTWEST A790 Anti Vibration Gloves,Specialty Gloves,Safetyware catalog item from category 'Specialty Gloves'. Source: https://safetyware.com/product/portwest-anti-vibration-gloves/. Public catalog price was unavailable; unit_price is an estimated average for similar products in this category.,RM,38.21,339,pair,active,2026-06-15T13:25:21.657742+00:00,2026-06-15T13:25:21.657742+00:00
SWP-47294690,SW-SPECIALTY-GLOVES-45092-969,SAFETYWARE Navy Blue Fire Gloves,Specialty Gloves,Safetyware catalog item from category 'Specialty Gloves'. Source: https://safetyware.com/product/safetyware-navy-blue-fire-gloves/. Public catalog price was unavailable; unit_price is an estimated average for similar products in this category.,RM,10.54,269,pair,active,2026-06-15T13:25:21.657742+00:00,2026-06-15T13:25:21.657742+00:00
SWP-87173846,SW-SPECIALTY-GLOVES-47499-349,SUPERIOR GLOVE Hi-Viz Clutch Gear,Specialty Gloves,Safetyware catalog item from category 'Specialty Gloves'. Source: https://safetyware.com/product/superior-glove-hi-viz-clutch-gear/. Public catalog price was unavailable; unit_price is an estimated average for similar products in this category.,RM,41.55,49,pair,active,2026-06-15T13:25:21.657742+00:00,2026-06-15T13:25:21.657742+00:00
SWP-80927809,SW-SPECIALTY-GLOVES-45097-838,SUPERIOR GLOVE S10LXPB Dexterity Puncture Resistant Gloves,Specialty Gloves,Safetyware catalog item from category 'Specialty Gloves'. Source: https://safetyware.com/product/superior-glove-s10lxpb-dexterity-puncture-resistant-gloves/. Public catalog price was unavailable; unit_price is an estimated average for similar products in this category.,RM,22.97,130,pair,active,2026-06-15T13:25:21.657742+00:00,2026-06-15T13:25:21.657742+00:00
SWP-23561762,SW-SPECIALTY-GLOVES-45648-604,SUPERIORGLOVE Endura™ 378GOBKL Arc Flash Goat Drivers Gloves,Specialty Gloves,Safetyware catalog item from category 'Specialty Gloves'. Source: https://safetyware.com/product/superiorglove-endura-arc-flash-goat-drivers-gloves/. Public catalog price was unavailable; unit_price is an estimated average for similar products in this category.,RM,31.66,444,pair,active,2026-06-15T13:25:21.657742+00:00,2026-06-15T13:25:21.657742+00:00
SWP-58363295,SW-SPECIALTY-GLOVES-45379-332,SUPERIOR GLOVE Ground Hog™ 14012GH Static Grounding Gloves,Specialty Gloves,Safetyware catalog item from category 'Specialty Gloves'. Source: https://safetyware.com/product/superior-glove-ground-hog-14012gh-static-grounding-gloves/. Public catalog price was unavailable; unit_price is an estimated average for similar products in this category.,RM,6.97,360,pair,active,2026-06-15T13:25:21.657742+00:00,2026-06-15T13:25:21.657742+00:00
SWP-76407644,SW-SPECIALTY-GLOVES-45630-535,SUPERIORGLOVE Endura™ 378GKGVB Multi-Hazard Goatskin Work Gloves,Specialty Gloves,Safetyware catalog item from category 'Specialty Gloves'. Source: https://safetyware.com/product/superiorglove-endura-378gkgvb-multi-hazard-goatskin-work-gloves/. Public catalog price was unavailable; unit_price is an estimated average for similar products in this category.,RM,19.84,474,pair,active,2026-06-15T13:25:21.657742+00:00,2026-06-15T13:25:21.657742+00:00
SWP-99795666,SW-SPECIALTY-GLOVES-46981-510,SAFETYWARE Arc Flash Glove (69 cal/cm2),Specialty Gloves,Safetyware catalog item from category 'Specialty Gloves'. Source: https://safetyware.com/product/safetyware-arc-flash-glove-69-cal-cm2/. Public catalog price was unavailable; unit_price is an estimated average for similar products in this category.,RM,12.34,340,pair,active,2026-06-15T13:25:21.657742+00:00,2026-06-15T13:25:21.657742+00:00
SWP-33858781,SW-SPECIALTY-GLOVES-47130-900,"ArcGuard 100cal Arc Flash Gloves, 18″ Long",Specialty Gloves,Safetyware catalog item from category 'Specialty Gloves'. Source: https://safetyware.com/product/arcguard-100cal-arc-flash-gloves-18-long/. Public catalog price was unavailable; unit_price is an estimated average for similar products in this category.,RM,13.82,267,pair,active,2026-06-15T13:25:21.657742+00:00,2026-06-15T13:25:21.657742+00:00
SWP-76138907,SW-SPECIALTY-GLOVES-46346-301,PORTWEST A780 ARC Grip,Specialty Gloves,Safetyware catalog item from category 'Specialty Gloves'. Source: https://safetyware.com/product/portwest-a780-arc-grip/. Public catalog price was unavailable; unit_price is an estimated average for similar products in this category.,RM,8.46,475,pair,active,2026-06-15T13:25:21.657742+00:00,2026-06-15T13:25:21.657742+00:00
SWP-10192005,SW-SPECIALTY-HELMETS-53268-471,BLUE EAGLE Flip-up Aluminized Hood,Specialty Helmets,Safetyware catalog item from category 'Specialty Helmets'. Source: https://safetyware.com/product/blue-eagle-flip-up-aluminized-hood/. Public catalog price was unavailable; unit_price is an estimated average for similar products in this category.,RM,90.89,225,unit,active,2026-06-15T13:25:21.657742+00:00,2026-06-15T13:25:21.657742+00:00
SWP-19177691,SW-SPECIALTY-HELMETS-4853-317,KTECH Rescue / Climbing Helmet,Specialty Helmets,Safetyware catalog item from category 'Specialty Helmets'. Source: https://safetyware.com/product/ktech-rescue-climbing-helmet/. Public catalog price was unavailable; unit_price is an estimated average for similar products in this category.,RM,85.34,285,unit,active,2026-06-15T13:25:21.657742+00:00,2026-06-15T13:25:21.657742+00:00
SWP-85240919,SW-SPECIALTY-HELMETS-3531-856,"3M™ SecureFit™ Safety Helmet, X5003VE-CE, Blue, Vented, 1000V",Specialty Helmets,Safetyware catalog item from category 'Specialty Helmets'. Source: https://safetyware.com/product/3m-securefit-safety-helmet-x5003ve-ce-blue-vented-1000v/. Public catalog price was unavailable; unit_price is an estimated average for similar products in this category.,RM,53.66,244,unit,active,2026-06-15T13:25:21.657742+00:00,2026-06-15T13:25:21.657742+00:00
SWP-92526598,SW-SPECIALTY-HELMETS-3532-288,"3M™ SecureFit™ Safety Helmet, X5005VE-CE, Red, Vented, 1000V",Specialty Helmets,Safetyware catalog item from category 'Specialty Helmets'. Source: https://safetyware.com/product/3m-securefit-safety-helmet-x5005ve-ce-red-vented-1000v/. Public catalog price was unavailable; unit_price is an estimated average for similar products in this category.,RM,61.89,496,unit,active,2026-06-15T13:25:21.657742+00:00,2026-06-15T13:25:21.657742+00:00
SWP-55884176,SW-SPECIALTY-HELMETS-52922-866,PAB FIRE 05,Specialty Helmets,Safetyware catalog item from category 'Specialty Helmets'. Source: https://safetyware.com/product/pab-fire-05/. Public catalog price was unavailable; unit_price is an estimated average for similar products in this category.,RM,63.79,450,unit,active,2026-06-15T13:25:21.657742+00:00,2026-06-15T13:25:21.657742+00:00
SWP-26661016,SW-SPECIALTY-HELMETS-5324-897,PAB Fire Compact Fireman Helmet w/ Integrated Face & Eye Protection,Specialty Helmets,Safetyware catalog item from category 'Specialty Helmets'. Source: https://safetyware.com/product/pab-fire-compact-fireman-helmet/. Public catalog price was unavailable; unit_price is an estimated average for similar products in this category.,RM,77.71,418,unit,active,2026-06-15T13:25:21.657742+00:00,2026-06-15T13:25:21.657742+00:00
SWP-69234370,SW-SPECIALTY-HELMETS-5588-464,"PORTWEST Professional Combi Kit w/ Helmet, Earmuffs & Visor",Specialty Helmets,Safetyware catalog item from category 'Specialty Helmets'. Source: https://safetyware.com/product/portwest-forestry-combi-kit-orange/. Public catalog price was unavailable; unit_price is an estimated average for similar products in this category.,RM,93.67,492,unit,active,2026-06-15T13:25:21.657742+00:00,2026-06-15T13:25:21.657742+00:00
SWP-95060205,SW-SPEED-HUMPS-49097-202,SAFETYWARE Rubber Speed Hump,Speed Humps,Safetyware catalog item from category 'Speed Humps'. Source: https://safetyware.com/product/safetyware-rubber-speed-hump-2/. Public catalog price was unavailable; unit_price is an estimated average for similar products in this category.,RM,335.45,410,unit,active,2026-06-15T13:25:21.657742+00:00,2026-06-15T13:25:21.657742+00:00
SWP-77644791,SW-SPEED-HUMPS-49105-897,End Caps for Rubber Speed Hump,Speed Humps,Safetyware catalog item from category 'Speed Humps'. Source: https://safetyware.com/product/end-caps-for-rubber-speed-hump/. Public catalog price was unavailable; unit_price is an estimated average for similar products in this category.,RM,411.26,388,unit,active,2026-06-15T13:25:21.657742+00:00,2026-06-15T13:25:21.657742+00:00
SWP-57849035,SW-SPEED-HUMPS-49249-592,SAFETYWARE Mini Rubber Speed Bump,Speed Humps,Safetyware catalog item from category 'Speed Humps'. Source: https://safetyware.com/product/safetyware-mini-rubber-speed-bump/. Public catalog price was unavailable; unit_price is an estimated average for similar products in this category.,RM,109.79,60,unit,active,2026-06-15T13:25:21.657742+00:00,2026-06-15T13:25:21.657742+00:00
SWP-51720127,SW-SPEED-HUMPS-49329-388,SAFETYWARE Rubber Parking,Speed Humps,Safetyware catalog item from category 'Speed Humps'. Source: https://safetyware.com/product/safetyware-rubber-parking/. Public catalog price was unavailable; unit_price is an estimated average for similar products in this category.,RM,428.18,463,unit,active,2026-06-15T13:25:21.657742+00:00,2026-06-15T13:25:21.657742+00:00
SWP-93821754,SW-SPEED-HUMPS-49216-232,SAFETYWARE Rubber Wheel Stopper for Bus and Truck,Speed Humps,Safetyware catalog item from category 'Speed Humps'. Source: https://safetyware.com/product/safetyware-rubber-wheel-stopper-for-bus-and-truck/. Public catalog price was unavailable; unit_price is an estimated average for similar products in this category.,RM,181.81,447,unit,active,2026-06-15T13:25:21.657742+00:00,2026-06-15T13:25:21.657742+00:00
SWP-79111686,SW-SPEED-HUMPS-30538-395,SAFETYWARE Rubber Wheel Stopper for Cars & Vans,Speed Humps,Safetyware catalog item from category 'Speed Humps'. Source: https://safetyware.com/product/safetyware-rubber-wheel-stopper-for-cars-vans/. Public catalog price was unavailable; unit_price is an estimated average for similar products in this category.,RM,336.95,396,unit,active,2026-06-15T13:25:21.657742+00:00,2026-06-15T13:25:21.657742+00:00
SWP-59029046,SW-SPEED-HUMPS-49257-239,Rubber Wheel Chock,Speed Humps,Safetyware catalog item from category 'Speed Humps'. Source: https://safetyware.com/product/rubber-wheel-chock/. Public catalog price was unavailable; unit_price is an estimated average for similar products in this category.,RM,292.02,345,unit,active,2026-06-15T13:25:21.657742+00:00,2026-06-15T13:25:21.657742+00:00
SWP-46710949,SW-SPEED-HUMPS-49030-677,SAFETYWARE Heavy Duty Rubber Wheel Chock for Bus & Truck,Speed Humps,Safetyware catalog item from category 'Speed Humps'. Source: https://safetyware.com/product/safetyware-heavy-duty-rubber-wheel-chock-for-bus-truck/. Public catalog price was unavailable; unit_price is an estimated average for similar products in this category.,RM,158.97,201,unit,active,2026-06-15T13:25:21.657742+00:00,2026-06-15T13:25:21.657742+00:00
SWP-39279741,SW-SPILL-RESPONSE-20982-232,SAFETYWARE Hazardous Disposal Bag (24″ x 30″),Spill Response,Safetyware catalog item from category 'Spill Response'. Source: https://safetyware.com/product/safetyware-hazardous-disposal-24-x-30/. Public catalog price was unavailable; unit_price is an estimated average for similar products in this category.,RM,118.12,119,unit,active,2026-06-15T13:25:21.657742+00:00,2026-06-15T13:25:21.657742+00:00
SWP-86796863,SW-SPILL-RESPONSE-20987-480,SAFETYWARE Hazardous Disposal Bag (31 x 61cm),Spill Response,Safetyware catalog item from category 'Spill Response'. Source: https://safetyware.com/product/safetyware-hazardous-disposal-31-x-61cm/. Public catalog price was unavailable; unit_price is an estimated average for similar products in this category.,RM,102.33,106,unit,active,2026-06-15T13:25:21.657742+00:00,2026-06-15T13:25:21.657742+00:00
SWP-79857639,SW-SPILL-RESPONSE-20988-497,SAFETYWARE Hazardous Disposal Bag (42 x 52cm),Spill Response,Safetyware catalog item from category 'Spill Response'. Source: https://safetyware.com/product/safetyware-hazardous-disposal-42-x-52cm/. Public catalog price was unavailable; unit_price is an estimated average for similar products in this category.,RM,80.57,192,unit,active,2026-06-15T13:25:21.657742+00:00,2026-06-15T13:25:21.657742+00:00
SWP-13343876,SW-SPILL-RESPONSE-21323-545,SPILL STATION Mineral Sponge Granular Absorbent,Spill Response,Safetyware catalog item from category 'Spill Response'. Source: https://safetyware.com/product/mineral-sponge-granular-absorbent/. Public catalog price was unavailable; unit_price is an estimated average for similar products in this category.,RM,406.50,406,unit,active,2026-06-15T13:25:21.657742+00:00,2026-06-15T13:25:21.657742+00:00
SWP-94538098,SW-SPILL-RESPONSE-21325-723,SPILL STATION SpillFix General Purpose Absorbent,Spill Response,Safetyware catalog item from category 'Spill Response'. Source: https://safetyware.com/product/spill-station-spillfix-general-purpose-absorbent/. Public catalog price was unavailable; unit_price is an estimated average for similar products in this category.,RM,493.90,343,unit,active,2026-06-15T13:25:21.657742+00:00,2026-06-15T13:25:21.657742+00:00
SWP-94096854,SW-SPILL-RESPONSE-21326-889,SPILL STATION Temporary Tank & Drum Repair Putty,Spill Response,Safetyware catalog item from category 'Spill Response'. Source: https://safetyware.com/product/spill-station-temporary-tank-drum-repair-putty/. Public catalog price was unavailable; unit_price is an estimated average for similar products in this category.,RM,481.46,81,unit,active,2026-06-15T13:25:21.657742+00:00,2026-06-15T13:25:21.657742+00:00
SWP-62667260,SW-SPILL-RESPONSE-21327-871,Safetec Acid Lock 15 oz Acid Fluid Control Solidifier,Spill Response,Safetyware catalog item from category 'Spill Response'. Source: https://safetyware.com/product/acid-lock-15-oz-acid-fluid-control-solidifier/. Public catalog price was unavailable; unit_price is an estimated average for similar products in this category.,RM,279.27,158,unit,active,2026-06-15T13:25:21.657742+00:00,2026-06-15T13:25:21.657742+00:00
SWP-84995060,SW-SPILL-RESPONSE-21329-498,Safetec Alky Alkaline 15 oz Fluid Control Solidifier,Spill Response,Safetyware catalog item from category 'Spill Response'. Source: https://safetyware.com/product/spill-station-alky-alkaline-15-oz-fluid-control-solidifier/. Public catalog price was unavailable; unit_price is an estimated average for similar products in this category.,RM,88.90,459,unit,active,2026-06-15T13:25:21.657742+00:00,2026-06-15T13:25:21.657742+00:00
SWP-85370319,SW-PAPR-HEAD-TOP-56689-585,SUNDSTROM SR 100 Half Face Respirator,Papr Head Top,Safetyware catalog item from category 'Papr Head Top'. Source: https://safetyware.com/product/sundstrom-sr-100-half-face-respirator/. Public catalog price was unavailable; unit_price is an estimated average for similar products in this category.,RM,112.99,267,unit,active,2026-06-15T13:25:21.657742+00:00,2026-06-15T13:25:21.657742+00:00
SWP-36465590,SW-PAPR-HEAD-TOP-2143-854,SUNDSTROM SR 900 Half Face Respirator,Papr Head Top,Safetyware catalog item from category 'Papr Head Top'. Source: https://safetyware.com/product/sundstrom-sr-900-half-face-respirator/. Public catalog price was unavailable; unit_price is an estimated average for similar products in this category.,RM,104.14,36,unit,active,2026-06-15T13:25:21.657742+00:00,2026-06-15T13:25:21.657742+00:00
SWP-80668020,SW-PAPR-HEAD-TOP-2145-585,SUNDSTROM SR 200 Full Face Respirator,Papr Head Top,Safetyware catalog item from category 'Papr Head Top'. Source: https://safetyware.com/product/sundstrom-sr-200-full-face-respirator/. Public catalog price was unavailable; unit_price is an estimated average for similar products in this category.,RM,72.13,29,unit,active,2026-06-15T13:25:21.657742+00:00,2026-06-15T13:25:21.657742+00:00
SWP-89560413,SW-PAPR-HEAD-TOP-2195-161,SUNDSTROM SR 530 Loose Fitting Hood,Papr Head Top,Safetyware catalog item from category 'Papr Head Top'. Source: https://safetyware.com/product/sundstrom-sr-530-loose-fitting-hood/. Public catalog price was unavailable; unit_price is an estimated average for similar products in this category.,RM,46.01,336,unit,active,2026-06-15T13:25:21.657742+00:00,2026-06-15T13:25:21.657742+00:00
SWP-49950378,SW-PAPR-HEAD-TOP-2196-771,SUNDSTROM SR 570 Face Shield,Papr Head Top,Safetyware catalog item from category 'Papr Head Top'. Source: https://safetyware.com/product/sundstrom-sr-570-face-shield/. Public catalog price was unavailable; unit_price is an estimated average for similar products in this category.,RM,60.67,191,unit,active,2026-06-15T13:25:21.657742+00:00,2026-06-15T13:25:21.657742+00:00
SWP-78161190,SW-PAPR-HEAD-TOP-2197-400,SUNDSTROM SR 580 Protective Helmet with Visor,Papr Head Top,Safetyware catalog item from category 'Papr Head Top'. Source: https://safetyware.com/product/sundstrom-sr-580-protective-helmet-with-visor/. Public catalog price was unavailable; unit_price is an estimated average for similar products in this category.,RM,55.45,18,unit,active,2026-06-15T13:25:21.657742+00:00,2026-06-15T13:25:21.657742+00:00
SWP-19339771,SW-PAPR-HEAD-TOP-2192-143,SUNDSTROM SR 592 Welding Shield with Air Channel,Papr Head Top,Safetyware catalog item from category 'Papr Head Top'. Source: https://safetyware.com/product/sundstrom-sr-592-welding-shield/. Public catalog price was unavailable; unit_price is an estimated average for similar products in this category.,RM,74.51,246,unit,active,2026-06-15T13:25:21.657742+00:00,2026-06-15T13:25:21.657742+00:00
SWP-32290630,SW-PAPR-HEAD-TOP-2194-858,SUNDSTROM SR 584/SR 580 Welding Helmet,Papr Head Top,Safetyware catalog item from category 'Papr Head Top'. Source: https://safetyware.com/product/sundstrom-sr-584-sr-580-welding-helmet/. Public catalog price was unavailable; unit_price is an estimated average for similar products in this category.,RM,27.54,468,unit,active,2026-06-15T13:25:21.657742+00:00,2026-06-15T13:25:21.657742+00:00
SWP-44343097,SW-SAR-HEAD-TOP-56689-115,SUNDSTROM SR 100 Half Face Respirator,Sar Head Top,Safetyware catalog item from category 'Sar Head Top'. Source: https://safetyware.com/product/sundstrom-sr-100-half-face-respirator/. Public catalog price was unavailable; unit_price is an estimated average for similar products in this category.,RM,73.58,260,unit,active,2026-06-15T13:25:21.657742+00:00,2026-06-15T13:25:21.657742+00:00
SWP-12603169,SW-SAR-HEAD-TOP-2143-188,SUNDSTROM SR 900 Half Face Respirator,Sar Head Top,Safetyware catalog item from category 'Sar Head Top'. Source: https://safetyware.com/product/sundstrom-sr-900-half-face-respirator/. Public catalog price was unavailable; unit_price is an estimated average for similar products in this category.,RM,99.41,461,unit,active,2026-06-15T13:25:21.657742+00:00,2026-06-15T13:25:21.657742+00:00
SWP-56155959,SW-SAR-HEAD-TOP-2199-402,SR 200 Airline Full Face Respirator,Sar Head Top,Safetyware catalog item from category 'Sar Head Top'. Source: https://safetyware.com/product/safetyware-sr-200-airline-full-face-respirator-ultimate-protection/. Public catalog price was unavailable; unit_price is an estimated average for similar products in this category.,RM,41.81,420,unit,active,2026-06-15T13:25:21.657742+00:00,2026-06-15T13:25:21.657742+00:00
SWP-56286881,SW-SAR-HEAD-TOP-2195-847,SUNDSTROM SR 530 Loose Fitting Hood,Sar Head Top,Safetyware catalog item from category 'Sar Head Top'. Source: https://safetyware.com/product/sundstrom-sr-530-loose-fitting-hood/. Public catalog price was unavailable; unit_price is an estimated average for similar products in this category.,RM,27.61,424,unit,active,2026-06-15T13:25:21.657742+00:00,2026-06-15T13:25:21.657742+00:00
SWP-19441510,SW-SAR-HEAD-TOP-2196-885,SUNDSTROM SR 570 Face Shield,Sar Head Top,Safetyware catalog item from category 'Sar Head Top'. Source: https://safetyware.com/product/sundstrom-sr-570-face-shield/. Public catalog price was unavailable; unit_price is an estimated average for similar products in this category.,RM,48.49,498,unit,active,2026-06-15T13:25:21.657742+00:00,2026-06-15T13:25:21.657742+00:00
SWP-96463839,SW-SAR-HEAD-TOP-2197-972,SUNDSTROM SR 580 Protective Helmet with Visor,Sar Head Top,Safetyware catalog item from category 'Sar Head Top'. Source: https://safetyware.com/product/sundstrom-sr-580-protective-helmet-with-visor/. Public catalog price was unavailable; unit_price is an estimated average for similar products in this category.,RM,31.46,491,unit,active,2026-06-15T13:25:21.657742+00:00,2026-06-15T13:25:21.657742+00:00
SWP-67748177,SW-SAR-HEAD-TOP-2192-638,SUNDSTROM SR 592 Welding Shield with Air Channel,Sar Head Top,Safetyware catalog item from category 'Sar Head Top'. Source: https://safetyware.com/product/sundstrom-sr-592-welding-shield/. Public catalog price was unavailable; unit_price is an estimated average for similar products in this category.,RM,68.85,192,unit,active,2026-06-15T13:25:21.657742+00:00,2026-06-15T13:25:21.657742+00:00
SWP-84976723,SW-SAR-HEAD-TOP-2194-283,SUNDSTROM SR 584/SR 580 Welding Helmet,Sar Head Top,Safetyware catalog item from category 'Sar Head Top'. Source: https://safetyware.com/product/sundstrom-sr-584-sr-580-welding-helmet/. Public catalog price was unavailable; unit_price is an estimated average for similar products in this category.,RM,85.90,89,unit,active,2026-06-15T13:25:21.657742+00:00,2026-06-15T13:25:21.657742+00:00
SWP-40704412,SW-STEP-2-CHOOSE-ADD-ON-HOS-2176-302,SUNDSTROM SR 951 Single Hose,Step 2 Choose Add On Hose,Safetyware catalog item from category 'Step 2 Choose Add On Hose'. Source: https://safetyware.com/product/sundstrom-sr-951-single-hose/. Public catalog price was unavailable; unit_price is an estimated average for similar products in this category.,RM,309.63,94,unit,active,2026-06-15T13:25:21.657742+00:00,2026-06-15T13:25:21.657742+00:00
SWP-35202449,SW-STEP-2-CHOOSE-ADD-ON-HOS-2193-981,SUNDSTROM SR 550 Breathing Hose,Step 2 Choose Add On Hose,Safetyware catalog item from category 'Step 2 Choose Add On Hose'. Source: https://safetyware.com/product/sundstrom-sr-550-breathing-hose/. Public catalog price was unavailable; unit_price is an estimated average for similar products in this category.,RM,377.69,18,unit,active,2026-06-15T13:25:21.657742+00:00,2026-06-15T13:25:21.657742+00:00
SWP-71130908,SW-STEP-2-SELECT-ADD-ON-ATT-2202-409,SUNDSTROM SR 507 Compressed Air Attachment,Step 2 Select Add On Attachment,Safetyware catalog item from category 'Step 2 Select Add On Attachment'. Source: https://safetyware.com/product/sundstrom-sr-507-compressed-air-attachment/. Public catalog price was unavailable; unit_price is an estimated average for similar products in this category.,RM,232.70,91,unit,active,2026-06-15T13:25:21.657742+00:00,2026-06-15T13:25:21.657742+00:00
SWP-16121380,SW-STEP-2-SELECT-ADD-ON-ATT-2176-855,SUNDSTROM SR 951 Single Hose,Step 2 Select Add On Attachment,Safetyware catalog item from category 'Step 2 Select Add On Attachment'. Source: https://safetyware.com/product/sundstrom-sr-951-single-hose/. Public catalog price was unavailable; unit_price is an estimated average for similar products in this category.,RM,415.79,158,unit,active,2026-06-15T13:25:21.657742+00:00,2026-06-15T13:25:21.657742+00:00
SWP-86969869,SW-STEP-3-CHOOSE-A-FAN-UNIT-2209-332,SUNDSTROM SR 500 PAPR Fan Unit,Step 3 Choose A Fan Unit,Safetyware catalog item from category 'Step 3 Choose A Fan Unit'. Source: https://safetyware.com/product/sundstrom-sr-500-papr-fan-unit-advanced-respiratory-protection/. Public catalog price was unavailable; unit_price is an estimated average for similar products in this category.,RM,169.21,188,unit,active,2026-06-15T13:25:21.657742+00:00,2026-06-15T13:25:21.657742+00:00
SWP-74657565,SW-STEP-3-CHOOSE-A-FAN-UNIT-2207-148,SUNDSTROM SR 500 PAPR EX Fan Unit,Step 3 Choose A Fan Unit,Safetyware catalog item from category 'Step 3 Choose A Fan Unit'. Source: https://safetyware.com/product/sundstrom-sr-500-papr-ex-fan-unit/. Public catalog price was unavailable; unit_price is an estimated average for similar products in this category.,RM,288.49,390,unit,active,2026-06-15T13:25:21.657742+00:00,2026-06-15T13:25:21.657742+00:00
SWP-86441018,SW-STEP-3-CHOOSE-A-HOSE-2435-683,SUNDSTROM SR 358 Oil & Chemical Resistant CA Hose,Step 3 Choose A Hose,Safetyware catalog item from category 'Step 3 Choose A Hose'. Source: https://safetyware.com/product/sundstrom-sr-358-oil-chemical-resistant-ca-hose/. Public catalog price was unavailable; unit_price is an estimated average for similar products in this category.,RM,141.12,237,unit,active,2026-06-15T13:25:21.657742+00:00,2026-06-15T13:25:21.657742+00:00
SWP-69945463,SW-STEP-3-CHOOSE-A-HOSE-2436-473,SUNDSTROM SR 359 Antistatic & Heat Resistant CA Hose,Step 3 Choose A Hose,Safetyware catalog item from category 'Step 3 Choose A Hose'. Source: https://safetyware.com/product/sundstrom-sr359-antistatic-heat-resistant-ca-hose/. Public catalog price was unavailable; unit_price is an estimated average for similar products in this category.,RM,189.19,145,unit,active,2026-06-15T13:25:21.657742+00:00,2026-06-15T13:25:21.657742+00:00
SWP-39946625,SW-STEP-4-ADD-COMPRESSED-AI-2437-783,SUNDSTROM SR 99-1 Compressed Air Filter,Step 4 Add Compressed Air Ca Filter,Safetyware catalog item from category 'Step 4 Add Compressed Air Ca Filter'. Source: https://safetyware.com/product/sundstrom-sr-99-1-compressed-air-ca-filter/. Public catalog price was unavailable; unit_price is an estimated average for similar products in this category.,RM,208.34,11,pack,active,2026-06-15T13:25:21.657742+00:00,2026-06-15T13:25:21.657742+00:00
SWP-55511424,SW-STEP-4-ADD-COMPRESSED-AI-2442-957,SUNDSTROM SR 292 Filter Cartridge,Step 4 Add Compressed Air Ca Filter,Safetyware catalog item from category 'Step 4 Add Compressed Air Ca Filter'. Source: https://safetyware.com/product/sundstrom-sr-292-filter-cartridge/. Public catalog price was unavailable; unit_price is an estimated average for similar products in this category.,RM,48.52,237,pack,active,2026-06-15T13:25:21.657742+00:00,2026-06-15T13:25:21.657742+00:00
SWP-61115504,SW-STEP-4-CHOOSE-THE-CARTRI-2208-435,SUNDSTROM SR 518 A2 OV Cartridge,Step 4 Choose The Cartridge Filter,Safetyware catalog item from category 'Step 4 Choose The Cartridge Filter'. Source: https://safetyware.com/product/sundstrom-sr-518-a2-ov-cartridge/. Public catalog price was unavailable; unit_price is an estimated average for similar products in this category.,RM,58.30,97,pack,active,2026-06-15T13:25:21.657742+00:00,2026-06-15T13:25:21.657742+00:00
SWP-76540970,SW-STEP-4-CHOOSE-THE-CARTRI-2210-878,SUNDSTROM SR 597 Multigas Cartridge,Step 4 Choose The Cartridge Filter,Safetyware catalog item from category 'Step 4 Choose The Cartridge Filter'. Source: https://safetyware.com/product/sundstrom-sr-597-multigas-cartridge/. Public catalog price was unavailable; unit_price is an estimated average for similar products in this category.,RM,120.90,177,pack,active,2026-06-15T13:25:21.657742+00:00,2026-06-15T13:25:21.657742+00:00
SWP-10489564,SW-STEP-4-CHOOSE-THE-CARTRI-2211-268,SR 599 Multigas P3 R Combination Cartridge,Step 4 Choose The Cartridge Filter,Safetyware catalog item from category 'Step 4 Choose The Cartridge Filter'. Source: https://safetyware.com/product/sr-599-multigas-p3-r-combination-cartridge/. Public catalog price was unavailable; unit_price is an estimated average for similar products in this category.,RM,130.65,343,pack,active,2026-06-15T13:25:21.657742+00:00,2026-06-15T13:25:21.657742+00:00
SWP-31939688,SW-STEP-4-CHOOSE-THE-CARTRI-2175-438,SUNDSTROM SR 510 P3 R Filter,Step 4 Choose The Cartridge Filter,Safetyware catalog item from category 'Step 4 Choose The Cartridge Filter'. Source: https://safetyware.com/product/sundstrom-sr-510-p3-r-filter/. Public catalog price was unavailable; unit_price is an estimated average for similar products in this category.,RM,173.52,445,pack,active,2026-06-15T13:25:21.657742+00:00,2026-06-15T13:25:21.657742+00:00
SWP-78297146,SW-OPTIONAL-MULTI-USERS-CON-2441-193,SUNDSTROM Y-Coupling,Optional Multi Users Configurations,Safetyware catalog item from category 'Optional Multi Users Configurations'. Source: https://safetyware.com/product/sundstrom-y-coupling/. Public catalog price was unavailable; unit_price is an estimated average for similar products in this category.,RM,103.43,442,unit,active,2026-06-15T13:25:21.657742+00:00,2026-06-15T13:25:21.657742+00:00
SWP-99096925,SW-OPTIONAL-MULTI-USERS-CON-2440-692,SUNDSTROM Safety Coupling,Optional Multi Users Configurations,Safetyware catalog item from category 'Optional Multi Users Configurations'. Source: https://safetyware.com/product/sundstrom-safety-coupling-secure-lock-system/. Public catalog price was unavailable; unit_price is an estimated average for similar products in this category.,RM,94.10,146,unit,active,2026-06-15T13:25:21.657742+00:00,2026-06-15T13:25:21.657742+00:00
SWP-17817741,SW-STICKY-MATS-32175-111,Sticky Mat,Sticky Mats,Safetyware catalog item from category 'Sticky Mats'. Source: https://safetyware.com/product/sticky-mat-24-x-36/. Public catalog price was unavailable; unit_price is an estimated average for similar products in this category.,RM,386.99,307,unit,active,2026-06-15T13:25:21.657742+00:00,2026-06-15T13:25:21.657742+00:00
SWP-89653905,SW-STOCK-CLEARANCE-3528-536,"3M Hard Hat, White 4-Point Ratchet Suspension H-701R",Stock Clearance,Safetyware catalog item from category 'Stock Clearance'. Source: https://safetyware.com/product/3m-hard-hat-white-4-point-ratchet-suspension-h-701r/. Public catalog price was unavailable; unit_price is an estimated average for similar products in this category.,RM,472.47,207,unit,active,2026-06-15T13:25:21.657742+00:00,2026-06-15T13:25:21.657742+00:00
SWP-48247647,SW-STOCK-CLEARANCE-3530-930,"3M Hard Hat, White 6-Point Slide Lock Suspension M-601S",Stock Clearance,Safetyware catalog item from category 'Stock Clearance'. Source: https://safetyware.com/product/3m-hard-hat-white-6-point-slide-lock-suspension-m-601s/. Public catalog price was unavailable; unit_price is an estimated average for similar products in this category.,RM,210.75,164,unit,active,2026-06-15T13:25:21.657742+00:00,2026-06-15T13:25:21.657742+00:00
SWP-96773054,SW-STOCK-CLEARANCE-3529-796,"3M Hard Hat, Yellow 4-Point Pin Lock Suspension H-702P",Stock Clearance,Safetyware catalog item from category 'Stock Clearance'. Source: https://safetyware.com/product/3m-hard-hat-yellow-4-point-pin-lock-suspension-h-702p/. Public catalog price was unavailable; unit_price is an estimated average for similar products in this category.,RM,97.24,434,unit,active,2026-06-15T13:25:21.657742+00:00,2026-06-15T13:25:21.657742+00:00
SWP-57898066,SW-STOCK-CLEARANCE-57389-313,3M P100 Particulate Filter,Stock Clearance,Safetyware catalog item from category 'Stock Clearance'. Source: https://safetyware.com/product/3m-p100-particulate-filter/. Public catalog price was unavailable; unit_price is an estimated average for similar products in this category.,RM,484.38,179,pack,active,2026-06-15T13:25:21.657742+00:00,2026-06-15T13:25:21.657742+00:00
SWP-29186742,SW-STOCK-CLEARANCE-53315-750,"3M Secure Fit Hard Hat, 4-Point Pressure Diffusion Ratchet Suspension with Uvicator, Grey",Stock Clearance,Safetyware catalog item from category 'Stock Clearance'. Source: https://safetyware.com/product/3m-secure-fit-hard-hat-4-point-pressure-diffusion-ratchet-suspension-with-uvicator-grey/. Public catalog price was unavailable; unit_price is an estimated average for similar products in this category.,RM,280.00,395,unit,active,2026-06-15T13:25:21.657742+00:00,2026-06-15T13:25:21.657742+00:00
SWP-34943839,SW-STOCK-CLEARANCE-53309-261,"3M Secure Fit Hard Hat, 4-Point Pressure Diffusion Ratchet Suspension with Uvicator, Red",Stock Clearance,Safetyware catalog item from category 'Stock Clearance'. Source: https://safetyware.com/product/3m-secure-fit-hard-hat-4-point-pressure-diffusion-ratchet-suspension-with-uvicator-red/. Public catalog price was unavailable; unit_price is an estimated average for similar products in this category.,RM,388.11,493,unit,active,2026-06-15T13:25:21.657742+00:00,2026-06-15T13:25:21.657742+00:00
SWP-78195518,SW-STOCK-CLEARANCE-53303-562,3M SecureFit Hard Hat 4-Point Pressure Diffusion Ratchet Suspension with UVicator,Stock Clearance,Safetyware catalog item from category 'Stock Clearance'. Source: https://safetyware.com/product/3m-securefit-hard-hat-4-point-pressure-diffusion-ratchet-suspension-with-uvicator/. Public catalog price was unavailable; unit_price is an estimated average for similar products in this category.,RM,290.90,144,unit,active,2026-06-15T13:25:21.657742+00:00,2026-06-15T13:25:21.657742+00:00
SWP-43620943,SW-STOCK-CLEARANCE-3523-397,"3M Speedglas™ Welding Helmets 100 QR Series, without Welding Filter",Stock Clearance,Safetyware catalog item from category 'Stock Clearance'. Source: https://safetyware.com/product/3m-speedglas-welding-helmets-100-qr-series-without-welding-filter/. Public catalog price was unavailable; unit_price is an estimated average for similar products in this category.,RM,76.16,62,pack,active,2026-06-15T13:25:21.657742+00:00,2026-06-15T13:25:21.657742+00:00
SWP-77210076,SW-STOCK-CLEARANCE-57215-184,BLUE KF94 Particulate Respirator,Stock Clearance,Safetyware catalog item from category 'Stock Clearance'. Source: https://safetyware.com/product/blue-kf94-particulate-respirator/. Public catalog price was unavailable; unit_price is an estimated average for similar products in this category.,RM,173.89,161,unit,active,2026-06-15T13:25:21.657742+00:00,2026-06-15T13:25:21.657742+00:00
SWP-55522645,SW-STOCK-CLEARANCE-57054-141,CleanAir 1-Ply and 2-Ply Paper Masks,Stock Clearance,Safetyware catalog item from category 'Stock Clearance'. Source: https://safetyware.com/product/cleanair-1-ply-and-2-ply-paper-masks/. Public catalog price was unavailable; unit_price is an estimated average for similar products in this category.,RM,314.59,182,unit,active,2026-06-15T13:25:21.657742+00:00,2026-06-15T13:25:21.657742+00:00
SWP-69433733,SW-STORAGE-BAG-CABINETS-27883-391,SAFETYWARE PPES-300-RED Full Height Metal Frame Cupboard Comes with Glass Sliding Door,Storage Bag Cabinets,Safetyware catalog item from category 'Storage Bag Cabinets'. Source: https://safetyware.com/product/safetyware-ppes-300-red-full-height-metal-frame-cupboard-comes-with-glass-sliding-door/. Public catalog price was unavailable; unit_price is an estimated average for similar products in this category.,RM,280.79,327,unit,active,2026-06-15T13:25:21.657742+00:00,2026-06-15T13:25:21.657742+00:00
SWP-77582866,SW-STORAGE-BAGS-AND-BOXES-27779-351,SAFETYWARE Compact Lockout Pouch,Storage Bags And Boxes,Safetyware catalog item from category 'Storage Bags And Boxes'. Source: https://safetyware.com/product/safetyware-compact-lockout-pouch/. Public catalog price was unavailable; unit_price is an estimated average for similar products in this category.,RM,109.88,420,unit,active,2026-06-15T13:25:21.657742+00:00,2026-06-15T13:25:21.657742+00:00
SWP-44569814,SW-STORAGE-BAGS-AND-BOXES-13819-855,SAFETYWARE Lockout Bag,Storage Bags And Boxes,Safetyware catalog item from category 'Storage Bags And Boxes'. Source: https://safetyware.com/product/safetyware-lockout-bag/. Public catalog price was unavailable; unit_price is an estimated average for similar products in this category.,RM,212.72,434,unit,active,2026-06-15T13:25:21.657742+00:00,2026-06-15T13:25:21.657742+00:00
SWP-85222791,SW-STORAGE-BAGS-AND-BOXES-41495-474,SAFETYWARE Lockout Bag,Storage Bags And Boxes,Safetyware catalog item from category 'Storage Bags And Boxes'. Source: https://safetyware.com/product/safetyware-lockout-bag-3/. Public catalog price was unavailable; unit_price is an estimated average for similar products in this category.,RM,423.69,15,unit,active,2026-06-15T13:25:21.657742+00:00,2026-06-15T13:25:21.657742+00:00
SWP-19634089,SW-STORAGE-BAGS-AND-BOXES-27861-432,SAFETYWARE LOTO Container,Storage Bags And Boxes,Safetyware catalog item from category 'Storage Bags And Boxes'. Source: https://safetyware.com/product/safetyware-loto-container/. Public catalog price was unavailable; unit_price is an estimated average for similar products in this category.,RM,494.45,23,unit,active,2026-06-15T13:25:21.657742+00:00,2026-06-15T13:25:21.657742+00:00
SWP-90551887,SW-STORAGE-BAGS-AND-BOXES-41484-433,SAFETYWARE Metal Group Lockout Box,Storage Bags And Boxes,Safetyware catalog item from category 'Storage Bags And Boxes'. Source: https://safetyware.com/product/safetyware-metal-group-lockout-box/. Public catalog price was unavailable; unit_price is an estimated average for similar products in this category.,RM,420.91,144,unit,active,2026-06-15T13:25:21.657742+00:00,2026-06-15T13:25:21.657742+00:00
SWP-98839367,SW-STORAGE-BAGS-AND-BOXES-27858-387,SAFETYWARE Portable Safety Organizer Bag,Storage Bags And Boxes,Safetyware catalog item from category 'Storage Bags And Boxes'. Source: https://safetyware.com/product/safetyware-portable-safety-organizer-bag/. Public catalog price was unavailable; unit_price is an estimated average for similar products in this category.,RM,367.98,65,unit,active,2026-06-15T13:25:21.657742+00:00,2026-06-15T13:25:21.657742+00:00
SWP-86498562,SW-STORAGE-BAGS-AND-BOXES-27859-794,SAFETYWARE Safety Carry Case,Storage Bags And Boxes,Safetyware catalog item from category 'Storage Bags And Boxes'. Source: https://safetyware.com/product/safetyware-safety-carry-case/. Public catalog price was unavailable; unit_price is an estimated average for similar products in this category.,RM,167.03,405,unit,active,2026-06-15T13:25:21.657742+00:00,2026-06-15T13:25:21.657742+00:00
SWP-98208923,SW-STORAGE-BAGS-AND-BOXES-52757-820,SAFETYWARE Small Hanging Plastic Safety Lockout Box,Storage Bags And Boxes,Safetyware catalog item from category 'Storage Bags And Boxes'. Source: https://safetyware.com/product/safetyware-small-hanging-plastic-safety-lockout-box/. Public catalog price was unavailable; unit_price is an estimated average for similar products in this category.,RM,61.95,403,unit,active,2026-06-15T13:25:21.657742+00:00,2026-06-15T13:25:21.657742+00:00
SWP-76852592,SW-STRETCHERS-18229-824,Single Fold Stretcher,Stretchers,Safetyware catalog item from category 'Stretchers'. Source: https://safetyware.com/product/single-fold-stretcher/. Public catalog price was unavailable; unit_price is an estimated average for similar products in this category.,RM,437.52,383,unit,active,2026-06-15T13:25:21.657742+00:00,2026-06-15T13:25:21.657742+00:00
SWP-46969838,SW-STRETCHERS-19067-422,Double Fold Stretcher,Stretchers,Safetyware catalog item from category 'Stretchers'. Source: https://safetyware.com/product/double-fold-stretcher/. Public catalog price was unavailable; unit_price is an estimated average for similar products in this category.,RM,479.27,349,unit,active,2026-06-15T13:25:21.657742+00:00,2026-06-15T13:25:21.657742+00:00
SWP-85662293,SW-STRETCHERS-19068-776,Four Fold Stretcher,Stretchers,Safetyware catalog item from category 'Stretchers'. Source: https://safetyware.com/product/four-fold-stretcher/. Public catalog price was unavailable; unit_price is an estimated average for similar products in this category.,RM,389.92,88,unit,active,2026-06-15T13:25:21.657742+00:00,2026-06-15T13:25:21.657742+00:00
SWP-58661255,SW-STRETCHERS-19069-827,Emergency Stretcher with Wheels,Stretchers,Safetyware catalog item from category 'Stretchers'. Source: https://safetyware.com/product/emergency-stretcher-with-wheels/. Public catalog price was unavailable; unit_price is an estimated average for similar products in this category.,RM,119.66,417,unit,active,2026-06-15T13:25:21.657742+00:00,2026-06-15T13:25:21.657742+00:00
SWP-25239465,SW-STRETCHERS-19131-764,Multi Purpose Stretcher,Stretchers,Safetyware catalog item from category 'Stretchers'. Source: https://safetyware.com/product/multi-purpose-stretcher/. Public catalog price was unavailable; unit_price is an estimated average for similar products in this category.,RM,393.31,9,unit,active,2026-06-15T13:25:21.657742+00:00,2026-06-15T13:25:21.657742+00:00
SWP-20597321,SW-SAR-WITH-AIR-TRAILER-60855-174,LUNO SYSTEMS Airstar Lite Harness,Sar With Air Trailer,Safetyware catalog item from category 'Sar With Air Trailer'. Source: https://safetyware.com/product/luno-systems-airstar-lite-harness/. Public catalog price was unavailable; unit_price is an estimated average for similar products in this category.,RM,446.59,119,unit,active,2026-06-15T13:25:21.657742+00:00,2026-06-15T13:25:21.657742+00:00
SWP-49664828,SW-SAR-WITH-AIR-TRAILER-60862-594,LUNO SYSTEMS Airtrailer – Micro Trailer With Two CS Hose Reel,Sar With Air Trailer,Safetyware catalog item from category 'Sar With Air Trailer'. Source: https://safetyware.com/product/luno-systems-airtrailer-micro-trailer-with-two-cs-hose-reel/. Public catalog price was unavailable; unit_price is an estimated average for similar products in this category.,RM,295.39,309,unit,active,2026-06-15T13:25:21.657742+00:00,2026-06-15T13:25:21.657742+00:00
SWP-60336866,SW-SAR-WITH-TROLLEY-SYSTEM-60864-989,LUNO SYSTEMS 9.0L 300Bar Composite Cylinder,Sar With Trolley System,Safetyware catalog item from category 'Sar With Trolley System'. Source: https://safetyware.com/product/luno-systems-9-0l-300bar-composite-cylinder/. Public catalog price was unavailable; unit_price is an estimated average for similar products in this category.,RM,95.46,175,unit,active,2026-06-15T13:25:21.657742+00:00,2026-06-15T13:25:21.657742+00:00
SWP-90953617,SW-SAR-WITH-TROLLEY-SYSTEM-60861-762,LUNO SYSTEMS Aircom In-Airlines Communication Cable Hose – 50 meters,Sar With Trolley System,Safetyware catalog item from category 'Sar With Trolley System'. Source: https://safetyware.com/product/luno-systems-aircom-in-airlines-communication-cable-hose-50-meters/. Public catalog price was unavailable; unit_price is an estimated average for similar products in this category.,RM,215.51,85,unit,active,2026-06-15T13:25:21.657742+00:00,2026-06-15T13:25:21.657742+00:00
SWP-66274841,SW-SAR-WITH-TROLLEY-SYSTEM-60858-864,"LUNO SYSTEMS Airstar Composite Cylinder, 2L",Sar With Trolley System,Safetyware catalog item from category 'Sar With Trolley System'. Source: https://safetyware.com/product/luno-systems-airstar-composite-cylinder-2l/. Public catalog price was unavailable; unit_price is an estimated average for similar products in this category.,RM,365.33,118,unit,active,2026-06-15T13:25:21.657742+00:00,2026-06-15T13:25:21.657742+00:00
SWP-46896449,SW-SAR-WITH-TROLLEY-SYSTEM-60860-949,LUNO SYSTEMS Airstar Lite Apparatus For Firefly,Sar With Trolley System,Safetyware catalog item from category 'Sar With Trolley System'. Source: https://safetyware.com/product/luno-systems-airstar-lite-apparatus-for-firefly/. Public catalog price was unavailable; unit_price is an estimated average for similar products in this category.,RM,331.94,197,unit,active,2026-06-15T13:25:21.657742+00:00,2026-06-15T13:25:21.657742+00:00
SWP-39257469,SW-SAR-WITH-TROLLEY-SYSTEM-60855-315,LUNO SYSTEMS Airstar Lite Harness,Sar With Trolley System,Safetyware catalog item from category 'Sar With Trolley System'. Source: https://safetyware.com/product/luno-systems-airstar-lite-harness/. Public catalog price was unavailable; unit_price is an estimated average for similar products in this category.,RM,375.72,393,unit,active,2026-06-15T13:25:21.657742+00:00,2026-06-15T13:25:21.657742+00:00
SWP-76626025,SW-SAR-WITH-TROLLEY-SYSTEM-60856-472,LUNO SYSTEMS Airstar Pro Harness,Sar With Trolley System,Safetyware catalog item from category 'Sar With Trolley System'. Source: https://safetyware.com/product/luno-systems-airstar-pro-harness/. Public catalog price was unavailable; unit_price is an estimated average for similar products in this category.,RM,181.81,8,unit,active,2026-06-15T13:25:21.657742+00:00,2026-06-15T13:25:21.657742+00:00
SWP-13086120,SW-SAR-WITH-TROLLEY-SYSTEM-60854-166,LUNO SYSTEMS Airtrack Portable Air Quality Monitoring System,Sar With Trolley System,Safetyware catalog item from category 'Sar With Trolley System'. Source: https://safetyware.com/product/luno-systems-airtrack-portable-air-quality-monitoring-system/. Public catalog price was unavailable; unit_price is an estimated average for similar products in this category.,RM,184.92,455,unit,active,2026-06-15T13:25:21.657742+00:00,2026-06-15T13:25:21.657742+00:00
SWP-86473329,SW-SAR-WITH-TROLLEY-SYSTEM-60863-475,"LUNO SYSTEMS ATS 1 Trolley (No Cylinder , No Hose)",Sar With Trolley System,Safetyware catalog item from category 'Sar With Trolley System'. Source: https://safetyware.com/product/luno-systems-ats-1-trolley-no-cylinder-no-hose/. Public catalog price was unavailable; unit_price is an estimated average for similar products in this category.,RM,425.97,318,unit,active,2026-06-15T13:25:21.657742+00:00,2026-06-15T13:25:21.657742+00:00
SWP-33100629,SW-SAR-WITH-TROLLEY-SYSTEM-60866-998,LUNO SYSTEMS Cay Socket & Plug CEJN (YPIECE),Sar With Trolley System,Safetyware catalog item from category 'Sar With Trolley System'. Source: https://safetyware.com/product/luno-systems-cay-socket-plug-cejn-ypiece/. Public catalog price was unavailable; unit_price is an estimated average for similar products in this category.,RM,190.70,244,pair,active,2026-06-15T13:25:21.657742+00:00,2026-06-15T13:25:21.657742+00:00
SWP-73262302,SW-SAR-WITH-TROLLEY-SYSTEM-60859-730,LUNO SYSTEMS Firefly Helmet Including Comms,Sar With Trolley System,Safetyware catalog item from category 'Sar With Trolley System'. Source: https://safetyware.com/product/luno-systems-firefly-helmet-including-comms/. Public catalog price was unavailable; unit_price is an estimated average for similar products in this category.,RM,73.57,369,unit,active,2026-06-15T13:25:21.657742+00:00,2026-06-15T13:25:21.657742+00:00
SWP-33213938,SW-SUPPORT-BELTS-13608-763,SAFETYWARE Standard Back Support Belt,Support Belts,Safetyware catalog item from category 'Support Belts'. Source: https://safetyware.com/product/safetyware-standard-back-support-belt/. Public catalog price was unavailable; unit_price is an estimated average for similar products in this category.,RM,269.51,169,unit,active,2026-06-15T13:25:21.657742+00:00,2026-06-15T13:25:21.657742+00:00
SWP-69791968,SW-SUPPORT-BELTS-13630-971,SAFETYWARE Premium Back Support Belt with Reflective,Support Belts,Safetyware catalog item from category 'Support Belts'. Source: https://safetyware.com/product/safetyware-premium-back-support-belt/. Public catalog price was unavailable; unit_price is an estimated average for similar products in this category.,RM,416.61,15,unit,active,2026-06-15T13:25:21.657742+00:00,2026-06-15T13:25:21.657742+00:00
SWP-63878485,SW-SUPPORT-BELTS-13765-538,PORTWEST PW82 Back Posture Correction Belt,Support Belts,Safetyware catalog item from category 'Support Belts'. Source: https://safetyware.com/product/portwest-pw82-back-posture-correction-belt/. Public catalog price was unavailable; unit_price is an estimated average for similar products in this category.,RM,201.30,270,unit,active,2026-06-15T13:25:21.657742+00:00,2026-06-15T13:25:21.657742+00:00
SWP-55492627,SW-TEMPORARY-HORIZONTAL-ANC-7433-889,KSTRONG 2 Man Temporary Horizontal Rope Anchorage Line,Temporary Horizontal Anchorage Line,Safetyware catalog item from category 'Temporary Horizontal Anchorage Line'. Source: https://safetyware.com/product/kstrong-2-man-temporary-horizontal-rope-anchorage-line/. Public catalog price was unavailable; unit_price is an estimated average for similar products in this category.,RM,174.12,466,unit,active,2026-06-15T13:25:21.657742+00:00,2026-06-15T13:25:21.657742+00:00
SWP-54866521,SW-TEMPORARY-HORIZONTAL-ANC-7427-668,KSTRONG 4 Man Temporary Horizontal Rope Anchorage Line,Temporary Horizontal Anchorage Line,Safetyware catalog item from category 'Temporary Horizontal Anchorage Line'. Source: https://safetyware.com/product/kstrong-4-man-temporary-horizontal-rope-anchorage-line/. Public catalog price was unavailable; unit_price is an estimated average for similar products in this category.,RM,421.04,254,unit,active,2026-06-15T13:25:21.657742+00:00,2026-06-15T13:25:21.657742+00:00
SWP-56608418,SW-TEMPORARY-HORIZONTAL-ANC-7439-558,KSTRONG Handy Line Temporary Horizontal Lifeline,Temporary Horizontal Anchorage Line,Safetyware catalog item from category 'Temporary Horizontal Anchorage Line'. Source: https://safetyware.com/product/kstrong-handy-line-temporary-horizontal-lifeline/. Public catalog price was unavailable; unit_price is an estimated average for similar products in this category.,RM,266.02,24,unit,active,2026-06-15T13:25:21.657742+00:00,2026-06-15T13:25:21.657742+00:00
SWP-94434713,SW-TEMPORARY-HORIZONTAL-ANC-7421-687,KSTRONG Temporary Horizontal Webbing Anchorage Line,Temporary Horizontal Anchorage Line,Safetyware catalog item from category 'Temporary Horizontal Anchorage Line'. Source: https://safetyware.com/product/kstrong-temporary-horizontal-webbing-anchorage-line/. Public catalog price was unavailable; unit_price is an estimated average for similar products in this category.,RM,375.52,348,unit,active,2026-06-15T13:25:21.657742+00:00,2026-06-15T13:25:21.657742+00:00
SWP-58844873,SW-TRAFFIC-BARRIERS-49026-279,SAFETYWARE Yellow Plastic Chain,Traffic Barriers,Safetyware catalog item from category 'Traffic Barriers'. Source: https://safetyware.com/product/safetyware-yellow-plastic-chain/. Public catalog price was unavailable; unit_price is an estimated average for similar products in this category.,RM,226.41,62,unit,active,2026-06-15T13:25:21.657742+00:00,2026-06-15T13:25:21.657742+00:00
SWP-99116547,SW-TRAFFIC-BARRIERS-49827-531,PROGUARD Non-Printed Barrier Tapes,Traffic Barriers,Safetyware catalog item from category 'Traffic Barriers'. Source: https://safetyware.com/product/proguard-non-printed-barrier-tapes/. Public catalog price was unavailable; unit_price is an estimated average for similar products in this category.,RM,199.88,397,unit,active,2026-06-15T13:25:21.657742+00:00,2026-06-15T13:25:21.657742+00:00
SWP-36374144,SW-TRAFFIC-BARRIERS-49782-795,PROGUARD Printed Barrier Tape,Traffic Barriers,Safetyware catalog item from category 'Traffic Barriers'. Source: https://safetyware.com/product/proguard-printed-barrier-tape/. Public catalog price was unavailable; unit_price is an estimated average for similar products in this category.,RM,92.74,367,unit,active,2026-06-15T13:25:21.657742+00:00,2026-06-15T13:25:21.657742+00:00
SWP-81751382,SW-TRAFFIC-BARRIERS-49803-156,SAFETYWARE Printed Barrier Tapes,Traffic Barriers,Safetyware catalog item from category 'Traffic Barriers'. Source: https://safetyware.com/product/printed-barrier-tapes/. Public catalog price was unavailable; unit_price is an estimated average for similar products in this category.,RM,347.71,189,unit,active,2026-06-15T13:25:21.657742+00:00,2026-06-15T13:25:21.657742+00:00
SWP-38620234,SW-TRAFFIC-BARRIERS-49064-932,SAFETYWARE Plastic Expandable Barrier,Traffic Barriers,Safetyware catalog item from category 'Traffic Barriers'. Source: https://safetyware.com/product/safetyware-plastic-expandable-barrier-2/. Public catalog price was unavailable; unit_price is an estimated average for similar products in this category.,RM,417.94,399,unit,active,2026-06-15T13:25:21.657742+00:00,2026-06-15T13:25:21.657742+00:00
SWP-48121662,SW-TRAFFIC-BARRIERS-49330-298,SAFETYWARE Red Plastic Expandable Barrier,Traffic Barriers,Safetyware catalog item from category 'Traffic Barriers'. Source: https://safetyware.com/product/safetyware-plastic-expandable-barrier-copy/. Public catalog price was unavailable; unit_price is an estimated average for similar products in this category.,RM,121.67,57,unit,active,2026-06-15T13:25:21.657742+00:00,2026-06-15T13:25:21.657742+00:00
SWP-32842087,SW-TRAFFIC-BARRIERS-49331-501,SAFETYWARE Metal Expendable Barrier,Traffic Barriers,Safetyware catalog item from category 'Traffic Barriers'. Source: https://safetyware.com/product/safetyware-metal-expendable-barrier/. Public catalog price was unavailable; unit_price is an estimated average for similar products in this category.,RM,344.92,34,unit,active,2026-06-15T13:25:21.657742+00:00,2026-06-15T13:25:21.657742+00:00
SWP-88821693,SW-TRAFFIC-BARRIERS-32156-648,SAFETYWARE Plastic Chain,Traffic Barriers,Safetyware catalog item from category 'Traffic Barriers'. Source: https://safetyware.com/product/safetyware-plastic-chain/. Public catalog price was unavailable; unit_price is an estimated average for similar products in this category.,RM,331.91,303,unit,active,2026-06-15T13:25:21.657742+00:00,2026-06-15T13:25:21.657742+00:00
SWP-14645139,SW-TRAFFIC-BARRIERS-49518-107,SAFETYWARE 2.4 Meters Retractable Connecting Rod,Traffic Barriers,Safetyware catalog item from category 'Traffic Barriers'. Source: https://safetyware.com/product/safetyware-retractable-connecting-rod-2/. Public catalog price was unavailable; unit_price is an estimated average for similar products in this category.,RM,537.84,91,unit,active,2026-06-15T13:25:21.657742+00:00,2026-06-15T13:25:21.657742+00:00
SWP-98701751,SW-TRAFFIC-BARRIERS-49056-382,SAFETYWARE 3 Meters Retractable Connecting Rod,Traffic Barriers,Safetyware catalog item from category 'Traffic Barriers'. Source: https://safetyware.com/product/safetyware-retractable-connecting-rod/. Public catalog price was unavailable; unit_price is an estimated average for similar products in this category.,RM,564.77,319,unit,active,2026-06-15T13:25:21.657742+00:00,2026-06-15T13:25:21.657742+00:00
SWP-55769574,SW-TRAFFIC-CONES-30993-815,SAFETYWARE 18” PE with Rubber Base Traffic Cone,Traffic Cones,Safetyware catalog item from category 'Traffic Cones'. Source: https://safetyware.com/product/safetyware-18-pe-with-rubber-base-traffic-cone/. Public catalog price was unavailable; unit_price is an estimated average for similar products in this category.,RM,308.09,489,unit,active,2026-06-15T13:25:21.657742+00:00,2026-06-15T13:25:21.657742+00:00
SWP-12272886,SW-TRAFFIC-CONES-31011-554,SAFETYWARE 18” PE with Fluorescent tape Sand Base Traffic Cone,Traffic Cones,Safetyware catalog item from category 'Traffic Cones'. Source: https://safetyware.com/product/safetyware-18-pe-with-fluorescent-tape-sand-base-traffic-cone/. Public catalog price was unavailable; unit_price is an estimated average for similar products in this category.,RM,85.51,301,unit,active,2026-06-15T13:25:21.657742+00:00,2026-06-15T13:25:21.657742+00:00
SWP-60475637,SW-TRAFFIC-CONES-31020-778,SAFETYWARE 18” Soft PVC Traffic Cone,Traffic Cones,Safetyware catalog item from category 'Traffic Cones'. Source: https://safetyware.com/product/safetyware-18-soft-pvc-traffic-cone/. Public catalog price was unavailable; unit_price is an estimated average for similar products in this category.,RM,415.20,216,unit,active,2026-06-15T13:25:21.657742+00:00,2026-06-15T13:25:21.657742+00:00
SWP-11073990,SW-TRAFFIC-CONES-32135-964,SAFETYWARE 18″ Retractable Traffic Cone,Traffic Cones,Safetyware catalog item from category 'Traffic Cones'. Source: https://safetyware.com/product/safetyware-18-retractable-traffic-cone/. Public catalog price was unavailable; unit_price is an estimated average for similar products in this category.,RM,455.42,200,unit,active,2026-06-15T13:25:21.657742+00:00,2026-06-15T13:25:21.657742+00:00
SWP-60293734,SW-TRAFFIC-CONES-49127-739,SAFETYWARE 28” Soft PVC Traffic Cone,Traffic Cones,Safetyware catalog item from category 'Traffic Cones'. Source: https://safetyware.com/product/safetyware-soft-pvc-traffic-cone-28/. Public catalog price was unavailable; unit_price is an estimated average for similar products in this category.,RM,222.69,390,unit,active,2026-06-15T13:25:21.657742+00:00,2026-06-15T13:25:21.657742+00:00
SWP-68227812,SW-TRAFFIC-CONES-49250-135,SAFETYWARE 28″ Retractable Traffic Cone,Traffic Cones,Safetyware catalog item from category 'Traffic Cones'. Source: https://safetyware.com/product/safetyware-28-retractable-traffic-cone/. Public catalog price was unavailable; unit_price is an estimated average for similar products in this category.,RM,89.60,120,unit,active,2026-06-15T13:25:21.657742+00:00,2026-06-15T13:25:21.657742+00:00
SWP-78615535,SW-TRAFFIC-CONES-49205-230,SAFETYWARE 30” PE with Rubber Base Traffic Cone,Traffic Cones,Safetyware catalog item from category 'Traffic Cones'. Source: https://safetyware.com/product/safetyware-30-pe-with-rubber-base-traffic-cone/. Public catalog price was unavailable; unit_price is an estimated average for similar products in this category.,RM,453.05,213,unit,active,2026-06-15T13:25:21.657742+00:00,2026-06-15T13:25:21.657742+00:00
SWP-18988538,SW-TRAFFIC-CONES-49133-754,SAFETYWARE 30” PE with Sand Base Traffic Cone,Traffic Cones,Safetyware catalog item from category 'Traffic Cones'. Source: https://safetyware.com/product/safetyware-pe-with-sand-base-traffic-cone-30/. Public catalog price was unavailable; unit_price is an estimated average for similar products in this category.,RM,568.65,91,unit,active,2026-06-15T13:25:21.657742+00:00,2026-06-15T13:25:21.657742+00:00
SWP-82441136,SW-TRAFFIC-CONES-49207-760,SAFETYWARE 35” Soft PVC Traffic Cone,Traffic Cones,Safetyware catalog item from category 'Traffic Cones'. Source: https://safetyware.com/product/safetyware-soft-pvc-traffic-cone-35/. Public catalog price was unavailable; unit_price is an estimated average for similar products in this category.,RM,306.26,227,unit,active,2026-06-15T13:25:21.657742+00:00,2026-06-15T13:25:21.657742+00:00
SWP-53701121,SW-TRAFFIC-CONES-49208-518,SAFETYWARE 39” PE with Rubber Base Traffic Cone,Traffic Cones,Safetyware catalog item from category 'Traffic Cones'. Source: https://safetyware.com/product/safetyware-39-pe-with-rubber-base-traffic-cone/. Public catalog price was unavailable; unit_price is an estimated average for similar products in this category.,RM,145.01,366,unit,active,2026-06-15T13:25:21.657742+00:00,2026-06-15T13:25:21.657742+00:00
SWP-35922193,SW-TRAINING-ROOM-RENTAL-21869-526,Safetyware Academy Training Room Rental – Package A (Hourly Rate),Training Room Rental,Safetyware catalog item from category 'Training Room Rental'. Source: https://safetyware.com/product/training-room-rental-package-a/. Public catalog price was unavailable; unit_price is an estimated average for similar products in this category.,RM,1837.10,150,service,active,2026-06-15T13:25:21.657742+00:00,2026-06-15T13:25:21.657742+00:00
SWP-51742876,SW-TRAINING-ROOM-RENTAL-34930-596,Safetyware Academy Training Room Rental – Package B (Half Day Rate),Training Room Rental,Safetyware catalog item from category 'Training Room Rental'. Source: https://safetyware.com/product/training-room-rental-package-b/. Public catalog price was unavailable; unit_price is an estimated average for similar products in this category.,RM,897.30,149,service,active,2026-06-15T13:25:21.657742+00:00,2026-06-15T13:25:21.657742+00:00
SWP-60314532,SW-TRAINING-ROOM-RENTAL-34937-671,Safetyware Academy Training Room Rental – Package C (Full Day Rate),Training Room Rental,Safetyware catalog item from category 'Training Room Rental'. Source: https://safetyware.com/product/safetyware-academy-training-room-rental-package-c-full-day-rate/. Public catalog price was unavailable; unit_price is an estimated average for similar products in this category.,RM,941.78,240,service,active,2026-06-15T13:25:21.657742+00:00,2026-06-15T13:25:21.657742+00:00
SWP-58390231,SW-TRAINING-ROOM-RENTAL-34945-468,Safetyware Academy Training Room Rental – Package D (Hourly Rate),Training Room Rental,Safetyware catalog item from category 'Training Room Rental'. Source: https://safetyware.com/product/safetyware-academy-training-room-rental-package-d-hourly-rate/. Public catalog price was unavailable; unit_price is an estimated average for similar products in this category.,RM,2204.73,486,service,active,2026-06-15T13:25:21.657742+00:00,2026-06-15T13:25:21.657742+00:00
SWP-56952459,SW-TRAINING-ROOM-RENTAL-34951-657,Safetyware Academy Training Room Rental – Package E (Half Day Rate),Training Room Rental,Safetyware catalog item from category 'Training Room Rental'. Source: https://safetyware.com/product/safetyware-academy-training-room-rental-package-e-half-day-rate-copy/. Public catalog price was unavailable; unit_price is an estimated average for similar products in this category.,RM,1101.19,238,service,active,2026-06-15T13:25:21.657742+00:00,2026-06-15T13:25:21.657742+00:00
SWP-68777145,SW-TRAINING-ROOM-RENTAL-34974-692,Safetyware Academy Training Room Rental – Package F (Full Day Rate),Training Room Rental,Safetyware catalog item from category 'Training Room Rental'. Source: https://safetyware.com/product/safetyware-academy-training-room-rental-package-f-full-day-rate/. Public catalog price was unavailable; unit_price is an estimated average for similar products in this category.,RM,1665.05,291,service,active,2026-06-15T13:25:21.657742+00:00,2026-06-15T13:25:21.657742+00:00
SWP-35175708,SW-TRAINING-ROOM-RENTAL-35833-254,Training Meals Package,Training Room Rental,Safetyware catalog item from category 'Training Room Rental'. Source: https://safetyware.com/product/training-meals-package/. Public catalog price was unavailable; unit_price is an estimated average for similar products in this category.,RM,1699.97,478,service,active,2026-06-15T13:25:21.657742+00:00,2026-06-15T13:25:21.657742+00:00
SWP-84995150,SW-VALVE-LOCKOUTS-27709-690,SAFETYWARE Adjustable Ball Valve Lockout,Valve Lockouts,Safetyware catalog item from category 'Valve Lockouts'. Source: https://safetyware.com/product/safetyware-adjustable-ball-valve-lockout/. Public catalog price was unavailable; unit_price is an estimated average for similar products in this category.,RM,60.47,381,unit,active,2026-06-15T13:25:21.657742+00:00,2026-06-15T13:25:21.657742+00:00
SWP-96118854,SW-VALVE-LOCKOUTS-27727-928,SAFETYWARE Butterfly Valve,Valve Lockouts,Safetyware catalog item from category 'Valve Lockouts'. Source: https://safetyware.com/product/safetyware-butterfly-valve/. Public catalog price was unavailable; unit_price is an estimated average for similar products in this category.,RM,482.76,333,unit,active,2026-06-15T13:25:21.657742+00:00,2026-06-15T13:25:21.657742+00:00
SWP-43663963,SW-VALVE-LOCKOUTS-50322-817,SAFETYWARE Gate Valve Lockout,Valve Lockouts,Safetyware catalog item from category 'Valve Lockouts'. Source: https://safetyware.com/product/safetyware-gate-valve-lockout-3/. Public catalog price was unavailable; unit_price is an estimated average for similar products in this category.,RM,372.41,14,unit,active,2026-06-15T13:25:21.657742+00:00,2026-06-15T13:25:21.657742+00:00
SWP-79123747,SW-VALVE-LOCKOUTS-22913-586,SAFETYWARE Gate Valve Lockout,Valve Lockouts,Safetyware catalog item from category 'Valve Lockouts'. Source: https://safetyware.com/product/safetyware-gate-valve-lockout/. Public catalog price was unavailable; unit_price is an estimated average for similar products in this category.,RM,430.19,218,unit,active,2026-06-15T13:25:21.657742+00:00,2026-06-15T13:25:21.657742+00:00
SWP-70178712,SW-VALVE-LOCKOUTS-41472-128,SAFETYWARE Gate Valve Lockout,Valve Lockouts,Safetyware catalog item from category 'Valve Lockouts'. Source: https://safetyware.com/product/safetyware-gate-valve-lockout-2/. Public catalog price was unavailable; unit_price is an estimated average for similar products in this category.,RM,460.93,366,unit,active,2026-06-15T13:25:21.657742+00:00,2026-06-15T13:25:21.657742+00:00
SWP-64225248,SW-VALVE-LOCKOUTS-41473-637,SAFETYWARE Plug Valve Lockout,Valve Lockouts,Safetyware catalog item from category 'Valve Lockouts'. Source: https://safetyware.com/product/safetyware-plug-valve-lockout/. Public catalog price was unavailable; unit_price is an estimated average for similar products in this category.,RM,128.53,250,unit,active,2026-06-15T13:25:21.657742+00:00,2026-06-15T13:25:21.657742+00:00
SWP-26281145,SW-VALVE-LOCKOUTS-27718-238,SAFETYWARE Standard Ball Valve Lockout (0.25″ – 1″),Valve Lockouts,Safetyware catalog item from category 'Valve Lockouts'. Source: https://safetyware.com/product/safetyware-standard-ball-valve-lockout-0-25%e2%80%b3-1%e2%80%b3/. Public catalog price was unavailable; unit_price is an estimated average for similar products in this category.,RM,257.32,216,unit,active,2026-06-15T13:25:21.657742+00:00,2026-06-15T13:25:21.657742+00:00
SWP-95185098,SW-VALVE-LOCKOUTS-27726-146,SAFETYWARE Standard Ball Valve Lockout (1.5″ – 3″),Valve Lockouts,Safetyware catalog item from category 'Valve Lockouts'. Source: https://safetyware.com/product/safetyware-standard-ball-valve-lockout-1-5%e2%80%b3-3%e2%80%b3/. Public catalog price was unavailable; unit_price is an estimated average for similar products in this category.,RM,77.30,469,unit,active,2026-06-15T13:25:21.657742+00:00,2026-06-15T13:25:21.657742+00:00
SWP-30903310,SW-VALVE-LOCKOUTS-41485-955,SAFETYWARE Universal Valve Lockout,Valve Lockouts,Safetyware catalog item from category 'Valve Lockouts'. Source: https://safetyware.com/product/safetyware-universal-valve-lockout/. Public catalog price was unavailable; unit_price is an estimated average for similar products in this category.,RM,382.00,94,unit,active,2026-06-15T13:25:21.657742+00:00,2026-06-15T13:25:21.657742+00:00
SWP-40963405,SW-VALVE-LOCKOUTS-41486-953,SAFETYWARE Universal Valve Lockout,Valve Lockouts,Safetyware catalog item from category 'Valve Lockouts'. Source: https://safetyware.com/product/safetyware-universal-valve-lockout-2/. Public catalog price was unavailable; unit_price is an estimated average for similar products in this category.,RM,241.53,45,unit,active,2026-06-15T13:25:21.657742+00:00,2026-06-15T13:25:21.657742+00:00
SWP-71906799,SW-VOLTAGE-DETECTORS-27539-431,CATU Distance live-line alarm,Voltage Detectors,Safetyware catalog item from category 'Voltage Detectors'. Source: https://safetyware.com/product/catu-distance-live-line-alarm/. Public catalog price was unavailable; unit_price is an estimated average for similar products in this category.,RM,2923.31,371,unit,active,2026-06-15T13:25:21.657742+00:00,2026-06-15T13:25:21.657742+00:00
SWP-35008377,SW-VOLTAGE-DETECTORS-27591-260,CATU Low Voltage detector DETEX,Voltage Detectors,Safetyware catalog item from category 'Voltage Detectors'. Source: https://safetyware.com/product/catu-low-voltage-detector-detex/. Public catalog price was unavailable; unit_price is an estimated average for similar products in this category.,RM,1976.33,264,unit,active,2026-06-15T13:25:21.657742+00:00,2026-06-15T13:25:21.657742+00:00
SWP-32783027,SW-VOLTAGE-DETECTORS-27555-878,CATU Non contact voltage detector 11 kV to 66 kV,Voltage Detectors,Safetyware catalog item from category 'Voltage Detectors'. Source: https://safetyware.com/product/catu-non-contact-voltage-detector-11-kv-to-66-kv/. Public catalog price was unavailable; unit_price is an estimated average for similar products in this category.,RM,818.04,293,unit,active,2026-06-15T13:25:21.657742+00:00,2026-06-15T13:25:21.657742+00:00
SWP-55264969,SW-VOLTAGE-DETECTORS-27594-341,CATU Voltage detector 12 to 690 V AC with phase rotation,Voltage Detectors,Safetyware catalog item from category 'Voltage Detectors'. Source: https://safetyware.com/product/catu-voltage-detector-12-to-690-v-ac-with-phase-rotation/. Public catalog price was unavailable; unit_price is an estimated average for similar products in this category.,RM,3266.22,19,unit,active,2026-06-15T13:25:21.657742+00:00,2026-06-15T13:25:21.657742+00:00
SWP-74285703,SW-VOLTAGE-DETECTORS-27540-949,CATU Voltage detector 44-132 kV,Voltage Detectors,Safetyware catalog item from category 'Voltage Detectors'. Source: https://safetyware.com/product/catu-voltage-detector-44-132-kv/. Public catalog price was unavailable; unit_price is an estimated average for similar products in this category.,RM,2895.11,90,unit,active,2026-06-15T13:25:21.657742+00:00,2026-06-15T13:25:21.657742+00:00
SWP-60918361,SW-VOLTAGE-DETECTORS-27552-261,CATU Voltage detector for MV substation 10-30 kV with telescopic stick,Voltage Detectors,Safetyware catalog item from category 'Voltage Detectors'. Source: https://safetyware.com/product/catu-voltage-detector-for-mv-substation-10-30-kv-with-telescopic-stick/. Public catalog price was unavailable; unit_price is an estimated average for similar products in this category.,RM,2839.23,500,unit,active,2026-06-15T13:25:21.657742+00:00,2026-06-15T13:25:21.657742+00:00
SWP-70386325,SW-WARNING-SIGNS-LANDSCAPE-68090-818,QUICKSIGN Warning Sign – WD001 CAUTION Dangerous chemicals,Warning Signs Landscape,Safetyware catalog item from category 'Warning Signs Landscape'. Source: https://safetyware.com/product/quicksign-warning-sign-wd001-caution-dangerous-chemicals/. Public catalog price was unavailable; unit_price is an estimated average for similar products in this category.,RM,21.93,172,pack,active,2026-06-15T13:25:21.657742+00:00,2026-06-15T13:25:21.657742+00:00
SWP-37302639,SW-WARNING-SIGNS-LANDSCAPE-68096-265,QUICKSIGN Warning Sign – WD002 DANGER Non-ionizing radiation,Warning Signs Landscape,Safetyware catalog item from category 'Warning Signs Landscape'. Source: https://safetyware.com/product/quicksign-warning-sign-wd002-danger-non-ionizing-radiation/. Public catalog price was unavailable; unit_price is an estimated average for similar products in this category.,RM,53.05,181,pack,active,2026-06-15T13:25:21.657742+00:00,2026-06-15T13:25:21.657742+00:00
SWP-24613305,SW-WARNING-SIGNS-LANDSCAPE-68097-508,QUICKSIGN Warning Sign – WD003 CAUTION Harmful or Intent Material,Warning Signs Landscape,Safetyware catalog item from category 'Warning Signs Landscape'. Source: https://safetyware.com/product/quicksign-warning-sign-wd003-caution-harmful-or-intent-material/. Public catalog price was unavailable; unit_price is an estimated average for similar products in this category.,RM,45.04,188,pack,active,2026-06-15T13:25:21.657742+00:00,2026-06-15T13:25:21.657742+00:00
SWP-72882203,SW-WARNING-SIGNS-LANDSCAPE-68107-802,QUICKSIGN Warning Sign – WD004 Bio Hazard,Warning Signs Landscape,Safetyware catalog item from category 'Warning Signs Landscape'. Source: https://safetyware.com/product/quicksign-warning-sign-wd004-bio-hazard/. Public catalog price was unavailable; unit_price is an estimated average for similar products in this category.,RM,42.23,487,pack,active,2026-06-15T13:25:21.657742+00:00,2026-06-15T13:25:21.657742+00:00
SWP-23661381,SW-WARNING-SIGNS-LANDSCAPE-68124-515,QUICKSIGN Warning Sign – WD005 DANGER Laser Hazard,Warning Signs Landscape,Safetyware catalog item from category 'Warning Signs Landscape'. Source: https://safetyware.com/product/quicksign-warning-sign-wd005-danger-laser-hazard/. Public catalog price was unavailable; unit_price is an estimated average for similar products in this category.,RM,45.03,258,pack,active,2026-06-15T13:25:21.657742+00:00,2026-06-15T13:25:21.657742+00:00
SWP-92675280,SW-WARNING-SIGNS-LANDSCAPE-68130-667,QUICKSIGN Warning Sign – WD006 DANGER Strong Magnetic Field,Warning Signs Landscape,Safetyware catalog item from category 'Warning Signs Landscape'. Source: https://safetyware.com/product/quicksign-warning-sign-wd006-danger-strong-magnetic-field/. Public catalog price was unavailable; unit_price is an estimated average for similar products in this category.,RM,23.22,370,pack,active,2026-06-15T13:25:21.657742+00:00,2026-06-15T13:25:21.657742+00:00
SWP-90590235,SW-WARNING-SIGNS-LANDSCAPE-68131-828,QUICKSIGN Warning Sign – WD007 DANGER Compressed Gas Cylinder,Warning Signs Landscape,Safetyware catalog item from category 'Warning Signs Landscape'. Source: https://safetyware.com/product/quicksign-warning-sign-wd007-danger-compressed-gas-cylinder/. Public catalog price was unavailable; unit_price is an estimated average for similar products in this category.,RM,12.67,483,pack,active,2026-06-15T13:25:21.657742+00:00,2026-06-15T13:25:21.657742+00:00
SWP-48358447,SW-WARNING-SIGNS-LANDSCAPE-68149-595,QUICKSIGN Warning Sign – WD008 DANGER Highly Flammable,Warning Signs Landscape,Safetyware catalog item from category 'Warning Signs Landscape'. Source: https://safetyware.com/product/quicksign-warning-sign-wd008-danger-highly-flammable/. Public catalog price was unavailable; unit_price is an estimated average for similar products in this category.,RM,21.93,277,pack,active,2026-06-15T13:25:21.657742+00:00,2026-06-15T13:25:21.657742+00:00
SWP-84806552,SW-WARNING-SIGNS-LANDSCAPE-68150-419,QUICKSIGN Warning Sign – WD009 DANGER Low Temperature,Warning Signs Landscape,Safetyware catalog item from category 'Warning Signs Landscape'. Source: https://safetyware.com/product/quicksign-warning-sign-wd009-danger-low-temperature/. Public catalog price was unavailable; unit_price is an estimated average for similar products in this category.,RM,23.02,392,pack,active,2026-06-15T13:25:21.657742+00:00,2026-06-15T13:25:21.657742+00:00
SWP-77453626,SW-WARNING-SIGNS-LANDSCAPE-68160-893,QUICKSIGN Warning Sign – WD010 DANGER Acid,Warning Signs Landscape,Safetyware catalog item from category 'Warning Signs Landscape'. Source: https://safetyware.com/product/quicksign-warning-sign-wd010-danger-acid/. Public catalog price was unavailable; unit_price is an estimated average for similar products in this category.,RM,19.50,407,pack,active,2026-06-15T13:25:21.657742+00:00,2026-06-15T13:25:21.657742+00:00
SWP-51766172,SW-WARNING-SIGNS-PORTRAIT-68445-582,QUICKSIGN Warning Sign – WS001 Poison,Warning Signs Portrait,Safetyware catalog item from category 'Warning Signs Portrait'. Source: https://safetyware.com/product/quicksign-warning-sign-ws001-poison/. Public catalog price was unavailable; unit_price is an estimated average for similar products in this category.,RM,47.34,51,pack,active,2026-06-15T13:25:21.657742+00:00,2026-06-15T13:25:21.657742+00:00
SWP-41648454,SW-WARNING-SIGNS-PORTRAIT-68446-311,QUICKSIGN Warning Sign – WS002 CAUTION Dangerous Chemicals,Warning Signs Portrait,Safetyware catalog item from category 'Warning Signs Portrait'. Source: https://safetyware.com/product/quicksign-warning-sign-ws002-caution-dangerous-chemicals/. Public catalog price was unavailable; unit_price is an estimated average for similar products in this category.,RM,50.65,101,pack,active,2026-06-15T13:25:21.657742+00:00,2026-06-15T13:25:21.657742+00:00
SWP-59363973,SW-WARNING-SIGNS-PORTRAIT-68466-374,QUICKSIGN Warning Sign – WS003 Chlorine Gas,Warning Signs Portrait,Safetyware catalog item from category 'Warning Signs Portrait'. Source: https://safetyware.com/product/quicksign-warning-sign-ws003-chlorine-gas/. Public catalog price was unavailable; unit_price is an estimated average for similar products in this category.,RM,46.06,405,pack,active,2026-06-15T13:25:21.657742+00:00,2026-06-15T13:25:21.657742+00:00
SWP-40749766,SW-WARNING-SIGNS-PORTRAIT-69230-351,QUICKSIGN Warning Sign – WS004 Chlorine Water,Warning Signs Portrait,Safetyware catalog item from category 'Warning Signs Portrait'. Source: https://safetyware.com/product/quicksign-warning-sign-ws004-chlorine-water/. Public catalog price was unavailable; unit_price is an estimated average for similar products in this category.,RM,22.44,157,pack,active,2026-06-15T13:25:21.657742+00:00,2026-06-15T13:25:21.657742+00:00
SWP-32305810,SW-WARNING-SIGNS-PORTRAIT-69257-524,QUICKSIGN Warning Sign – WS005 Danger Radiation Risk,Warning Signs Portrait,Safetyware catalog item from category 'Warning Signs Portrait'. Source: https://safetyware.com/product/quicksign-warning-sign-ws005-danger-radiation-risk/. Public catalog price was unavailable; unit_price is an estimated average for similar products in this category.,RM,20.75,461,pack,active,2026-06-15T13:25:21.657742+00:00,2026-06-15T13:25:21.657742+00:00
SWP-46242420,SW-WARNING-SIGNS-PORTRAIT-69258-164,QUICKSIGN Warning Sign – WS006 Danger Non-Ionizing Radiation,Warning Signs Portrait,Safetyware catalog item from category 'Warning Signs Portrait'. Source: https://safetyware.com/product/quicksign-warning-sign-ws006-danger-non-ionizing-radiation/. Public catalog price was unavailable; unit_price is an estimated average for similar products in this category.,RM,43.10,31,pack,active,2026-06-15T13:25:21.657742+00:00,2026-06-15T13:25:21.657742+00:00
SWP-68566323,SW-WARNING-SIGNS-PORTRAIT-69397-989,QUICKSIGN Warning Sign – WS007 Caution Harmful or Intent Material,Warning Signs Portrait,Safetyware catalog item from category 'Warning Signs Portrait'. Source: https://safetyware.com/product/quicksign-warning-sign-ws007-caution-harmful-or-intent-material/. Public catalog price was unavailable; unit_price is an estimated average for similar products in this category.,RM,16.36,110,pack,active,2026-06-15T13:25:21.657742+00:00,2026-06-15T13:25:21.657742+00:00
SWP-16164975,SW-WARNING-SIGNS-PORTRAIT-16279-246,QUICKSIGN Warning Sign – WS008 Bio Hazard,Warning Signs Portrait,Safetyware catalog item from category 'Warning Signs Portrait'. Source: https://safetyware.com/product/quicksign-warning-sign-ws008-bio-hazard/. Public catalog price was unavailable; unit_price is an estimated average for similar products in this category.,RM,27.03,72,pack,active,2026-06-15T13:25:21.657742+00:00,2026-06-15T13:25:21.657742+00:00
SWP-33303872,SW-WARNING-SIGNS-PORTRAIT-69410-284,QUICKSIGN Warning Sign – WS008 Bio Hazard,Warning Signs Portrait,Safetyware catalog item from category 'Warning Signs Portrait'. Source: https://safetyware.com/product/quicksign-warning-sign-ws008-bio-hazard-2/. Public catalog price was unavailable; unit_price is an estimated average for similar products in this category.,RM,45.71,396,pack,active,2026-06-15T13:25:21.657742+00:00,2026-06-15T13:25:21.657742+00:00
SWP-35608473,SW-WARNING-SIGNS-PORTRAIT-69453-128,QUICKSIGN Warning Sign – WS009 Danger Laser Hazard,Warning Signs Portrait,Safetyware catalog item from category 'Warning Signs Portrait'. Source: https://safetyware.com/product/quicksign-warning-sign-ws009-danger-laser-hazard/. Public catalog price was unavailable; unit_price is an estimated average for similar products in this category.,RM,46.40,139,pack,active,2026-06-15T13:25:21.657742+00:00,2026-06-15T13:25:21.657742+00:00
SWP-61540717,SW-WEARABLE-LIGHTING-SOLUTI-9652-773,BRIGHTSTAR Vision LED Headlamp,Wearable Lighting Solutions,Safetyware catalog item from category 'Wearable Lighting Solutions'. Source: https://safetyware.com/product/brightstar-vision-led-headlamp/. Public catalog price was unavailable; unit_price is an estimated average for similar products in this category.,RM,179.64,361,unit,active,2026-06-15T13:25:21.657742+00:00,2026-06-15T13:25:21.657742+00:00
SWP-21012844,SW-WEARABLE-LIGHTING-SOLUTI-9492-658,PORTWEST PA63 – Dual Power Head Light,Wearable Lighting Solutions,Safetyware catalog item from category 'Wearable Lighting Solutions'. Source: https://safetyware.com/product/portwest-pa63-dual-power-head-light/. Public catalog price was unavailable; unit_price is an estimated average for similar products in this category.,RM,114.60,134,unit,active,2026-06-15T13:25:21.657742+00:00,2026-06-15T13:25:21.657742+00:00
SWP-70043414,SW-WEARABLE-LIGHTING-SOLUTI-9493-654,PORTWEST PA74 – USB Rechargeable Multi-function LED Cap Light,Wearable Lighting Solutions,Safetyware catalog item from category 'Wearable Lighting Solutions'. Source: https://safetyware.com/product/portwest-pa74-usb-rechargeable-multi-function-led-cap-light/. Public catalog price was unavailable; unit_price is an estimated average for similar products in this category.,RM,377.12,68,unit,active,2026-06-15T13:25:21.657742+00:00,2026-06-15T13:25:21.657742+00:00
SWP-81181460,SW-WEARABLE-LIGHTING-SOLUTI-9494-651,PORTWEST PA73 – USB Rechargeable LED Neck Light,Wearable Lighting Solutions,Safetyware catalog item from category 'Wearable Lighting Solutions'. Source: https://safetyware.com/product/portwest-pa73-usb-rechargeable-led-neck-light/. Public catalog price was unavailable; unit_price is an estimated average for similar products in this category.,RM,196.03,309,unit,active,2026-06-15T13:25:21.657742+00:00,2026-06-15T13:25:21.657742+00:00
SWP-63756246,SW-WEARABLE-LIGHTING-SOLUTI-9495-219,PORTWEST HV05 – Illuminated Flashing Armband,Wearable Lighting Solutions,Safetyware catalog item from category 'Wearable Lighting Solutions'. Source: https://safetyware.com/product/portwest-hv05-illuminated-flashing-armband/. Public catalog price was unavailable; unit_price is an estimated average for similar products in this category.,RM,391.33,130,unit,active,2026-06-15T13:25:21.657742+00:00,2026-06-15T13:25:21.657742+00:00
SWP-46149494,SW-WEARABLE-LIGHTING-SOLUTI-56326-776,PORTWEST PA50 – LED Head Light,Wearable Lighting Solutions,Safetyware catalog item from category 'Wearable Lighting Solutions'. Source: https://safetyware.com/product/portwest-pa50-led-head-light/. Public catalog price was unavailable; unit_price is an estimated average for similar products in this category.,RM,363.64,490,unit,active,2026-06-15T13:25:21.657742+00:00,2026-06-15T13:25:21.657742+00:00
SWP-48642841,SW-WELDING-SCREEN-56710-652,WELDAS Welding Screens LAVA Shield,Welding Screen,Safetyware catalog item from category 'Welding Screen'. Source: https://safetyware.com/product/weldas-welding-screens-green-lava-shield/. Public catalog price was unavailable; unit_price is an estimated average for similar products in this category.,RM,215.51,226,unit,active,2026-06-15T13:25:21.657742+00:00,2026-06-15T13:25:21.657742+00:00
SWP-67013226,SW-WIND-SOCKS-49076-429,PROGUARD Replacement Wind Sock,Wind Socks,Safetyware catalog item from category 'Wind Socks'. Source: https://safetyware.com/product/proguard-replacement-wind-sock/. Public catalog price was unavailable; unit_price is an estimated average for similar products in this category.,RM,408.79,363,pair,active,2026-06-15T13:25:21.657742+00:00,2026-06-15T13:25:21.657742+00:00
SWP-52714860,SW-WIND-SOCKS-49247-286,PROGUARD Wind Sock (without Steel Ring),Wind Socks,Safetyware catalog item from category 'Wind Socks'. Source: https://safetyware.com/product/proguard-wind-sock-without-steel-ring/. Public catalog price was unavailable; unit_price is an estimated average for similar products in this category.,RM,377.13,339,pair,active,2026-06-15T13:25:21.657742+00:00,2026-06-15T13:25:21.657742+00:00
SWP-10220292,SW-WIND-SOCKS-49241-901,PROGUARD Wind Sock Orange,Wind Socks,Safetyware catalog item from category 'Wind Socks'. Source: https://safetyware.com/product/proguard-wind-sock/. Public catalog price was unavailable; unit_price is an estimated average for similar products in this category.,RM,439.71,23,pair,active,2026-06-15T13:25:21.657742+00:00,2026-06-15T13:25:21.657742+00:00
SWP-87904416,SW-WIND-SOCKS-49235-956,SAFETYWARE Windsock,Wind Socks,Safetyware catalog item from category 'Wind Socks'. Source: https://safetyware.com/product/safetyware-windsock/. Public catalog price was unavailable; unit_price is an estimated average for similar products in this category.,RM,470.98,241,pair,active,2026-06-15T13:25:21.657742+00:00,2026-06-15T13:25:21.657742+00:00
SWP-67174695,SW-WORKPLACE-SAFETY-TRAININ-19721-785,Chemical Management and Spill Control Training,Workplace Safety Training,Safetyware catalog item from category 'Workplace Safety Training'. Source: https://safetyware.com/product/chemical-management-and-spill-control-training/. Public catalog price was unavailable; unit_price is an estimated average for similar products in this category.,RM,834.78,66,service,active,2026-06-15T13:25:21.657742+00:00,2026-06-15T13:25:21.657742+00:00
SWP-50983485,SW-WORKPLACE-SAFETY-TRAININ-19730-251,Electrical Safety & Protection Training,Workplace Safety Training,Safetyware catalog item from category 'Workplace Safety Training'. Source: https://safetyware.com/product/electrical-safety-protection-training/. Public catalog price was unavailable; unit_price is an estimated average for similar products in this category.,RM,350.26,285,service,active,2026-06-15T13:25:21.657742+00:00,2026-06-15T13:25:21.657742+00:00
SWP-92372197,SW-WORKPLACE-SAFETY-TRAININ-19147-310,Fire Fighting Training (1 Day),Workplace Safety Training,Safetyware catalog item from category 'Workplace Safety Training'. Source: https://safetyware.com/product/fire-fighting-training-course-for-workplace-safety/. Public catalog price was unavailable; unit_price is an estimated average for similar products in this category.,RM,455.22,294,service,active,2026-06-15T13:25:21.657742+00:00,2026-06-15T13:25:21.657742+00:00
SWP-19281916,SW-WORKPLACE-SAFETY-TRAININ-19129-898,Forklift Safety Training,Workplace Safety Training,Safetyware catalog item from category 'Workplace Safety Training'. Source: https://safetyware.com/product/forklift-safety-training/. Public catalog price was unavailable; unit_price is an estimated average for similar products in this category.,RM,1349.87,139,service,active,2026-06-15T13:25:21.657742+00:00,2026-06-15T13:25:21.657742+00:00
SWP-40126810,SW-WORKPLACE-SAFETY-TRAININ-19149-237,HIRARC Training,Workplace Safety Training,Safetyware catalog item from category 'Workplace Safety Training'. Source: https://safetyware.com/product/hirarc-training/. Public catalog price was unavailable; unit_price is an estimated average for similar products in this category.,RM,2278.78,306,service,active,2026-06-15T13:25:21.657742+00:00,2026-06-15T13:25:21.657742+00:00
SWP-26994245,SW-WORKPLACE-SAFETY-TRAININ-19806-150,Incident & Accident Investigation Training,Workplace Safety Training,Safetyware catalog item from category 'Workplace Safety Training'. Source: https://safetyware.com/product/incident-accident-investigation-training/. Public catalog price was unavailable; unit_price is an estimated average for similar products in this category.,RM,1448.56,305,service,active,2026-06-15T13:25:21.657742+00:00,2026-06-15T13:25:21.657742+00:00
SWP-68112438,SW-WORKPLACE-SAFETY-TRAININ-19153-436,Lockout Tagout (LOTO) Training,Workplace Safety Training,Safetyware catalog item from category 'Workplace Safety Training'. Source: https://safetyware.com/product/lockout-tagout-loto-training/. Public catalog price was unavailable; unit_price is an estimated average for similar products in this category.,RM,564.49,177,service,active,2026-06-15T13:25:21.657742+00:00,2026-06-15T13:25:21.657742+00:00
SWP-69074053,SW-WORKPLACE-SAFETY-TRAININ-19760-439,Manual Handling & Warehouse Safety Training,Workplace Safety Training,Safetyware catalog item from category 'Workplace Safety Training'. Source: https://safetyware.com/product/manual-handling-warehouse-safety-training/. Public catalog price was unavailable; unit_price is an estimated average for similar products in this category.,RM,296.42,101,service,active,2026-06-15T13:25:21.657742+00:00,2026-06-15T13:25:21.657742+00:00
SWP-84567638,SW-WORKPLACE-SAFETY-TRAININ-19150-500,Occupational Safety and Health Committee Training,Workplace Safety Training,Safetyware catalog item from category 'Workplace Safety Training'. Source: https://safetyware.com/product/occupational-safety-and-health-committee-training/. Public catalog price was unavailable; unit_price is an estimated average for similar products in this category.,RM,694.67,42,service,active,2026-06-15T13:25:21.657742+00:00,2026-06-15T13:25:21.657742+00:00
SWP-51967381,SW-WORKPLACE-SAFETY-TRAININ-19152-701,PPE at Workplace Training,Workplace Safety Training,Safetyware catalog item from category 'Workplace Safety Training'. Source: https://safetyware.com/product/ppe-at-workplace-training/. Public catalog price was unavailable; unit_price is an estimated average for similar products in this category.,RM,828.60,290,service,active,2026-06-15T13:25:21.657742+00:00,2026-06-15T13:25:21.657742+00:00
